Command line invocation:
    /tmp/pdfreader-xcodebuild.p0gGik/xcodebuild -project PDFReader.xcodeproj -scheme PDFReader -derivedDataPath .build/xcode-derived -destination platform=macOS,arch=arm64 CODE_SIGNING_ALLOWED=NO -configuration Debug build

Build settings from command line:
    CODE_SIGNING_ALLOWED = NO

2026-07-22 13:27:17.220 xcodebuild[90296:280160817]  IDEDownloadableMetalToolchainCoordinator: Failed to remount the Metal Toolchain: No downloaded assets found: Failed querying assets for assetType (com.apple.MobileAsset.MetalToolchain), queryDict ({
}), installedOnly (1)
Resolve Package Graph


Resolved source packages:
  TOMLDecoder: https://github.com/dduan/TOMLDecoder.git @ 0.4.5

ComputePackagePrebuildTargetDependencyGraph

Prepare packages

CreateBuildRequest

SendProjectDescription

CreateBuildOperation

ComputeTargetDependencyGraph
note: Building targets in dependency order
note: Target dependency graph (4 targets)
    Target 'PDFReaderApp' in project 'PDFReader'
        ➜ Explicit dependency on target 'PDFReaderCore' in project 'PDFReader'
        ➜ Explicit dependency on target 'TOMLDecoder' in project 'TOMLDecoder'
    Target 'TOMLDecoder' in project 'TOMLDecoder'
        ➜ Explicit dependency on target 'TOMLDecoder' in project 'TOMLDecoder'
    Target 'TOMLDecoder' in project 'TOMLDecoder' (no dependencies)
    Target 'PDFReaderCore' in project 'PDFReader' (no dependencies)

GatherProvisioningInputs

CreateBuildDescription

ExecuteExternalTool /Applications/Xcode.app/Contents/Developer/Toolchains/XcodeDefault.xctoolchain/usr/bin/swiftc --version

ExecuteExternalTool /Applications/Xcode.app/Contents/Developer/Toolchains/XcodeDefault.xctoolchain/usr/bin/clang -v -E -dM -isysroot /Applications/Xcode.app/Contents/Developer/Platforms/MacOSX.platform/Developer/SDKs/MacOSX26.5.sdk -x c -c /dev/null

ExecuteExternalTool /Applications/Xcode.app/Contents/Developer/Toolchains/XcodeDefault.xctoolchain/usr/bin/ld -version_details

ReadFileContents /Applications/Xcode.app/Contents/Developer/Toolchains/XcodeDefault.xctoolchain/usr/share/docc/features.json

Build description signature: cd27f157bd08762e4a35867304feb9c0
Build description path: /Users/argus/Programming/pdf-reader/.build/xcode-derived/Build/Intermediates.noindex/XCBuildData/cd27f157bd08762e4a35867304feb9c0.xcbuilddata
ClangStatCache /Applications/Xcode.app/Contents/Developer/Toolchains/XcodeDefault.xctoolchain/usr/bin/clang-stat-cache /Applications/Xcode.app/Contents/Developer/Platforms/MacOSX.platform/Developer/SDKs/MacOSX26.5.sdk /Users/argus/Programming/pdf-reader/.build/xcode-derived/SDKStatCaches.noindex/macosx26.5-25F70-e082c4a02f00227109f4ed75e425c832.sdkstatcache
    cd /Users/argus/Programming/pdf-reader/PDFReader.xcodeproj
    /Applications/Xcode.app/Contents/Developer/Toolchains/XcodeDefault.xctoolchain/usr/bin/clang-stat-cache /Applications/Xcode.app/Contents/Developer/Platforms/MacOSX.platform/Developer/SDKs/MacOSX26.5.sdk -o /Users/argus/Programming/pdf-reader/.build/xcode-derived/SDKStatCaches.noindex/macosx26.5-25F70-e082c4a02f00227109f4ed75e425c832.sdkstatcache

CreateBuildDirectory /Users/argus/Programming/pdf-reader/.build/xcode-derived/Build/Products
    cd /Users/argus/Programming/pdf-reader/PDFReader.xcodeproj
    builtin-create-build-directory /Users/argus/Programming/pdf-reader/.build/xcode-derived/Build/Products

CreateBuildDirectory /Users/argus/Programming/pdf-reader/.build/xcode-derived/Build/Intermediates.noindex
    cd /Users/argus/Programming/pdf-reader/PDFReader.xcodeproj
    builtin-create-build-directory /Users/argus/Programming/pdf-reader/.build/xcode-derived/Build/Intermediates.noindex

CreateBuildDirectory /Users/argus/Programming/pdf-reader/.build/xcode-derived/Build/Intermediates.noindex/SwiftExplicitPrecompiledModules
    cd /Users/argus/Programming/pdf-reader/PDFReader.xcodeproj
    builtin-create-build-directory /Users/argus/Programming/pdf-reader/.build/xcode-derived/Build/Intermediates.noindex/SwiftExplicitPrecompiledModules

CreateBuildDirectory /Users/argus/Programming/pdf-reader/.build/xcode-derived/Build/Intermediates.noindex/ExplicitPrecompiledModules
    cd /Users/argus/Programming/pdf-reader/PDFReader.xcodeproj
    builtin-create-build-directory /Users/argus/Programming/pdf-reader/.build/xcode-derived/Build/Intermediates.noindex/ExplicitPrecompiledModules

CreateBuildDirectory /Users/argus/Programming/pdf-reader/.build/xcode-derived/Build/Products/Debug
    cd /Users/argus/Programming/pdf-reader/PDFReader.xcodeproj
    builtin-create-build-directory /Users/argus/Programming/pdf-reader/.build/xcode-derived/Build/Products/Debug

CreateBuildDirectory /Users/argus/Programming/pdf-reader/.build/xcode-derived/Build/Intermediates.noindex/EagerLinkingTBDs/Debug
    cd /Users/argus/Programming/pdf-reader/PDFReader.xcodeproj
    builtin-create-build-directory /Users/argus/Programming/pdf-reader/.build/xcode-derived/Build/Intermediates.noindex/EagerLinkingTBDs/Debug

WriteAuxiliaryFile /Users/argus/Programming/pdf-reader/.build/xcode-derived/Build/Intermediates.noindex/PDFReader.build/Debug/PDFReader-5ed3f8c2d107e937755ff9345addb7ff-VFS/all-product-headers.yaml
    cd /Users/argus/Programming/pdf-reader/PDFReader.xcodeproj
    write-file /Users/argus/Programming/pdf-reader/.build/xcode-derived/Build/Intermediates.noindex/PDFReader.build/Debug/PDFReader-5ed3f8c2d107e937755ff9345addb7ff-VFS/all-product-headers.yaml

CreateBuildDirectory /Users/argus/Programming/pdf-reader/.build/xcode-derived/Build/Products/Debug/PackageFrameworks
    cd /Users/argus/Programming/pdf-reader/PDFReader.xcodeproj
    builtin-create-build-directory /Users/argus/Programming/pdf-reader/.build/xcode-derived/Build/Products/Debug/PackageFrameworks

WriteAuxiliaryFile /Users/argus/Programming/pdf-reader/.build/xcode-derived/Build/Intermediates.noindex/TOMLDecoder.build/Debug/TOMLDecoder.build/TOMLDecoder.modulemap (in target 'TOMLDecoder' from project 'TOMLDecoder')
    cd /Users/argus/Programming/pdf-reader/.build/xcode-derived/SourcePackages/checkouts/TOMLDecoder
    write-file /Users/argus/Programming/pdf-reader/.build/xcode-derived/Build/Intermediates.noindex/TOMLDecoder.build/Debug/TOMLDecoder.build/TOMLDecoder.modulemap

WriteAuxiliaryFile /Users/argus/Programming/pdf-reader/.build/xcode-derived/Build/Intermediates.noindex/TOMLDecoder.build/Debug/TOMLDecoder.build/TOMLDecoder.DependencyMetadataFileList (in target 'TOMLDecoder' from project 'TOMLDecoder')
    cd /Users/argus/Programming/pdf-reader/.build/xcode-derived/SourcePackages/checkouts/TOMLDecoder
    write-file /Users/argus/Programming/pdf-reader/.build/xcode-derived/Build/Intermediates.noindex/TOMLDecoder.build/Debug/TOMLDecoder.build/TOMLDecoder.DependencyMetadataFileList

WriteAuxiliaryFile /Users/argus/Programming/pdf-reader/.build/xcode-derived/Build/Intermediates.noindex/TOMLDecoder.build/Debug/TOMLDecoder.build/TOMLDecoder.DependencyStaticMetadataFileList (in target 'TOMLDecoder' from project 'TOMLDecoder')
    cd /Users/argus/Programming/pdf-reader/.build/xcode-derived/SourcePackages/checkouts/TOMLDecoder
    write-file /Users/argus/Programming/pdf-reader/.build/xcode-derived/Build/Intermediates.noindex/TOMLDecoder.build/Debug/TOMLDecoder.build/TOMLDecoder.DependencyStaticMetadataFileList

WriteAuxiliaryFile /Users/argus/Programming/pdf-reader/.build/xcode-derived/Build/Intermediates.noindex/TOMLDecoder.build/Debug/TOMLDecoder.build/Objects-normal/arm64/TOMLDecoder.SwiftFileList (in target 'TOMLDecoder' from project 'TOMLDecoder')
    cd /Users/argus/Programming/pdf-reader/.build/xcode-derived/SourcePackages/checkouts/TOMLDecoder
    write-file /Users/argus/Programming/pdf-reader/.build/xcode-derived/Build/Intermediates.noindex/TOMLDecoder.build/Debug/TOMLDecoder.build/Objects-normal/arm64/TOMLDecoder.SwiftFileList

WriteAuxiliaryFile /Users/argus/Programming/pdf-reader/.build/xcode-derived/Build/Intermediates.noindex/TOMLDecoder.build/Debug/TOMLDecoder.build/Objects-normal/arm64/TOMLDecoder.SwiftConstValuesFileList (in target 'TOMLDecoder' from project 'TOMLDecoder')
    cd /Users/argus/Programming/pdf-reader/.build/xcode-derived/SourcePackages/checkouts/TOMLDecoder
    write-file /Users/argus/Programming/pdf-reader/.build/xcode-derived/Build/Intermediates.noindex/TOMLDecoder.build/Debug/TOMLDecoder.build/Objects-normal/arm64/TOMLDecoder.SwiftConstValuesFileList

WriteAuxiliaryFile /Users/argus/Programming/pdf-reader/.build/xcode-derived/Build/Intermediates.noindex/PDFReader.build/Debug/PDFReaderCore.build/module.modulemap (in target 'PDFReaderCore' from project 'PDFReader')
    cd /Users/argus/Programming/pdf-reader
    write-file /Users/argus/Programming/pdf-reader/.build/xcode-derived/Build/Intermediates.noindex/PDFReader.build/Debug/PDFReaderCore.build/module.modulemap

WriteAuxiliaryFile /Users/argus/Programming/pdf-reader/.build/xcode-derived/Build/Intermediates.noindex/TOMLDecoder.build/Debug/TOMLDecoder.build/Objects-normal/arm64/TOMLDecoder_const_extract_protocols.json (in target 'TOMLDecoder' from project 'TOMLDecoder')
    cd /Users/argus/Programming/pdf-reader/.build/xcode-derived/SourcePackages/checkouts/TOMLDecoder
    write-file /Users/argus/Programming/pdf-reader/.build/xcode-derived/Build/Intermediates.noindex/TOMLDecoder.build/Debug/TOMLDecoder.build/Objects-normal/arm64/TOMLDecoder_const_extract_protocols.json

WriteAuxiliaryFile /Users/argus/Programming/pdf-reader/.build/xcode-derived/Build/Intermediates.noindex/TOMLDecoder.build/Debug/TOMLDecoder.build/Objects-normal/arm64/TOMLDecoder-OutputFileMap.json (in target 'TOMLDecoder' from project 'TOMLDecoder')
    cd /Users/argus/Programming/pdf-reader/.build/xcode-derived/SourcePackages/checkouts/TOMLDecoder
    write-file /Users/argus/Programming/pdf-reader/.build/xcode-derived/Build/Intermediates.noindex/TOMLDecoder.build/Debug/TOMLDecoder.build/Objects-normal/arm64/TOMLDecoder-OutputFileMap.json

WriteAuxiliaryFile /Users/argus/Programming/pdf-reader/.build/xcode-derived/Build/Intermediates.noindex/TOMLDecoder.build/Debug/TOMLDecoder.build/Objects-normal/arm64/TOMLDecoder.LinkFileList (in target 'TOMLDecoder' from project 'TOMLDecoder')
    cd /Users/argus/Programming/pdf-reader/.build/xcode-derived/SourcePackages/checkouts/TOMLDecoder
    write-file /Users/argus/Programming/pdf-reader/.build/xcode-derived/Build/Intermediates.noindex/TOMLDecoder.build/Debug/TOMLDecoder.build/Objects-normal/arm64/TOMLDecoder.LinkFileList

WriteAuxiliaryFile /Users/argus/Programming/pdf-reader/.build/xcode-derived/Build/Intermediates.noindex/PDFReader.build/Debug/PDFReaderCore.build/empty-PDFReaderCore.plist (in target 'PDFReaderCore' from project 'PDFReader')
    cd /Users/argus/Programming/pdf-reader
    write-file /Users/argus/Programming/pdf-reader/.build/xcode-derived/Build/Intermediates.noindex/PDFReader.build/Debug/PDFReaderCore.build/empty-PDFReaderCore.plist

WriteAuxiliaryFile /Users/argus/Programming/pdf-reader/.build/xcode-derived/Build/Intermediates.noindex/PDFReader.build/Debug/PDFReaderCore.build/PDFReaderCore.hmap (in target 'PDFReaderCore' from project 'PDFReader')
    cd /Users/argus/Programming/pdf-reader
    write-file /Users/argus/Programming/pdf-reader/.build/xcode-derived/Build/Intermediates.noindex/PDFReader.build/Debug/PDFReaderCore.build/PDFReaderCore.hmap

WriteAuxiliaryFile /Users/argus/Programming/pdf-reader/.build/xcode-derived/Build/Intermediates.noindex/PDFReader.build/Debug/PDFReaderCore.build/PDFReaderCore.DependencyStaticMetadataFileList (in target 'PDFReaderCore' from project 'PDFReader')
    cd /Users/argus/Programming/pdf-reader
    write-file /Users/argus/Programming/pdf-reader/.build/xcode-derived/Build/Intermediates.noindex/PDFReader.build/Debug/PDFReaderCore.build/PDFReaderCore.DependencyStaticMetadataFileList

WriteAuxiliaryFile /Users/argus/Programming/pdf-reader/.build/xcode-derived/Build/Intermediates.noindex/PDFReader.build/Debug/PDFReaderCore.build/PDFReaderCore.DependencyMetadataFileList (in target 'PDFReaderCore' from project 'PDFReader')
    cd /Users/argus/Programming/pdf-reader
    write-file /Users/argus/Programming/pdf-reader/.build/xcode-derived/Build/Intermediates.noindex/PDFReader.build/Debug/PDFReaderCore.build/PDFReaderCore.DependencyMetadataFileList

Copy /Users/argus/Programming/pdf-reader/.build/xcode-derived/Build/Intermediates.noindex/GeneratedModuleMaps/TOMLDecoder.modulemap /Users/argus/Programming/pdf-reader/.build/xcode-derived/Build/Intermediates.noindex/TOMLDecoder.build/Debug/TOMLDecoder.build/TOMLDecoder.modulemap (in target 'TOMLDecoder' from project 'TOMLDecoder')
    cd /Users/argus/Programming/pdf-reader/.build/xcode-derived/SourcePackages/checkouts/TOMLDecoder
    builtin-copy -exclude .DS_Store -exclude CVS -exclude .svn -exclude .git -exclude .hg -resolve-src-symlinks /Users/argus/Programming/pdf-reader/.build/xcode-derived/Build/Intermediates.noindex/TOMLDecoder.build/Debug/TOMLDecoder.build/TOMLDecoder.modulemap /Users/argus/Programming/pdf-reader/.build/xcode-derived/Build/Intermediates.noindex/GeneratedModuleMaps

WriteAuxiliaryFile /Users/argus/Programming/pdf-reader/.build/xcode-derived/Build/Intermediates.noindex/PDFReader.build/Debug/PDFReaderCore.build/PDFReaderCore-project-headers.hmap (in target 'PDFReaderCore' from project 'PDFReader')
    cd /Users/argus/Programming/pdf-reader
    write-file /Users/argus/Programming/pdf-reader/.build/xcode-derived/Build/Intermediates.noindex/PDFReader.build/Debug/PDFReaderCore.build/PDFReaderCore-project-headers.hmap

WriteAuxiliaryFile /Users/argus/Programming/pdf-reader/.build/xcode-derived/Build/Intermediates.noindex/PDFReader.build/Debug/PDFReaderCore.build/PDFReaderCore-own-target-headers.hmap (in target 'PDFReaderCore' from project 'PDFReader')
    cd /Users/argus/Programming/pdf-reader
    write-file /Users/argus/Programming/pdf-reader/.build/xcode-derived/Build/Intermediates.noindex/PDFReader.build/Debug/PDFReaderCore.build/PDFReaderCore-own-target-headers.hmap

WriteAuxiliaryFile /Users/argus/Programming/pdf-reader/.build/xcode-derived/Build/Intermediates.noindex/PDFReader.build/Debug/PDFReaderCore.build/PDFReaderCore-generated-files.hmap (in target 'PDFReaderCore' from project 'PDFReader')
    cd /Users/argus/Programming/pdf-reader
    write-file /Users/argus/Programming/pdf-reader/.build/xcode-derived/Build/Intermediates.noindex/PDFReader.build/Debug/PDFReaderCore.build/PDFReaderCore-generated-files.hmap

WriteAuxiliaryFile /Users/argus/Programming/pdf-reader/.build/xcode-derived/Build/Intermediates.noindex/PDFReader.build/Debug/PDFReaderCore.build/PDFReaderCore-all-target-headers.hmap (in target 'PDFReaderCore' from project 'PDFReader')
    cd /Users/argus/Programming/pdf-reader
    write-file /Users/argus/Programming/pdf-reader/.build/xcode-derived/Build/Intermediates.noindex/PDFReader.build/Debug/PDFReaderCore.build/PDFReaderCore-all-target-headers.hmap

WriteAuxiliaryFile /Users/argus/Programming/pdf-reader/.build/xcode-derived/Build/Intermediates.noindex/PDFReader.build/Debug/PDFReaderCore.build/PDFReaderCore-all-non-framework-target-headers.hmap (in target 'PDFReaderCore' from project 'PDFReader')
    cd /Users/argus/Programming/pdf-reader
    write-file /Users/argus/Programming/pdf-reader/.build/xcode-derived/Build/Intermediates.noindex/PDFReader.build/Debug/PDFReaderCore.build/PDFReaderCore-all-non-framework-target-headers.hmap

WriteAuxiliaryFile /Users/argus/Programming/pdf-reader/.build/xcode-derived/Build/Intermediates.noindex/PDFReader.build/Debug/PDFReaderCore.build/Objects-normal/arm64/PDFReaderCore_const_extract_protocols.json (in target 'PDFReaderCore' from project 'PDFReader')
    cd /Users/argus/Programming/pdf-reader
    write-file /Users/argus/Programming/pdf-reader/.build/xcode-derived/Build/Intermediates.noindex/PDFReader.build/Debug/PDFReaderCore.build/Objects-normal/arm64/PDFReaderCore_const_extract_protocols.json

WriteAuxiliaryFile /Users/argus/Programming/pdf-reader/.build/xcode-derived/Build/Intermediates.noindex/PDFReader.build/Debug/PDFReaderCore.build/Objects-normal/arm64/PDFReaderCore.SwiftFileList (in target 'PDFReaderCore' from project 'PDFReader')
    cd /Users/argus/Programming/pdf-reader
    write-file /Users/argus/Programming/pdf-reader/.build/xcode-derived/Build/Intermediates.noindex/PDFReader.build/Debug/PDFReaderCore.build/Objects-normal/arm64/PDFReaderCore.SwiftFileList

WriteAuxiliaryFile /Users/argus/Programming/pdf-reader/.build/xcode-derived/Build/Intermediates.noindex/PDFReader.build/Debug/PDFReaderCore.build/Objects-normal/arm64/PDFReaderCore.SwiftConstValuesFileList (in target 'PDFReaderCore' from project 'PDFReader')
    cd /Users/argus/Programming/pdf-reader
    write-file /Users/argus/Programming/pdf-reader/.build/xcode-derived/Build/Intermediates.noindex/PDFReader.build/Debug/PDFReaderCore.build/Objects-normal/arm64/PDFReaderCore.SwiftConstValuesFileList

WriteAuxiliaryFile /Users/argus/Programming/pdf-reader/.build/xcode-derived/Build/Intermediates.noindex/PDFReader.build/Debug/PDFReaderCore.build/Objects-normal/arm64/PDFReaderCore.LinkFileList (in target 'PDFReaderCore' from project 'PDFReader')
    cd /Users/argus/Programming/pdf-reader
    write-file /Users/argus/Programming/pdf-reader/.build/xcode-derived/Build/Intermediates.noindex/PDFReader.build/Debug/PDFReaderCore.build/Objects-normal/arm64/PDFReaderCore.LinkFileList

WriteAuxiliaryFile /Users/argus/Programming/pdf-reader/.build/xcode-derived/Build/Intermediates.noindex/PDFReader.build/Debug/PDFReaderCore.build/Objects-normal/arm64/PDFReaderCore-OutputFileMap.json (in target 'PDFReaderCore' from project 'PDFReader')
    cd /Users/argus/Programming/pdf-reader
    write-file /Users/argus/Programming/pdf-reader/.build/xcode-derived/Build/Intermediates.noindex/PDFReader.build/Debug/PDFReaderCore.build/Objects-normal/arm64/PDFReaderCore-OutputFileMap.json

WriteAuxiliaryFile /Users/argus/Programming/pdf-reader/.build/xcode-derived/Build/Intermediates.noindex/PDFReader.build/Debug/PDFReaderApp.build/PDFReader.DependencyStaticMetadataFileList (in target 'PDFReaderApp' from project 'PDFReader')
    cd /Users/argus/Programming/pdf-reader
    write-file /Users/argus/Programming/pdf-reader/.build/xcode-derived/Build/Intermediates.noindex/PDFReader.build/Debug/PDFReaderApp.build/PDFReader.DependencyStaticMetadataFileList

WriteAuxiliaryFile /Users/argus/Programming/pdf-reader/.build/xcode-derived/Build/Intermediates.noindex/PDFReader.build/Debug/PDFReaderApp.build/PDFReader.hmap (in target 'PDFReaderApp' from project 'PDFReader')
    cd /Users/argus/Programming/pdf-reader
    write-file /Users/argus/Programming/pdf-reader/.build/xcode-derived/Build/Intermediates.noindex/PDFReader.build/Debug/PDFReaderApp.build/PDFReader.hmap

WriteAuxiliaryFile /Users/argus/Programming/pdf-reader/.build/xcode-derived/Build/Intermediates.noindex/PDFReader.build/Debug/PDFReaderApp.build/empty-PDFReader.plist (in target 'PDFReaderApp' from project 'PDFReader')
    cd /Users/argus/Programming/pdf-reader
    write-file /Users/argus/Programming/pdf-reader/.build/xcode-derived/Build/Intermediates.noindex/PDFReader.build/Debug/PDFReaderApp.build/empty-PDFReader.plist

Copy /Users/argus/Programming/pdf-reader/.build/xcode-derived/Build/Products/Debug/PDFReaderCore.framework/Versions/A/Modules/module.modulemap /Users/argus/Programming/pdf-reader/.build/xcode-derived/Build/Intermediates.noindex/PDFReader.build/Debug/PDFReaderCore.build/module.modulemap (in target 'PDFReaderCore' from project 'PDFReader')
    cd /Users/argus/Programming/pdf-reader
    builtin-copy -exclude .DS_Store -exclude CVS -exclude .svn -exclude .git -exclude .hg -resolve-src-symlinks /Users/argus/Programming/pdf-reader/.build/xcode-derived/Build/Intermediates.noindex/PDFReader.build/Debug/PDFReaderCore.build/module.modulemap /Users/argus/Programming/pdf-reader/.build/xcode-derived/Build/Products/Debug/PDFReaderCore.framework/Versions/A/Modules

WriteAuxiliaryFile /Users/argus/Programming/pdf-reader/.build/xcode-derived/Build/Intermediates.noindex/PDFReader.build/Debug/PDFReaderApp.build/PDFReader.DependencyMetadataFileList (in target 'PDFReaderApp' from project 'PDFReader')
    cd /Users/argus/Programming/pdf-reader
    write-file /Users/argus/Programming/pdf-reader/.build/xcode-derived/Build/Intermediates.noindex/PDFReader.build/Debug/PDFReaderApp.build/PDFReader.DependencyMetadataFileList

WriteAuxiliaryFile /Users/argus/Programming/pdf-reader/.build/xcode-derived/Build/Intermediates.noindex/PDFReader.build/Debug/PDFReaderApp.build/PDFReader-project-headers.hmap (in target 'PDFReaderApp' from project 'PDFReader')
    cd /Users/argus/Programming/pdf-reader
    write-file /Users/argus/Programming/pdf-reader/.build/xcode-derived/Build/Intermediates.noindex/PDFReader.build/Debug/PDFReaderApp.build/PDFReader-project-headers.hmap

WriteAuxiliaryFile /Users/argus/Programming/pdf-reader/.build/xcode-derived/Build/Intermediates.noindex/PDFReader.build/Debug/PDFReaderApp.build/PDFReader-own-target-headers.hmap (in target 'PDFReaderApp' from project 'PDFReader')
    cd /Users/argus/Programming/pdf-reader
    write-file /Users/argus/Programming/pdf-reader/.build/xcode-derived/Build/Intermediates.noindex/PDFReader.build/Debug/PDFReaderApp.build/PDFReader-own-target-headers.hmap

WriteAuxiliaryFile /Users/argus/Programming/pdf-reader/.build/xcode-derived/Build/Intermediates.noindex/PDFReader.build/Debug/PDFReaderApp.build/PDFReader-generated-files.hmap (in target 'PDFReaderApp' from project 'PDFReader')
    cd /Users/argus/Programming/pdf-reader
    write-file /Users/argus/Programming/pdf-reader/.build/xcode-derived/Build/Intermediates.noindex/PDFReader.build/Debug/PDFReaderApp.build/PDFReader-generated-files.hmap

WriteAuxiliaryFile /Users/argus/Programming/pdf-reader/.build/xcode-derived/Build/Intermediates.noindex/PDFReader.build/Debug/PDFReaderApp.build/PDFReader-all-target-headers.hmap (in target 'PDFReaderApp' from project 'PDFReader')
    cd /Users/argus/Programming/pdf-reader
    write-file /Users/argus/Programming/pdf-reader/.build/xcode-derived/Build/Intermediates.noindex/PDFReader.build/Debug/PDFReaderApp.build/PDFReader-all-target-headers.hmap

WriteAuxiliaryFile /Users/argus/Programming/pdf-reader/.build/xcode-derived/Build/Intermediates.noindex/PDFReader.build/Debug/PDFReaderApp.build/PDFReader-all-non-framework-target-headers.hmap (in target 'PDFReaderApp' from project 'PDFReader')
    cd /Users/argus/Programming/pdf-reader
    write-file /Users/argus/Programming/pdf-reader/.build/xcode-derived/Build/Intermediates.noindex/PDFReader.build/Debug/PDFReaderApp.build/PDFReader-all-non-framework-target-headers.hmap

WriteAuxiliaryFile /Users/argus/Programming/pdf-reader/.build/xcode-derived/Build/Intermediates.noindex/PDFReader.build/Debug/PDFReaderApp.build/PDFReader-DebugDylibPath-normal-arm64.txt (in target 'PDFReaderApp' from project 'PDFReader')
    cd /Users/argus/Programming/pdf-reader
    write-file /Users/argus/Programming/pdf-reader/.build/xcode-derived/Build/Intermediates.noindex/PDFReader.build/Debug/PDFReaderApp.build/PDFReader-DebugDylibPath-normal-arm64.txt

WriteAuxiliaryFile /Users/argus/Programming/pdf-reader/.build/xcode-derived/Build/Intermediates.noindex/PDFReader.build/Debug/PDFReaderApp.build/PDFReader-DebugDylibInstallName-normal-arm64.txt (in target 'PDFReaderApp' from project 'PDFReader')
    cd /Users/argus/Programming/pdf-reader
    write-file /Users/argus/Programming/pdf-reader/.build/xcode-derived/Build/Intermediates.noindex/PDFReader.build/Debug/PDFReaderApp.build/PDFReader-DebugDylibInstallName-normal-arm64.txt

WriteAuxiliaryFile /Users/argus/Programming/pdf-reader/.build/xcode-derived/Build/Intermediates.noindex/PDFReader.build/Debug/PDFReaderApp.build/Objects-normal/arm64/PDFReaderApp-OutputFileMap.json (in target 'PDFReaderApp' from project 'PDFReader')
    cd /Users/argus/Programming/pdf-reader
    write-file /Users/argus/Programming/pdf-reader/.build/xcode-derived/Build/Intermediates.noindex/PDFReader.build/Debug/PDFReaderApp.build/Objects-normal/arm64/PDFReaderApp-OutputFileMap.json

WriteAuxiliaryFile /Users/argus/Programming/pdf-reader/.build/xcode-derived/Build/Intermediates.noindex/PDFReader.build/Debug/PDFReaderApp.build/Objects-normal/arm64/PDFReaderApp_const_extract_protocols.json (in target 'PDFReaderApp' from project 'PDFReader')
    cd /Users/argus/Programming/pdf-reader
    write-file /Users/argus/Programming/pdf-reader/.build/xcode-derived/Build/Intermediates.noindex/PDFReader.build/Debug/PDFReaderApp.build/Objects-normal/arm64/PDFReaderApp_const_extract_protocols.json

WriteAuxiliaryFile /Users/argus/Programming/pdf-reader/.build/xcode-derived/Build/Intermediates.noindex/PDFReader.build/Debug/PDFReaderApp.build/Objects-normal/arm64/PDFReader.SwiftFileList (in target 'PDFReaderApp' from project 'PDFReader')
    cd /Users/argus/Programming/pdf-reader
    write-file /Users/argus/Programming/pdf-reader/.build/xcode-derived/Build/Intermediates.noindex/PDFReader.build/Debug/PDFReaderApp.build/Objects-normal/arm64/PDFReader.SwiftFileList

WriteAuxiliaryFile /Users/argus/Programming/pdf-reader/.build/xcode-derived/Build/Intermediates.noindex/PDFReader.build/Debug/PDFReaderApp.build/Objects-normal/arm64/PDFReader.SwiftConstValuesFileList (in target 'PDFReaderApp' from project 'PDFReader')
    cd /Users/argus/Programming/pdf-reader
    write-file /Users/argus/Programming/pdf-reader/.build/xcode-derived/Build/Intermediates.noindex/PDFReader.build/Debug/PDFReaderApp.build/Objects-normal/arm64/PDFReader.SwiftConstValuesFileList

WriteAuxiliaryFile /Users/argus/Programming/pdf-reader/.build/xcode-derived/Build/Intermediates.noindex/PDFReader.build/Debug/PDFReaderApp.build/Objects-normal/arm64/PDFReader.LinkFileList (in target 'PDFReaderApp' from project 'PDFReader')
    cd /Users/argus/Programming/pdf-reader
    write-file /Users/argus/Programming/pdf-reader/.build/xcode-derived/Build/Intermediates.noindex/PDFReader.build/Debug/PDFReaderApp.build/Objects-normal/arm64/PDFReader.LinkFileList

SymLink /Users/argus/Programming/pdf-reader/.build/xcode-derived/Build/Products/Debug/PDFReaderCore.framework/Versions/Current A (in target 'PDFReaderCore' from project 'PDFReader')
    cd /Users/argus/Programming/pdf-reader
    /bin/ln -sfh A /Users/argus/Programming/pdf-reader/.build/xcode-derived/Build/Products/Debug/PDFReaderCore.framework/Versions/Current

SymLink /Users/argus/Programming/pdf-reader/.build/xcode-derived/Build/Products/Debug/PDFReaderCore.framework/Resources Versions/Current/Resources (in target 'PDFReaderCore' from project 'PDFReader')
    cd /Users/argus/Programming/pdf-reader
    /bin/ln -sfh Versions/Current/Resources /Users/argus/Programming/pdf-reader/.build/xcode-derived/Build/Products/Debug/PDFReaderCore.framework/Resources

SymLink /Users/argus/Programming/pdf-reader/.build/xcode-derived/Build/Products/Debug/PDFReaderCore.framework/PDFReaderCore Versions/Current/PDFReaderCore (in target 'PDFReaderCore' from project 'PDFReader')
    cd /Users/argus/Programming/pdf-reader
    /bin/ln -sfh Versions/Current/PDFReaderCore /Users/argus/Programming/pdf-reader/.build/xcode-derived/Build/Products/Debug/PDFReaderCore.framework/PDFReaderCore

SymLink /Users/argus/Programming/pdf-reader/.build/xcode-derived/Build/Products/Debug/PDFReaderCore.framework/Modules Versions/Current/Modules (in target 'PDFReaderCore' from project 'PDFReader')
    cd /Users/argus/Programming/pdf-reader
    /bin/ln -sfh Versions/Current/Modules /Users/argus/Programming/pdf-reader/.build/xcode-derived/Build/Products/Debug/PDFReaderCore.framework/Modules

SymLink /Users/argus/Programming/pdf-reader/.build/xcode-derived/Build/Products/Debug/PDFReaderCore.framework/Headers Versions/Current/Headers (in target 'PDFReaderCore' from project 'PDFReader')
    cd /Users/argus/Programming/pdf-reader
    /bin/ln -sfh Versions/Current/Headers /Users/argus/Programming/pdf-reader/.build/xcode-derived/Build/Products/Debug/PDFReaderCore.framework/Headers

MkDir /Users/argus/Programming/pdf-reader/.build/xcode-derived/Build/Products/Debug/PDFReaderCore.framework/Versions/A/Resources (in target 'PDFReaderCore' from project 'PDFReader')
    cd /Users/argus/Programming/pdf-reader
    /bin/mkdir -p /Users/argus/Programming/pdf-reader/.build/xcode-derived/Build/Products/Debug/PDFReaderCore.framework/Versions/A/Resources

MkDir /Users/argus/Programming/pdf-reader/.build/xcode-derived/Build/Products/Debug/PDFReaderCore.framework/Versions/A/Headers (in target 'PDFReaderCore' from project 'PDFReader')
    cd /Users/argus/Programming/pdf-reader
    /bin/mkdir -p /Users/argus/Programming/pdf-reader/.build/xcode-derived/Build/Products/Debug/PDFReaderCore.framework/Versions/A/Headers

MkDir /Users/argus/Programming/pdf-reader/.build/xcode-derived/Build/Products/Debug/PDFReaderCore.framework/Versions/A (in target 'PDFReaderCore' from project 'PDFReader')
    cd /Users/argus/Programming/pdf-reader
    /bin/mkdir -p /Users/argus/Programming/pdf-reader/.build/xcode-derived/Build/Products/Debug/PDFReaderCore.framework/Versions/A

MkDir /Users/argus/Programming/pdf-reader/.build/xcode-derived/Build/Products/Debug/PDFReaderCore.framework/Versions (in target 'PDFReaderCore' from project 'PDFReader')
    cd /Users/argus/Programming/pdf-reader
    /bin/mkdir -p /Users/argus/Programming/pdf-reader/.build/xcode-derived/Build/Products/Debug/PDFReaderCore.framework/Versions

MkDir /Users/argus/Programming/pdf-reader/.build/xcode-derived/Build/Products/Debug/PDFReaderCore.framework (in target 'PDFReaderCore' from project 'PDFReader')
    cd /Users/argus/Programming/pdf-reader
    /bin/mkdir -p /Users/argus/Programming/pdf-reader/.build/xcode-derived/Build/Products/Debug/PDFReaderCore.framework

MkDir /Users/argus/Programming/pdf-reader/.build/xcode-derived/Build/Products/Debug/PDFReader.app/Contents/Resources (in target 'PDFReaderApp' from project 'PDFReader')
    cd /Users/argus/Programming/pdf-reader
    /bin/mkdir -p /Users/argus/Programming/pdf-reader/.build/xcode-derived/Build/Products/Debug/PDFReader.app/Contents/Resources

MkDir /Users/argus/Programming/pdf-reader/.build/xcode-derived/Build/Products/Debug/PDFReader.app/Contents/MacOS (in target 'PDFReaderApp' from project 'PDFReader')
    cd /Users/argus/Programming/pdf-reader
    /bin/mkdir -p /Users/argus/Programming/pdf-reader/.build/xcode-derived/Build/Products/Debug/PDFReader.app/Contents/MacOS

MkDir /Users/argus/Programming/pdf-reader/.build/xcode-derived/Build/Products/Debug/PDFReader.app/Contents/Frameworks (in target 'PDFReaderApp' from project 'PDFReader')
    cd /Users/argus/Programming/pdf-reader
    /bin/mkdir -p /Users/argus/Programming/pdf-reader/.build/xcode-derived/Build/Products/Debug/PDFReader.app/Contents/Frameworks

MkDir /Users/argus/Programming/pdf-reader/.build/xcode-derived/Build/Products/Debug/PDFReader.app/Contents (in target 'PDFReaderApp' from project 'PDFReader')
    cd /Users/argus/Programming/pdf-reader
    /bin/mkdir -p /Users/argus/Programming/pdf-reader/.build/xcode-derived/Build/Products/Debug/PDFReader.app/Contents

MkDir /Users/argus/Programming/pdf-reader/.build/xcode-derived/Build/Products/Debug/PDFReader.app (in target 'PDFReaderApp' from project 'PDFReader')
    cd /Users/argus/Programming/pdf-reader
    /bin/mkdir -p /Users/argus/Programming/pdf-reader/.build/xcode-derived/Build/Products/Debug/PDFReader.app

ProcessInfoPlistFile /Users/argus/Programming/pdf-reader/.build/xcode-derived/Build/Products/Debug/PDFReaderCore.framework/Versions/A/Resources/Info.plist /Users/argus/Programming/pdf-reader/.build/xcode-derived/Build/Intermediates.noindex/PDFReader.build/Debug/PDFReaderCore.build/empty-PDFReaderCore.plist (in target 'PDFReaderCore' from project 'PDFReader')
    cd /Users/argus/Programming/pdf-reader
    builtin-infoPlistUtility /Users/argus/Programming/pdf-reader/.build/xcode-derived/Build/Intermediates.noindex/PDFReader.build/Debug/PDFReaderCore.build/empty-PDFReaderCore.plist -producttype com.apple.product-type.framework -expandbuildsettings -platform macosx -o /Users/argus/Programming/pdf-reader/.build/xcode-derived/Build/Products/Debug/PDFReaderCore.framework/Versions/A/Resources/Info.plist

SwiftDriver TOMLDecoder normal arm64 com.apple.xcode.tools.swift.compiler (in target 'TOMLDecoder' from project 'TOMLDecoder')
    cd /Users/argus/Programming/pdf-reader/PDFReader.xcodeproj
    builtin-SwiftDriver -- /Applications/Xcode.app/Contents/Developer/Toolchains/XcodeDefault.xctoolchain/usr/bin/swiftc -module-name TOMLDecoder -Onone @/Users/argus/Programming/pdf-reader/.build/xcode-derived/Build/Intermediates.noindex/TOMLDecoder.build/Debug/TOMLDecoder.build/Objects-normal/arm64/TOMLDecoder.SwiftFileList -DSWIFT_PACKAGE -DDEBUG -DSWIFT_MODULE_RESOURCE_BUNDLE_UNAVAILABLE -DXcode -enable-upcoming-feature ExistentialAny -enable-upcoming-feature InternalImportsByDefault -enable-upcoming-feature MemberImportVisibility -plugin-path /Applications/Xcode.app/Contents/Developer/Toolchains/XcodeDefault.xctoolchain/usr/lib/swift/host/plugins/testing -enable-experimental-feature DebugDescriptionMacro -sdk /Applications/Xcode.app/Contents/Developer/Platforms/MacOSX.platform/Developer/SDKs/MacOSX26.5.sdk -target arm64-apple-macos10.15 -g -module-cache-path /Users/argus/Programming/pdf-reader/.build/xcode-derived/ModuleCache.noindex -Xfrontend -serialize-debugging-options -enable-testing -suppress-warnings -index-store-path /Users/argus/Programming/pdf-reader/.build/xcode-derived/Index.noindex/DataStore -Xcc -D_LIBCPP_HARDENING_MODE\=_LIBCPP_HARDENING_MODE_DEBUG -swift-version 6 -I /Users/argus/Programming/pdf-reader/.build/xcode-derived/Build/Products/Debug -Isystem /Applications/Xcode.app/Contents/Developer/Platforms/MacOSX.platform/Developer/usr/lib -F /Users/argus/Programming/pdf-reader/.build/xcode-derived/Build/Products/Debug -F /Applications/Xcode.app/Contents/Developer/Platforms/MacOSX.platform/Developer/Library/Frameworks -c -j10 -enable-batch-mode -incremental -Xcc -ivfsstatcache -Xcc /Users/argus/Programming/pdf-reader/.build/xcode-derived/SDKStatCaches.noindex/macosx26.5-25F70-e082c4a02f00227109f4ed75e425c832.sdkstatcache -output-file-map /Users/argus/Programming/pdf-reader/.build/xcode-derived/Build/Intermediates.noindex/TOMLDecoder.build/Debug/TOMLDecoder.build/Objects-normal/arm64/TOMLDecoder-OutputFileMap.json -use-frontend-parseable-output -save-temps -no-color-diagnostics -explicit-module-build -module-cache-path /Users/argus/Programming/pdf-reader/.build/xcode-derived/Build/Intermediates.noindex/SwiftExplicitPrecompiledModules -clang-scanner-module-cache-path /Users/argus/Programming/pdf-reader/.build/xcode-derived/ModuleCache.noindex -sdk-module-cache-path /Users/argus/Programming/pdf-reader/.build/xcode-derived/ModuleCache.noindex -serialize-diagnostics -emit-dependencies -emit-module -emit-module-path /Users/argus/Programming/pdf-reader/.build/xcode-derived/Build/Intermediates.noindex/TOMLDecoder.build/Debug/TOMLDecoder.build/Objects-normal/arm64/TOMLDecoder.swiftmodule -user-module-version 0.4.5 -validate-clang-modules-once -clang-build-session-file /Users/argus/Programming/pdf-reader/.build/xcode-derived/ModuleCache.noindex/Session.modulevalidation -package-name tomldecoder -Xcc -I/Users/argus/Programming/pdf-reader/.build/xcode-derived/Build/Intermediates.noindex/TOMLDecoder.build/Debug/TOMLDecoder.build/swift-overrides.hmap -emit-const-values -Xfrontend -const-gather-protocols-file -Xfrontend /Users/argus/Programming/pdf-reader/.build/xcode-derived/Build/Intermediates.noindex/TOMLDecoder.build/Debug/TOMLDecoder.build/Objects-normal/arm64/TOMLDecoder_const_extract_protocols.json -Xcc -I/Users/argus/Programming/pdf-reader/.build/xcode-derived/Build/Products/Debug/include -Xcc -I/Users/argus/Programming/pdf-reader/.build/xcode-derived/Build/Intermediates.noindex/TOMLDecoder.build/Debug/TOMLDecoder.build/DerivedSources-normal/arm64 -Xcc -I/Users/argus/Programming/pdf-reader/.build/xcode-derived/Build/Intermediates.noindex/TOMLDecoder.build/Debug/TOMLDecoder.build/DerivedSources/arm64 -Xcc -I/Users/argus/Programming/pdf-reader/.build/xcode-derived/Build/Intermediates.noindex/TOMLDecoder.build/Debug/TOMLDecoder.build/DerivedSources -Xcc -DSWIFT_PACKAGE -Xcc -DDEBUG\=1 -emit-objc-header -emit-objc-header-path /Users/argus/Programming/pdf-reader/.build/xcode-derived/Build/Intermediates.noindex/TOMLDecoder.build/Debug/TOMLDecoder.build/Objects-normal/arm64/TOMLDecoder-Swift.h -working-directory /Users/argus/Programming/pdf-reader/PDFReader.xcodeproj -experimental-emit-module-separately -disable-cmo

SwiftDriver PDFReaderCore normal arm64 com.apple.xcode.tools.swift.compiler (in target 'PDFReaderCore' from project 'PDFReader')
    cd /Users/argus/Programming/pdf-reader
    builtin-SwiftDriver -- /Applications/Xcode.app/Contents/Developer/Toolchains/XcodeDefault.xctoolchain/usr/bin/swiftc -module-name PDFReaderCore -Onone @/Users/argus/Programming/pdf-reader/.build/xcode-derived/Build/Intermediates.noindex/PDFReader.build/Debug/PDFReaderCore.build/Objects-normal/arm64/PDFReaderCore.SwiftFileList -DDEBUG -enable-experimental-feature DebugDescriptionMacro -sdk /Applications/Xcode.app/Contents/Developer/Platforms/MacOSX.platform/Developer/SDKs/MacOSX26.5.sdk -target arm64-apple-macos14.0 -g -module-cache-path /Users/argus/Programming/pdf-reader/.build/xcode-derived/ModuleCache.noindex -Xfrontend -serialize-debugging-options -enable-testing -index-store-path /Users/argus/Programming/pdf-reader/.build/xcode-derived/Index.noindex/DataStore -swift-version 6 -I /Users/argus/Programming/pdf-reader/.build/xcode-derived/Build/Products/Debug -F /Users/argus/Programming/pdf-reader/.build/xcode-derived/Build/Products/Debug -c -j10 -enable-batch-mode -incremental -Xcc -ivfsstatcache -Xcc /Users/argus/Programming/pdf-reader/.build/xcode-derived/SDKStatCaches.noindex/macosx26.5-25F70-e082c4a02f00227109f4ed75e425c832.sdkstatcache -output-file-map /Users/argus/Programming/pdf-reader/.build/xcode-derived/Build/Intermediates.noindex/PDFReader.build/Debug/PDFReaderCore.build/Objects-normal/arm64/PDFReaderCore-OutputFileMap.json -use-frontend-parseable-output -save-temps -no-color-diagnostics -explicit-module-build -module-cache-path /Users/argus/Programming/pdf-reader/.build/xcode-derived/Build/Intermediates.noindex/SwiftExplicitPrecompiledModules -clang-scanner-module-cache-path /Users/argus/Programming/pdf-reader/.build/xcode-derived/ModuleCache.noindex -sdk-module-cache-path /Users/argus/Programming/pdf-reader/.build/xcode-derived/ModuleCache.noindex -serialize-diagnostics -emit-dependencies -emit-module -emit-module-path /Users/argus/Programming/pdf-reader/.build/xcode-derived/Build/Intermediates.noindex/PDFReader.build/Debug/PDFReaderCore.build/Objects-normal/arm64/PDFReaderCore.swiftmodule -validate-clang-modules-once -clang-build-session-file /Users/argus/Programming/pdf-reader/.build/xcode-derived/ModuleCache.noindex/Session.modulevalidation -Xcc -I/Users/argus/Programming/pdf-reader/.build/xcode-derived/Build/Intermediates.noindex/PDFReader.build/Debug/PDFReaderCore.build/swift-overrides.hmap -emit-const-values -Xfrontend -const-gather-protocols-file -Xfrontend /Users/argus/Programming/pdf-reader/.build/xcode-derived/Build/Intermediates.noindex/PDFReader.build/Debug/PDFReaderCore.build/Objects-normal/arm64/PDFReaderCore_const_extract_protocols.json -Xcc -iquote -Xcc /Users/argus/Programming/pdf-reader/.build/xcode-derived/Build/Intermediates.noindex/PDFReader.build/Debug/PDFReaderCore.build/PDFReaderCore-generated-files.hmap -Xcc -I/Users/argus/Programming/pdf-reader/.build/xcode-derived/Build/Intermediates.noindex/PDFReader.build/Debug/PDFReaderCore.build/PDFReaderCore-own-target-headers.hmap -Xcc -I/Users/argus/Programming/pdf-reader/.build/xcode-derived/Build/Intermediates.noindex/PDFReader.build/Debug/PDFReaderCore.build/PDFReaderCore-all-non-framework-target-headers.hmap -Xcc -ivfsoverlay -Xcc /Users/argus/Programming/pdf-reader/.build/xcode-derived/Build/Intermediates.noindex/PDFReader.build/Debug/PDFReader-5ed3f8c2d107e937755ff9345addb7ff-VFS/all-product-headers.yaml -Xcc -iquote -Xcc /Users/argus/Programming/pdf-reader/.build/xcode-derived/Build/Intermediates.noindex/PDFReader.build/Debug/PDFReaderCore.build/PDFReaderCore-project-headers.hmap -Xcc -I/Users/argus/Programming/pdf-reader/.build/xcode-derived/Build/Products/Debug/include -Xcc -I/Users/argus/Programming/pdf-reader/.build/xcode-derived/Build/Intermediates.noindex/PDFReader.build/Debug/PDFReaderCore.build/DerivedSources-normal/arm64 -Xcc -I/Users/argus/Programming/pdf-reader/.build/xcode-derived/Build/Intermediates.noindex/PDFReader.build/Debug/PDFReaderCore.build/DerivedSources/arm64 -Xcc -I/Users/argus/Programming/pdf-reader/.build/xcode-derived/Build/Intermediates.noindex/PDFReader.build/Debug/PDFReaderCore.build/DerivedSources -emit-objc-header -emit-objc-header-path /Users/argus/Programming/pdf-reader/.build/xcode-derived/Build/Intermediates.noindex/PDFReader.build/Debug/PDFReaderCore.build/Objects-normal/arm64/PDFReaderCore-Swift.h -working-directory /Users/argus/Programming/pdf-reader -experimental-emit-module-separately -disable-cmo

SwiftCompile normal arm64 Compiling\ TOMLDocument.swift,\ Token.swift /Users/argus/Programming/pdf-reader/.build/xcode-derived/SourcePackages/checkouts/TOMLDecoder/Sources/TOMLDecoder/Parsing/TOMLDocument.swift /Users/argus/Programming/pdf-reader/.build/xcode-derived/SourcePackages/checkouts/TOMLDecoder/Sources/TOMLDecoder/Parsing/Token.swift (in target 'TOMLDecoder' from project 'TOMLDecoder')

SwiftCompile normal arm64 /Users/argus/Programming/pdf-reader/.build/xcode-derived/SourcePackages/checkouts/TOMLDecoder/Sources/TOMLDecoder/Parsing/TOMLDocument.swift (in target 'TOMLDecoder' from project 'TOMLDecoder')
    cd /Users/argus/Programming/pdf-reader/PDFReader.xcodeproj
    

SwiftCompile normal arm64 /Users/argus/Programming/pdf-reader/.build/xcode-derived/SourcePackages/checkouts/TOMLDecoder/Sources/TOMLDecoder/Parsing/Token.swift (in target 'TOMLDecoder' from project 'TOMLDecoder')
    cd /Users/argus/Programming/pdf-reader/PDFReader.xcodeproj
    

SwiftCompile normal arm64 Compiling\ TOMLTable.swift /Users/argus/Programming/pdf-reader/.build/xcode-derived/SourcePackages/checkouts/TOMLDecoder/Sources/TOMLDecoder/TOMLTable.swift (in target 'TOMLDecoder' from project 'TOMLDecoder')

SwiftCompile normal arm64 /Users/argus/Programming/pdf-reader/.build/xcode-derived/SourcePackages/checkouts/TOMLDecoder/Sources/TOMLDecoder/TOMLTable.swift (in target 'TOMLDecoder' from project 'TOMLDecoder')
    cd /Users/argus/Programming/pdf-reader/PDFReader.xcodeproj
    

SwiftCompile normal arm64 Compiling\ TOMLUnkeyedDecodingContainer.swift /Users/argus/Programming/pdf-reader/.build/xcode-derived/SourcePackages/checkouts/TOMLDecoder/Sources/TOMLDecoder/TOMLUnkeyedDecodingContainer.swift (in target 'TOMLDecoder' from project 'TOMLDecoder')

SwiftCompile normal arm64 /Users/argus/Programming/pdf-reader/.build/xcode-derived/SourcePackages/checkouts/TOMLDecoder/Sources/TOMLDecoder/TOMLUnkeyedDecodingContainer.swift (in target 'TOMLDecoder' from project 'TOMLDecoder')
    cd /Users/argus/Programming/pdf-reader/PDFReader.xcodeproj
    

SwiftCompile normal arm64 Compiling\ TOMLKeyedDecodingContainer.swift /Users/argus/Programming/pdf-reader/.build/xcode-derived/SourcePackages/checkouts/TOMLDecoder/Sources/TOMLDecoder/TOMLKeyedDecodingContainer.swift (in target 'TOMLDecoder' from project 'TOMLDecoder')

SwiftCompile normal arm64 /Users/argus/Programming/pdf-reader/.build/xcode-derived/SourcePackages/checkouts/TOMLDecoder/Sources/TOMLDecoder/TOMLKeyedDecodingContainer.swift (in target 'TOMLDecoder' from project 'TOMLDecoder')
    cd /Users/argus/Programming/pdf-reader/PDFReader.xcodeproj
    

SwiftCompile normal arm64 Compiling\ DateTime.swift,\ Constants.swift /Users/argus/Programming/pdf-reader/.build/xcode-derived/SourcePackages/checkouts/TOMLDecoder/Sources/TOMLDecoder/DateTime.swift /Users/argus/Programming/pdf-reader/.build/xcode-derived/SourcePackages/checkouts/TOMLDecoder/Sources/TOMLDecoder/Parsing/Constants.swift (in target 'TOMLDecoder' from project 'TOMLDecoder')
SwiftCompile normal arm64 /Users/argus/Programming/pdf-reader/.build/xcode-derived/SourcePackages/checkouts/TOMLDecoder/Sources/TOMLDecoder/DateTime.swift (in target 'TOMLDecoder' from project 'TOMLDecoder')
    cd /Users/argus/Programming/pdf-reader/PDFReader.xcodeproj
    

SwiftCompile normal arm64 /Users/argus/Programming/pdf-reader/.build/xcode-derived/SourcePackages/checkouts/TOMLDecoder/Sources/TOMLDecoder/Parsing/Constants.swift (in target 'TOMLDecoder' from project 'TOMLDecoder')
    cd /Users/argus/Programming/pdf-reader/PDFReader.xcodeproj
    

SwiftEmitModule normal arm64 Emitting\ module\ for\ TOMLDecoder (in target 'TOMLDecoder' from project 'TOMLDecoder')

EmitSwiftModule normal arm64 (in target 'TOMLDecoder' from project 'TOMLDecoder')
    cd /Users/argus/Programming/pdf-reader/PDFReader.xcodeproj
    

SwiftCompile normal arm64 Compiling\ TOMLArray.swift,\ TOMLDecoder.swift /Users/argus/Programming/pdf-reader/.build/xcode-derived/SourcePackages/checkouts/TOMLDecoder/Sources/TOMLDecoder/TOMLArray.swift /Users/argus/Programming/pdf-reader/.build/xcode-derived/SourcePackages/checkouts/TOMLDecoder/Sources/TOMLDecoder/TOMLDecoder.swift (in target 'TOMLDecoder' from project 'TOMLDecoder')

SwiftCompile normal arm64 /Users/argus/Programming/pdf-reader/.build/xcode-derived/SourcePackages/checkouts/TOMLDecoder/Sources/TOMLDecoder/TOMLArray.swift (in target 'TOMLDecoder' from project 'TOMLDecoder')
    cd /Users/argus/Programming/pdf-reader/PDFReader.xcodeproj
    

SwiftCompile normal arm64 /Users/argus/Programming/pdf-reader/.build/xcode-derived/SourcePackages/checkouts/TOMLDecoder/Sources/TOMLDecoder/TOMLDecoder.swift (in target 'TOMLDecoder' from project 'TOMLDecoder')
    cd /Users/argus/Programming/pdf-reader/PDFReader.xcodeproj
    

SwiftCompile normal arm64 Compiling\ _TOMLDecoder.swift /Users/argus/Programming/pdf-reader/.build/xcode-derived/SourcePackages/checkouts/TOMLDecoder/Sources/TOMLDecoder/_TOMLDecoder.swift (in target 'TOMLDecoder' from project 'TOMLDecoder')

SwiftCompile normal arm64 /Users/argus/Programming/pdf-reader/.build/xcode-derived/SourcePackages/checkouts/TOMLDecoder/Sources/TOMLDecoder/_TOMLDecoder.swift (in target 'TOMLDecoder' from project 'TOMLDecoder')
    cd /Users/argus/Programming/pdf-reader/PDFReader.xcodeproj
    

SwiftCompile normal arm64 Compiling\ TOMLError.swift,\ TOMLKey.swift /Users/argus/Programming/pdf-reader/.build/xcode-derived/SourcePackages/checkouts/TOMLDecoder/Sources/TOMLDecoder/TOMLError.swift /Users/argus/Programming/pdf-reader/.build/xcode-derived/SourcePackages/checkouts/TOMLDecoder/Sources/TOMLDecoder/TOMLKey.swift (in target 'TOMLDecoder' from project 'TOMLDecoder')

SwiftCompile normal arm64 /Users/argus/Programming/pdf-reader/.build/xcode-derived/SourcePackages/checkouts/TOMLDecoder/Sources/TOMLDecoder/TOMLError.swift (in target 'TOMLDecoder' from project 'TOMLDecoder')
    cd /Users/argus/Programming/pdf-reader/PDFReader.xcodeproj
    

SwiftCompile normal arm64 /Users/argus/Programming/pdf-reader/.build/xcode-derived/SourcePackages/checkouts/TOMLDecoder/Sources/TOMLDecoder/TOMLKey.swift (in target 'TOMLDecoder' from project 'TOMLDecoder')
    cd /Users/argus/Programming/pdf-reader/PDFReader.xcodeproj
    

SwiftCompile normal arm64 Compiling\ TOMLSingleValueDecodingContainer.Generated.swift /Users/argus/Programming/pdf-reader/.build/xcode-derived/SourcePackages/checkouts/TOMLDecoder/Sources/TOMLDecoder/TOMLSingleValueDecodingContainer.Generated.swift (in target 'TOMLDecoder' from project 'TOMLDecoder')

SwiftCompile normal arm64 /Users/argus/Programming/pdf-reader/.build/xcode-derived/SourcePackages/checkouts/TOMLDecoder/Sources/TOMLDecoder/TOMLSingleValueDecodingContainer.Generated.swift (in target 'TOMLDecoder' from project 'TOMLDecoder')
    cd /Users/argus/Programming/pdf-reader/PDFReader.xcodeproj
    

SwiftEmitModule normal arm64 Emitting\ module\ for\ PDFReaderCore (in target 'PDFReaderCore' from project 'PDFReader')

EmitSwiftModule normal arm64 (in target 'PDFReaderCore' from project 'PDFReader')
    cd /Users/argus/Programming/pdf-reader
    

SwiftDriverJobDiscovery normal arm64 Compiling _TOMLDecoder.swift (in target 'TOMLDecoder' from project 'TOMLDecoder')

SwiftCompile normal arm64 Compiling\ Parser+Finish.swift,\ Parser.swift /Users/argus/Programming/pdf-reader/.build/xcode-derived/SourcePackages/checkouts/TOMLDecoder/Sources/TOMLDecoder/Parsing/Parser+Finish.swift /Users/argus/Programming/pdf-reader/.build/xcode-derived/SourcePackages/checkouts/TOMLDecoder/Sources/TOMLDecoder/Parsing/Parser.swift (in target 'TOMLDecoder' from project 'TOMLDecoder')
SwiftCompile normal arm64 /Users/argus/Programming/pdf-reader/.build/xcode-derived/SourcePackages/checkouts/TOMLDecoder/Sources/TOMLDecoder/Parsing/Parser+Finish.swift (in target 'TOMLDecoder' from project 'TOMLDecoder')
    cd /Users/argus/Programming/pdf-reader/PDFReader.xcodeproj
    

SwiftCompile normal arm64 /Users/argus/Programming/pdf-reader/.build/xcode-derived/SourcePackages/checkouts/TOMLDecoder/Sources/TOMLDecoder/Parsing/Parser.swift (in target 'TOMLDecoder' from project 'TOMLDecoder')
    cd /Users/argus/Programming/pdf-reader/PDFReader.xcodeproj
    

SwiftDriverJobDiscovery normal arm64 Compiling TOMLTable.swift (in target 'TOMLDecoder' from project 'TOMLDecoder')

SwiftCompile normal arm64 Compiling\ ActionID.swift,\ ActionRegistry.swift,\ ActionSurfaceRegistry.swift /Users/argus/Programming/pdf-reader/PDFReaderCore/Actions/ActionID.swift /Users/argus/Programming/pdf-reader/PDFReaderCore/Actions/ActionRegistry.swift /Users/argus/Programming/pdf-reader/PDFReaderCore/Actions/ActionSurfaceRegistry.swift (in target 'PDFReaderCore' from project 'PDFReader')

SwiftCompile normal arm64 /Users/argus/Programming/pdf-reader/PDFReaderCore/Actions/ActionID.swift (in target 'PDFReaderCore' from project 'PDFReader')
    cd /Users/argus/Programming/pdf-reader
    

SwiftCompile normal arm64 /Users/argus/Programming/pdf-reader/PDFReaderCore/Actions/ActionRegistry.swift (in target 'PDFReaderCore' from project 'PDFReader')
    cd /Users/argus/Programming/pdf-reader
    

SwiftCompile normal arm64 /Users/argus/Programming/pdf-reader/PDFReaderCore/Actions/ActionSurfaceRegistry.swift (in target 'PDFReaderCore' from project 'PDFReader')
    cd /Users/argus/Programming/pdf-reader
    

SwiftDriverJobDiscovery normal arm64 Compiling TOMLError.swift, TOMLKey.swift (in target 'TOMLDecoder' from project 'TOMLDecoder')

SwiftCompile normal arm64 Compiling\ KeySequence.swift,\ KeySequenceEngine.swift /Users/argus/Programming/pdf-reader/PDFReaderCore/Input/KeySequence.swift /Users/argus/Programming/pdf-reader/PDFReaderCore/Input/KeySequenceEngine.swift (in target 'PDFReaderCore' from project 'PDFReader')

SwiftCompile normal arm64 /Users/argus/Programming/pdf-reader/PDFReaderCore/Input/KeySequence.swift (in target 'PDFReaderCore' from project 'PDFReader')
    cd /Users/argus/Programming/pdf-reader
    

SwiftCompile normal arm64 /Users/argus/Programming/pdf-reader/PDFReaderCore/Input/KeySequenceEngine.swift (in target 'PDFReaderCore' from project 'PDFReader')
    cd /Users/argus/Programming/pdf-reader
    

SwiftDriverJobDiscovery normal arm64 Compiling TOMLKeyedDecodingContainer.swift (in target 'TOMLDecoder' from project 'TOMLDecoder')

SwiftCompile normal arm64 Compiling\ SystemKeyReservationV1.swift,\ BuiltInThemes.swift /Users/argus/Programming/pdf-reader/PDFReaderCore/Input/SystemKeyReservationV1.swift /Users/argus/Programming/pdf-reader/PDFReaderCore/Theme/BuiltInThemes.swift (in target 'PDFReaderCore' from project 'PDFReader')

SwiftCompile normal arm64 /Users/argus/Programming/pdf-reader/PDFReaderCore/Input/SystemKeyReservationV1.swift (in target 'PDFReaderCore' from project 'PDFReader')
    cd /Users/argus/Programming/pdf-reader
    

SwiftCompile normal arm64 /Users/argus/Programming/pdf-reader/PDFReaderCore/Theme/BuiltInThemes.swift (in target 'PDFReaderCore' from project 'PDFReader')
    cd /Users/argus/Programming/pdf-reader
    

SwiftDriverJobDiscovery normal arm64 Compiling TOMLUnkeyedDecodingContainer.swift (in target 'TOMLDecoder' from project 'TOMLDecoder')

SwiftCompile normal arm64 Compiling\ EffectiveAppConfig.swift,\ InputContext.swift /Users/argus/Programming/pdf-reader/PDFReaderCore/Config/EffectiveAppConfig.swift /Users/argus/Programming/pdf-reader/PDFReaderCore/Input/InputContext.swift (in target 'PDFReaderCore' from project 'PDFReader')

SwiftCompile normal arm64 /Users/argus/Programming/pdf-reader/PDFReaderCore/Config/EffectiveAppConfig.swift (in target 'PDFReaderCore' from project 'PDFReader')
    cd /Users/argus/Programming/pdf-reader
    

SwiftCompile normal arm64 /Users/argus/Programming/pdf-reader/PDFReaderCore/Input/InputContext.swift (in target 'PDFReaderCore' from project 'PDFReader')
    cd /Users/argus/Programming/pdf-reader
    

SwiftDriverJobDiscovery normal arm64 Compiling TOMLArray.swift, TOMLDecoder.swift (in target 'TOMLDecoder' from project 'TOMLDecoder')

SwiftCompile normal arm64 Compiling\ ActionBindingPolicy.swift,\ ActionDescriptor.swift,\ ActionDispatcherProtocol.swift /Users/argus/Programming/pdf-reader/PDFReaderCore/Actions/ActionBindingPolicy.swift /Users/argus/Programming/pdf-reader/PDFReaderCore/Actions/ActionDescriptor.swift /Users/argus/Programming/pdf-reader/PDFReaderCore/Actions/ActionDispatcherProtocol.swift (in target 'PDFReaderCore' from project 'PDFReader')

SwiftCompile normal arm64 /Users/argus/Programming/pdf-reader/PDFReaderCore/Actions/ActionBindingPolicy.swift (in target 'PDFReaderCore' from project 'PDFReader')
    cd /Users/argus/Programming/pdf-reader
    

SwiftCompile normal arm64 /Users/argus/Programming/pdf-reader/PDFReaderCore/Actions/ActionDescriptor.swift (in target 'PDFReaderCore' from project 'PDFReader')
    cd /Users/argus/Programming/pdf-reader
    

SwiftCompile normal arm64 /Users/argus/Programming/pdf-reader/PDFReaderCore/Actions/ActionDispatcherProtocol.swift (in target 'PDFReaderCore' from project 'PDFReader')
    cd /Users/argus/Programming/pdf-reader
    

SwiftDriverJobDiscovery normal arm64 Emitting module for TOMLDecoder (in target 'TOMLDecoder' from project 'TOMLDecoder')

SwiftDriver\ Compilation\ Requirements TOMLDecoder normal arm64 com.apple.xcode.tools.swift.compiler (in target 'TOMLDecoder' from project 'TOMLDecoder')
    cd /Users/argus/Programming/pdf-reader/PDFReader.xcodeproj
    builtin-Swift-Compilation-Requirements -- /Applications/Xcode.app/Contents/Developer/Toolchains/XcodeDefault.xctoolchain/usr/bin/swiftc -module-name TOMLDecoder -Onone @/Users/argus/Programming/pdf-reader/.build/xcode-derived/Build/Intermediates.noindex/TOMLDecoder.build/Debug/TOMLDecoder.build/Objects-normal/arm64/TOMLDecoder.SwiftFileList -DSWIFT_PACKAGE -DDEBUG -DSWIFT_MODULE_RESOURCE_BUNDLE_UNAVAILABLE -DXcode -enable-upcoming-feature ExistentialAny -enable-upcoming-feature InternalImportsByDefault -enable-upcoming-feature MemberImportVisibility -plugin-path /Applications/Xcode.app/Contents/Developer/Toolchains/XcodeDefault.xctoolchain/usr/lib/swift/host/plugins/testing -enable-experimental-feature DebugDescriptionMacro -sdk /Applications/Xcode.app/Contents/Developer/Platforms/MacOSX.platform/Developer/SDKs/MacOSX26.5.sdk -target arm64-apple-macos10.15 -g -module-cache-path /Users/argus/Programming/pdf-reader/.build/xcode-derived/ModuleCache.noindex -Xfrontend -serialize-debugging-options -enable-testing -suppress-warnings -index-store-path /Users/argus/Programming/pdf-reader/.build/xcode-derived/Index.noindex/DataStore -Xcc -D_LIBCPP_HARDENING_MODE\=_LIBCPP_HARDENING_MODE_DEBUG -swift-version 6 -I /Users/argus/Programming/pdf-reader/.build/xcode-derived/Build/Products/Debug -Isystem /Applications/Xcode.app/Contents/Developer/Platforms/MacOSX.platform/Developer/usr/lib -F /Users/argus/Programming/pdf-reader/.build/xcode-derived/Build/Products/Debug -F /Applications/Xcode.app/Contents/Developer/Platforms/MacOSX.platform/Developer/Library/Frameworks -c -j10 -enable-batch-mode -incremental -Xcc -ivfsstatcache -Xcc /Users/argus/Programming/pdf-reader/.build/xcode-derived/SDKStatCaches.noindex/macosx26.5-25F70-e082c4a02f00227109f4ed75e425c832.sdkstatcache -output-file-map /Users/argus/Programming/pdf-reader/.build/xcode-derived/Build/Intermediates.noindex/TOMLDecoder.build/Debug/TOMLDecoder.build/Objects-normal/arm64/TOMLDecoder-OutputFileMap.json -use-frontend-parseable-output -save-temps -no-color-diagnostics -explicit-module-build -module-cache-path /Users/argus/Programming/pdf-reader/.build/xcode-derived/Build/Intermediates.noindex/SwiftExplicitPrecompiledModules -clang-scanner-module-cache-path /Users/argus/Programming/pdf-reader/.build/xcode-derived/ModuleCache.noindex -sdk-module-cache-path /Users/argus/Programming/pdf-reader/.build/xcode-derived/ModuleCache.noindex -serialize-diagnostics -emit-dependencies -emit-module -emit-module-path /Users/argus/Programming/pdf-reader/.build/xcode-derived/Build/Intermediates.noindex/TOMLDecoder.build/Debug/TOMLDecoder.build/Objects-normal/arm64/TOMLDecoder.swiftmodule -user-module-version 0.4.5 -validate-clang-modules-once -clang-build-session-file /Users/argus/Programming/pdf-reader/.build/xcode-derived/ModuleCache.noindex/Session.modulevalidation -package-name tomldecoder -Xcc -I/Users/argus/Programming/pdf-reader/.build/xcode-derived/Build/Intermediates.noindex/TOMLDecoder.build/Debug/TOMLDecoder.build/swift-overrides.hmap -emit-const-values -Xfrontend -const-gather-protocols-file -Xfrontend /Users/argus/Programming/pdf-reader/.build/xcode-derived/Build/Intermediates.noindex/TOMLDecoder.build/Debug/TOMLDecoder.build/Objects-normal/arm64/TOMLDecoder_const_extract_protocols.json -Xcc -I/Users/argus/Programming/pdf-reader/.build/xcode-derived/Build/Products/Debug/include -Xcc -I/Users/argus/Programming/pdf-reader/.build/xcode-derived/Build/Intermediates.noindex/TOMLDecoder.build/Debug/TOMLDecoder.build/DerivedSources-normal/arm64 -Xcc -I/Users/argus/Programming/pdf-reader/.build/xcode-derived/Build/Intermediates.noindex/TOMLDecoder.build/Debug/TOMLDecoder.build/DerivedSources/arm64 -Xcc -I/Users/argus/Programming/pdf-reader/.build/xcode-derived/Build/Intermediates.noindex/TOMLDecoder.build/Debug/TOMLDecoder.build/DerivedSources -Xcc -DSWIFT_PACKAGE -Xcc -DDEBUG\=1 -emit-objc-header -emit-objc-header-path /Users/argus/Programming/pdf-reader/.build/xcode-derived/Build/Intermediates.noindex/TOMLDecoder.build/Debug/TOMLDecoder.build/Objects-normal/arm64/TOMLDecoder-Swift.h -working-directory /Users/argus/Programming/pdf-reader/PDFReader.xcodeproj -experimental-emit-module-separately -disable-cmo

SwiftDriverJobDiscovery normal arm64 Compiling TOMLDocument.swift, Token.swift (in target 'TOMLDecoder' from project 'TOMLDecoder')

SwiftCompile normal arm64 Compiling\ MenuEquivalentPolicy.swift,\ BuiltInDefaults.swift,\ ConfigDocumentation.swift /Users/argus/Programming/pdf-reader/PDFReaderCore/Actions/MenuEquivalentPolicy.swift /Users/argus/Programming/pdf-reader/PDFReaderCore/Config/BuiltInDefaults.swift /Users/argus/Programming/pdf-reader/PDFReaderCore/Config/ConfigDocumentation.swift (in target 'PDFReaderCore' from project 'PDFReader')

SwiftCompile normal arm64 /Users/argus/Programming/pdf-reader/PDFReaderCore/Actions/MenuEquivalentPolicy.swift (in target 'PDFReaderCore' from project 'PDFReader')
    cd /Users/argus/Programming/pdf-reader
    

SwiftCompile normal arm64 /Users/argus/Programming/pdf-reader/PDFReaderCore/Config/BuiltInDefaults.swift (in target 'PDFReaderCore' from project 'PDFReader')
    cd /Users/argus/Programming/pdf-reader
    

SwiftCompile normal arm64 /Users/argus/Programming/pdf-reader/PDFReaderCore/Config/ConfigDocumentation.swift (in target 'PDFReaderCore' from project 'PDFReader')
    cd /Users/argus/Programming/pdf-reader
    

SwiftMergeGeneratedHeaders /Users/argus/Programming/pdf-reader/.build/xcode-derived/Build/Intermediates.noindex/GeneratedModuleMaps/TOMLDecoder-Swift.h /Users/argus/Programming/pdf-reader/.build/xcode-derived/Build/Intermediates.noindex/TOMLDecoder.build/Debug/TOMLDecoder.build/Objects-normal/arm64/TOMLDecoder-Swift.h (in target 'TOMLDecoder' from project 'TOMLDecoder')
    cd /Users/argus/Programming/pdf-reader/.build/xcode-derived/SourcePackages/checkouts/TOMLDecoder
    builtin-swiftHeaderTool -arch arm64 /Users/argus/Programming/pdf-reader/.build/xcode-derived/Build/Intermediates.noindex/TOMLDecoder.build/Debug/TOMLDecoder.build/Objects-normal/arm64/TOMLDecoder-Swift.h -o /Users/argus/Programming/pdf-reader/.build/xcode-derived/Build/Intermediates.noindex/GeneratedModuleMaps/TOMLDecoder-Swift.h

SwiftDriverJobDiscovery normal arm64 Compiling TOMLSingleValueDecodingContainer.Generated.swift (in target 'TOMLDecoder' from project 'TOMLDecoder')

Copy /Users/argus/Programming/pdf-reader/.build/xcode-derived/Build/Products/Debug/TOMLDecoder.swiftmodule/arm64-apple-macos.swiftmodule /Users/argus/Programming/pdf-reader/.build/xcode-derived/Build/Intermediates.noindex/TOMLDecoder.build/Debug/TOMLDecoder.build/Objects-normal/arm64/TOMLDecoder.swiftmodule (in target 'TOMLDecoder' from project 'TOMLDecoder')
    cd /Users/argus/Programming/pdf-reader/.build/xcode-derived/SourcePackages/checkouts/TOMLDecoder
    builtin-copy -exclude .DS_Store -exclude CVS -exclude .svn -exclude .git -exclude .hg -resolve-src-symlinks -rename /Users/argus/Programming/pdf-reader/.build/xcode-derived/Build/Intermediates.noindex/TOMLDecoder.build/Debug/TOMLDecoder.build/Objects-normal/arm64/TOMLDecoder.swiftmodule /Users/argus/Programming/pdf-reader/.build/xcode-derived/Build/Products/Debug/TOMLDecoder.swiftmodule/arm64-apple-macos.swiftmodule

Copy /Users/argus/Programming/pdf-reader/.build/xcode-derived/Build/Products/Debug/TOMLDecoder.swiftmodule/arm64-apple-macos.swiftdoc /Users/argus/Programming/pdf-reader/.build/xcode-derived/Build/Intermediates.noindex/TOMLDecoder.build/Debug/TOMLDecoder.build/Objects-normal/arm64/TOMLDecoder.swiftdoc (in target 'TOMLDecoder' from project 'TOMLDecoder')
    cd /Users/argus/Programming/pdf-reader/.build/xcode-derived/SourcePackages/checkouts/TOMLDecoder
    builtin-copy -exclude .DS_Store -exclude CVS -exclude .svn -exclude .git -exclude .hg -resolve-src-symlinks -rename /Users/argus/Programming/pdf-reader/.build/xcode-derived/Build/Intermediates.noindex/TOMLDecoder.build/Debug/TOMLDecoder.build/Objects-normal/arm64/TOMLDecoder.swiftdoc /Users/argus/Programming/pdf-reader/.build/xcode-derived/Build/Products/Debug/TOMLDecoder.swiftmodule/arm64-apple-macos.swiftdoc

Copy /Users/argus/Programming/pdf-reader/.build/xcode-derived/Build/Products/Debug/TOMLDecoder.swiftmodule/arm64-apple-macos.abi.json /Users/argus/Programming/pdf-reader/.build/xcode-derived/Build/Intermediates.noindex/TOMLDecoder.build/Debug/TOMLDecoder.build/Objects-normal/arm64/TOMLDecoder.abi.json (in target 'TOMLDecoder' from project 'TOMLDecoder')
    cd /Users/argus/Programming/pdf-reader/.build/xcode-derived/SourcePackages/checkouts/TOMLDecoder
    builtin-copy -exclude .DS_Store -exclude CVS -exclude .svn -exclude .git -exclude .hg -resolve-src-symlinks -rename /Users/argus/Programming/pdf-reader/.build/xcode-derived/Build/Intermediates.noindex/TOMLDecoder.build/Debug/TOMLDecoder.build/Objects-normal/arm64/TOMLDecoder.abi.json /Users/argus/Programming/pdf-reader/.build/xcode-derived/Build/Products/Debug/TOMLDecoder.swiftmodule/arm64-apple-macos.abi.json

Copy /Users/argus/Programming/pdf-reader/.build/xcode-derived/Build/Products/Debug/TOMLDecoder.swiftmodule/Project/arm64-apple-macos.swiftsourceinfo /Users/argus/Programming/pdf-reader/.build/xcode-derived/Build/Intermediates.noindex/TOMLDecoder.build/Debug/TOMLDecoder.build/Objects-normal/arm64/TOMLDecoder.swiftsourceinfo (in target 'TOMLDecoder' from project 'TOMLDecoder')
    cd /Users/argus/Programming/pdf-reader/.build/xcode-derived/SourcePackages/checkouts/TOMLDecoder
    builtin-copy -exclude .DS_Store -exclude CVS -exclude .svn -exclude .git -exclude .hg -resolve-src-symlinks -rename /Users/argus/Programming/pdf-reader/.build/xcode-derived/Build/Intermediates.noindex/TOMLDecoder.build/Debug/TOMLDecoder.build/Objects-normal/arm64/TOMLDecoder.swiftsourceinfo /Users/argus/Programming/pdf-reader/.build/xcode-derived/Build/Products/Debug/TOMLDecoder.swiftmodule/Project/arm64-apple-macos.swiftsourceinfo

SwiftDriverJobDiscovery normal arm64 Compiling SystemKeyReservationV1.swift, BuiltInThemes.swift (in target 'PDFReaderCore' from project 'PDFReader')

SwiftCompile normal arm64 Compiling\ Theme.swift,\ CoreVersion.swift /Users/argus/Programming/pdf-reader/PDFReaderCore/Theme/Theme.swift /Users/argus/Programming/pdf-reader/PDFReaderCore/CoreVersion.swift (in target 'PDFReaderCore' from project 'PDFReader')

SwiftCompile normal arm64 /Users/argus/Programming/pdf-reader/PDFReaderCore/Theme/Theme.swift (in target 'PDFReaderCore' from project 'PDFReader')
    cd /Users/argus/Programming/pdf-reader
    

SwiftCompile normal arm64 /Users/argus/Programming/pdf-reader/PDFReaderCore/CoreVersion.swift (in target 'PDFReaderCore' from project 'PDFReader')
    cd /Users/argus/Programming/pdf-reader
    

SwiftCompile normal arm64 Compiling\ PromptNativeReservationV1.swift,\ PromptSafeBindingPredicate.swift /Users/argus/Programming/pdf-reader/PDFReaderCore/Input/PromptNativeReservationV1.swift /Users/argus/Programming/pdf-reader/PDFReaderCore/Input/PromptSafeBindingPredicate.swift (in target 'PDFReaderCore' from project 'PDFReader')

SwiftCompile normal arm64 /Users/argus/Programming/pdf-reader/PDFReaderCore/Input/PromptNativeReservationV1.swift (in target 'PDFReaderCore' from project 'PDFReader')
    cd /Users/argus/Programming/pdf-reader
    

SwiftCompile normal arm64 /Users/argus/Programming/pdf-reader/PDFReaderCore/Input/PromptSafeBindingPredicate.swift (in target 'PDFReaderCore' from project 'PDFReader')
    cd /Users/argus/Programming/pdf-reader
    

SwiftDriverJobDiscovery normal arm64 Compiling EffectiveAppConfig.swift, InputContext.swift (in target 'PDFReaderCore' from project 'PDFReader')

SwiftCompile normal arm64 Compiling\ KeyToken.swift,\ PageNumberInputBuffer.swift /Users/argus/Programming/pdf-reader/PDFReaderCore/Input/KeyToken.swift /Users/argus/Programming/pdf-reader/PDFReaderCore/Input/PageNumberInputBuffer.swift (in target 'PDFReaderCore' from project 'PDFReader')

SwiftCompile normal arm64 /Users/argus/Programming/pdf-reader/PDFReaderCore/Input/KeyToken.swift (in target 'PDFReaderCore' from project 'PDFReader')
    cd /Users/argus/Programming/pdf-reader
    

SwiftCompile normal arm64 /Users/argus/Programming/pdf-reader/PDFReaderCore/Input/PageNumberInputBuffer.swift (in target 'PDFReaderCore' from project 'PDFReader')
    cd /Users/argus/Programming/pdf-reader
    

SwiftDriverJobDiscovery normal arm64 Compiling ActionID.swift, ActionRegistry.swift, ActionSurfaceRegistry.swift (in target 'PDFReaderCore' from project 'PDFReader')

SwiftCompile normal arm64 Compiling\ KeySequenceParser.swift,\ KeySequenceTrie.swift /Users/argus/Programming/pdf-reader/PDFReaderCore/Input/KeySequenceParser.swift /Users/argus/Programming/pdf-reader/PDFReaderCore/Input/KeySequenceTrie.swift (in target 'PDFReaderCore' from project 'PDFReader')

SwiftCompile normal arm64 /Users/argus/Programming/pdf-reader/PDFReaderCore/Input/KeySequenceParser.swift (in target 'PDFReaderCore' from project 'PDFReader')
    cd /Users/argus/Programming/pdf-reader
    

SwiftCompile normal arm64 /Users/argus/Programming/pdf-reader/PDFReaderCore/Input/KeySequenceTrie.swift (in target 'PDFReaderCore' from project 'PDFReader')
    cd /Users/argus/Programming/pdf-reader
    

SwiftDriverJobDiscovery normal arm64 Emitting module for PDFReaderCore (in target 'PDFReaderCore' from project 'PDFReader')

SwiftDriver\ Compilation\ Requirements PDFReaderCore normal arm64 com.apple.xcode.tools.swift.compiler (in target 'PDFReaderCore' from project 'PDFReader')
    cd /Users/argus/Programming/pdf-reader
    builtin-Swift-Compilation-Requirements -- /Applications/Xcode.app/Contents/Developer/Toolchains/XcodeDefault.xctoolchain/usr/bin/swiftc -module-name PDFReaderCore -Onone @/Users/argus/Programming/pdf-reader/.build/xcode-derived/Build/Intermediates.noindex/PDFReader.build/Debug/PDFReaderCore.build/Objects-normal/arm64/PDFReaderCore.SwiftFileList -DDEBUG -enable-experimental-feature DebugDescriptionMacro -sdk /Applications/Xcode.app/Contents/Developer/Platforms/MacOSX.platform/Developer/SDKs/MacOSX26.5.sdk -target arm64-apple-macos14.0 -g -module-cache-path /Users/argus/Programming/pdf-reader/.build/xcode-derived/ModuleCache.noindex -Xfrontend -serialize-debugging-options -enable-testing -index-store-path /Users/argus/Programming/pdf-reader/.build/xcode-derived/Index.noindex/DataStore -swift-version 6 -I /Users/argus/Programming/pdf-reader/.build/xcode-derived/Build/Products/Debug -F /Users/argus/Programming/pdf-reader/.build/xcode-derived/Build/Products/Debug -c -j10 -enable-batch-mode -incremental -Xcc -ivfsstatcache -Xcc /Users/argus/Programming/pdf-reader/.build/xcode-derived/SDKStatCaches.noindex/macosx26.5-25F70-e082c4a02f00227109f4ed75e425c832.sdkstatcache -output-file-map /Users/argus/Programming/pdf-reader/.build/xcode-derived/Build/Intermediates.noindex/PDFReader.build/Debug/PDFReaderCore.build/Objects-normal/arm64/PDFReaderCore-OutputFileMap.json -use-frontend-parseable-output -save-temps -no-color-diagnostics -explicit-module-build -module-cache-path /Users/argus/Programming/pdf-reader/.build/xcode-derived/Build/Intermediates.noindex/SwiftExplicitPrecompiledModules -clang-scanner-module-cache-path /Users/argus/Programming/pdf-reader/.build/xcode-derived/ModuleCache.noindex -sdk-module-cache-path /Users/argus/Programming/pdf-reader/.build/xcode-derived/ModuleCache.noindex -serialize-diagnostics -emit-dependencies -emit-module -emit-module-path /Users/argus/Programming/pdf-reader/.build/xcode-derived/Build/Intermediates.noindex/PDFReader.build/Debug/PDFReaderCore.build/Objects-normal/arm64/PDFReaderCore.swiftmodule -validate-clang-modules-once -clang-build-session-file /Users/argus/Programming/pdf-reader/.build/xcode-derived/ModuleCache.noindex/Session.modulevalidation -Xcc -I/Users/argus/Programming/pdf-reader/.build/xcode-derived/Build/Intermediates.noindex/PDFReader.build/Debug/PDFReaderCore.build/swift-overrides.hmap -emit-const-values -Xfrontend -const-gather-protocols-file -Xfrontend /Users/argus/Programming/pdf-reader/.build/xcode-derived/Build/Intermediates.noindex/PDFReader.build/Debug/PDFReaderCore.build/Objects-normal/arm64/PDFReaderCore_const_extract_protocols.json -Xcc -iquote -Xcc /Users/argus/Programming/pdf-reader/.build/xcode-derived/Build/Intermediates.noindex/PDFReader.build/Debug/PDFReaderCore.build/PDFReaderCore-generated-files.hmap -Xcc -I/Users/argus/Programming/pdf-reader/.build/xcode-derived/Build/Intermediates.noindex/PDFReader.build/Debug/PDFReaderCore.build/PDFReaderCore-own-target-headers.hmap -Xcc -I/Users/argus/Programming/pdf-reader/.build/xcode-derived/Build/Intermediates.noindex/PDFReader.build/Debug/PDFReaderCore.build/PDFReaderCore-all-non-framework-target-headers.hmap -Xcc -ivfsoverlay -Xcc /Users/argus/Programming/pdf-reader/.build/xcode-derived/Build/Intermediates.noindex/PDFReader.build/Debug/PDFReader-5ed3f8c2d107e937755ff9345addb7ff-VFS/all-product-headers.yaml -Xcc -iquote -Xcc /Users/argus/Programming/pdf-reader/.build/xcode-derived/Build/Intermediates.noindex/PDFReader.build/Debug/PDFReaderCore.build/PDFReaderCore-project-headers.hmap -Xcc -I/Users/argus/Programming/pdf-reader/.build/xcode-derived/Build/Products/Debug/include -Xcc -I/Users/argus/Programming/pdf-reader/.build/xcode-derived/Build/Intermediates.noindex/PDFReader.build/Debug/PDFReaderCore.build/DerivedSources-normal/arm64 -Xcc -I/Users/argus/Programming/pdf-reader/.build/xcode-derived/Build/Intermediates.noindex/PDFReader.build/Debug/PDFReaderCore.build/DerivedSources/arm64 -Xcc -I/Users/argus/Programming/pdf-reader/.build/xcode-derived/Build/Intermediates.noindex/PDFReader.build/Debug/PDFReaderCore.build/DerivedSources -emit-objc-header -emit-objc-header-path /Users/argus/Programming/pdf-reader/.build/xcode-derived/Build/Intermediates.noindex/PDFReader.build/Debug/PDFReaderCore.build/Objects-normal/arm64/PDFReaderCore-Swift.h -working-directory /Users/argus/Programming/pdf-reader -experimental-emit-module-separately -disable-cmo

SwiftMergeGeneratedHeaders /Users/argus/Programming/pdf-reader/.build/xcode-derived/Build/Products/Debug/PDFReaderCore.framework/Versions/A/Headers/PDFReaderCore-Swift.h /Users/argus/Programming/pdf-reader/.build/xcode-derived/Build/Intermediates.noindex/PDFReader.build/Debug/PDFReaderCore.build/Objects-normal/arm64/PDFReaderCore-Swift.h (in target 'PDFReaderCore' from project 'PDFReader')
    cd /Users/argus/Programming/pdf-reader
    builtin-swiftHeaderTool -arch arm64 /Users/argus/Programming/pdf-reader/.build/xcode-derived/Build/Intermediates.noindex/PDFReader.build/Debug/PDFReaderCore.build/Objects-normal/arm64/PDFReaderCore-Swift.h -o /Users/argus/Programming/pdf-reader/.build/xcode-derived/Build/Products/Debug/PDFReaderCore.framework/Versions/A/Headers/PDFReaderCore-Swift.h

Copy /Users/argus/Programming/pdf-reader/.build/xcode-derived/Build/Products/Debug/PDFReaderCore.framework/Versions/A/Modules/PDFReaderCore.swiftmodule/arm64-apple-macos.swiftmodule /Users/argus/Programming/pdf-reader/.build/xcode-derived/Build/Intermediates.noindex/PDFReader.build/Debug/PDFReaderCore.build/Objects-normal/arm64/PDFReaderCore.swiftmodule (in target 'PDFReaderCore' from project 'PDFReader')
    cd /Users/argus/Programming/pdf-reader
    builtin-copy -exclude .DS_Store -exclude CVS -exclude .svn -exclude .git -exclude .hg -resolve-src-symlinks -rename /Users/argus/Programming/pdf-reader/.build/xcode-derived/Build/Intermediates.noindex/PDFReader.build/Debug/PDFReaderCore.build/Objects-normal/arm64/PDFReaderCore.swiftmodule /Users/argus/Programming/pdf-reader/.build/xcode-derived/Build/Products/Debug/PDFReaderCore.framework/Versions/A/Modules/PDFReaderCore.swiftmodule/arm64-apple-macos.swiftmodule

Copy /Users/argus/Programming/pdf-reader/.build/xcode-derived/Build/Products/Debug/PDFReaderCore.framework/Versions/A/Modules/PDFReaderCore.swiftmodule/arm64-apple-macos.swiftdoc /Users/argus/Programming/pdf-reader/.build/xcode-derived/Build/Intermediates.noindex/PDFReader.build/Debug/PDFReaderCore.build/Objects-normal/arm64/PDFReaderCore.swiftdoc (in target 'PDFReaderCore' from project 'PDFReader')
    cd /Users/argus/Programming/pdf-reader
    builtin-copy -exclude .DS_Store -exclude CVS -exclude .svn -exclude .git -exclude .hg -resolve-src-symlinks -rename /Users/argus/Programming/pdf-reader/.build/xcode-derived/Build/Intermediates.noindex/PDFReader.build/Debug/PDFReaderCore.build/Objects-normal/arm64/PDFReaderCore.swiftdoc /Users/argus/Programming/pdf-reader/.build/xcode-derived/Build/Products/Debug/PDFReaderCore.framework/Versions/A/Modules/PDFReaderCore.swiftmodule/arm64-apple-macos.swiftdoc

SwiftDriverJobDiscovery normal arm64 Compiling ActionBindingPolicy.swift, ActionDescriptor.swift, ActionDispatcherProtocol.swift (in target 'PDFReaderCore' from project 'PDFReader')

Copy /Users/argus/Programming/pdf-reader/.build/xcode-derived/Build/Products/Debug/PDFReaderCore.framework/Versions/A/Modules/PDFReaderCore.swiftmodule/arm64-apple-macos.abi.json /Users/argus/Programming/pdf-reader/.build/xcode-derived/Build/Intermediates.noindex/PDFReader.build/Debug/PDFReaderCore.build/Objects-normal/arm64/PDFReaderCore.abi.json (in target 'PDFReaderCore' from project 'PDFReader')
    cd /Users/argus/Programming/pdf-reader
    builtin-copy -exclude .DS_Store -exclude CVS -exclude .svn -exclude .git -exclude .hg -resolve-src-symlinks -rename /Users/argus/Programming/pdf-reader/.build/xcode-derived/Build/Intermediates.noindex/PDFReader.build/Debug/PDFReaderCore.build/Objects-normal/arm64/PDFReaderCore.abi.json /Users/argus/Programming/pdf-reader/.build/xcode-derived/Build/Products/Debug/PDFReaderCore.framework/Versions/A/Modules/PDFReaderCore.swiftmodule/arm64-apple-macos.abi.json

Copy /Users/argus/Programming/pdf-reader/.build/xcode-derived/Build/Products/Debug/PDFReaderCore.framework/Versions/A/Modules/PDFReaderCore.swiftmodule/Project/arm64-apple-macos.swiftsourceinfo /Users/argus/Programming/pdf-reader/.build/xcode-derived/Build/Intermediates.noindex/PDFReader.build/Debug/PDFReaderCore.build/Objects-normal/arm64/PDFReaderCore.swiftsourceinfo (in target 'PDFReaderCore' from project 'PDFReader')
    cd /Users/argus/Programming/pdf-reader
    builtin-copy -exclude .DS_Store -exclude CVS -exclude .svn -exclude .git -exclude .hg -resolve-src-symlinks -rename /Users/argus/Programming/pdf-reader/.build/xcode-derived/Build/Intermediates.noindex/PDFReader.build/Debug/PDFReaderCore.build/Objects-normal/arm64/PDFReaderCore.swiftsourceinfo /Users/argus/Programming/pdf-reader/.build/xcode-derived/Build/Products/Debug/PDFReaderCore.framework/Versions/A/Modules/PDFReaderCore.swiftmodule/Project/arm64-apple-macos.swiftsourceinfo

SwiftDriver PDFReaderApp normal arm64 com.apple.xcode.tools.swift.compiler (in target 'PDFReaderApp' from project 'PDFReader')
    cd /Users/argus/Programming/pdf-reader
    builtin-SwiftDriver -- /Applications/Xcode.app/Contents/Developer/Toolchains/XcodeDefault.xctoolchain/usr/bin/swiftc -module-name PDFReader -Onone @/Users/argus/Programming/pdf-reader/.build/xcode-derived/Build/Intermediates.noindex/PDFReader.build/Debug/PDFReaderApp.build/Objects-normal/arm64/PDFReader.SwiftFileList -DDEBUG -enable-experimental-feature DebugDescriptionMacro -sdk /Applications/Xcode.app/Contents/Developer/Platforms/MacOSX.platform/Developer/SDKs/MacOSX26.5.sdk -target arm64-apple-macos14.0 -g -module-cache-path /Users/argus/Programming/pdf-reader/.build/xcode-derived/ModuleCache.noindex -Xfrontend -serialize-debugging-options -enable-testing -index-store-path /Users/argus/Programming/pdf-reader/.build/xcode-derived/Index.noindex/DataStore -swift-version 6 -I /Users/argus/Programming/pdf-reader/.build/xcode-derived/Build/Products/Debug -F /Users/argus/Programming/pdf-reader/.build/xcode-derived/Build/Products/Debug/PackageFrameworks -F /Users/argus/Programming/pdf-reader/.build/xcode-derived/Build/Products/Debug -parse-as-library -c -j10 -enable-batch-mode -incremental -Xcc -ivfsstatcache -Xcc /Users/argus/Programming/pdf-reader/.build/xcode-derived/SDKStatCaches.noindex/macosx26.5-25F70-e082c4a02f00227109f4ed75e425c832.sdkstatcache -output-file-map /Users/argus/Programming/pdf-reader/.build/xcode-derived/Build/Intermediates.noindex/PDFReader.build/Debug/PDFReaderApp.build/Objects-normal/arm64/PDFReaderApp-OutputFileMap.json -use-frontend-parseable-output -save-temps -no-color-diagnostics -explicit-module-build -module-cache-path /Users/argus/Programming/pdf-reader/.build/xcode-derived/Build/Intermediates.noindex/SwiftExplicitPrecompiledModules -clang-scanner-module-cache-path /Users/argus/Programming/pdf-reader/.build/xcode-derived/ModuleCache.noindex -sdk-module-cache-path /Users/argus/Programming/pdf-reader/.build/xcode-derived/ModuleCache.noindex -serialize-diagnostics -emit-dependencies -emit-module -emit-module-path /Users/argus/Programming/pdf-reader/.build/xcode-derived/Build/Intermediates.noindex/PDFReader.build/Debug/PDFReaderApp.build/Objects-normal/arm64/PDFReader.swiftmodule -validate-clang-modules-once -clang-build-session-file /Users/argus/Programming/pdf-reader/.build/xcode-derived/ModuleCache.noindex/Session.modulevalidation -Xcc -I/Users/argus/Programming/pdf-reader/.build/xcode-derived/Build/Intermediates.noindex/PDFReader.build/Debug/PDFReaderApp.build/swift-overrides.hmap -emit-const-values -Xfrontend -const-gather-protocols-file -Xfrontend /Users/argus/Programming/pdf-reader/.build/xcode-derived/Build/Intermediates.noindex/PDFReader.build/Debug/PDFReaderApp.build/Objects-normal/arm64/PDFReaderApp_const_extract_protocols.json -Xcc -iquote -Xcc /Users/argus/Programming/pdf-reader/.build/xcode-derived/Build/Intermediates.noindex/PDFReader.build/Debug/PDFReaderApp.build/PDFReader-generated-files.hmap -Xcc -I/Users/argus/Programming/pdf-reader/.build/xcode-derived/Build/Intermediates.noindex/PDFReader.build/Debug/PDFReaderApp.build/PDFReader-own-target-headers.hmap -Xcc -I/Users/argus/Programming/pdf-reader/.build/xcode-derived/Build/Intermediates.noindex/PDFReader.build/Debug/PDFReaderApp.build/PDFReader-all-non-framework-target-headers.hmap -Xcc -ivfsoverlay -Xcc /Users/argus/Programming/pdf-reader/.build/xcode-derived/Build/Intermediates.noindex/PDFReader.build/Debug/PDFReader-5ed3f8c2d107e937755ff9345addb7ff-VFS/all-product-headers.yaml -Xcc -iquote -Xcc /Users/argus/Programming/pdf-reader/.build/xcode-derived/Build/Intermediates.noindex/PDFReader.build/Debug/PDFReaderApp.build/PDFReader-project-headers.hmap -Xcc -I/Users/argus/Programming/pdf-reader/.build/xcode-derived/Build/Products/Debug/include -Xcc -I/Users/argus/Programming/pdf-reader/.build/xcode-derived/Build/Intermediates.noindex/PDFReader.build/Debug/PDFReaderApp.build/DerivedSources-normal/arm64 -Xcc -I/Users/argus/Programming/pdf-reader/.build/xcode-derived/Build/Intermediates.noindex/PDFReader.build/Debug/PDFReaderApp.build/DerivedSources/arm64 -Xcc -I/Users/argus/Programming/pdf-reader/.build/xcode-derived/Build/Intermediates.noindex/PDFReader.build/Debug/PDFReaderApp.build/DerivedSources -emit-objc-header -emit-objc-header-path /Users/argus/Programming/pdf-reader/.build/xcode-derived/Build/Intermediates.noindex/PDFReader.build/Debug/PDFReaderApp.build/Objects-normal/arm64/PDFReader-Swift.h -working-directory /Users/argus/Programming/pdf-reader -experimental-emit-module-separately -disable-cmo

SwiftDriverJobDiscovery normal arm64 Compiling KeySequence.swift, KeySequenceEngine.swift (in target 'PDFReaderCore' from project 'PDFReader')

SwiftDriverJobDiscovery normal arm64 Compiling Theme.swift, CoreVersion.swift (in target 'PDFReaderCore' from project 'PDFReader')

SwiftDriverJobDiscovery normal arm64 Compiling PromptNativeReservationV1.swift, PromptSafeBindingPredicate.swift (in target 'PDFReaderCore' from project 'PDFReader')

SwiftDriverJobDiscovery normal arm64 Compiling DateTime.swift, Constants.swift (in target 'TOMLDecoder' from project 'TOMLDecoder')

SwiftDriverJobDiscovery normal arm64 Compiling MenuEquivalentPolicy.swift, BuiltInDefaults.swift, ConfigDocumentation.swift (in target 'PDFReaderCore' from project 'PDFReader')

SwiftDriverJobDiscovery normal arm64 Compiling KeyToken.swift, PageNumberInputBuffer.swift (in target 'PDFReaderCore' from project 'PDFReader')

SwiftCompile normal arm64 Compiling\ AppDelegate.swift /Users/argus/Programming/pdf-reader/PDFReaderApp/AppDelegate.swift (in target 'PDFReaderApp' from project 'PDFReader')

SwiftCompile normal arm64 /Users/argus/Programming/pdf-reader/PDFReaderApp/AppDelegate.swift (in target 'PDFReaderApp' from project 'PDFReader')
    cd /Users/argus/Programming/pdf-reader
    

SwiftEmitModule normal arm64 Emitting\ module\ for\ PDFReader (in target 'PDFReaderApp' from project 'PDFReader')

SwiftCompile normal arm64 /Users/argus/Programming/pdf-reader/PDFReaderApp/AppDelegate.swift (in target 'PDFReaderApp' from project 'PDFReader')
    cd /Users/argus/Programming/pdf-reader
    

SwiftDriverJobDiscovery normal arm64 Compiling KeySequenceParser.swift, KeySequenceTrie.swift (in target 'PDFReaderCore' from project 'PDFReader')

SwiftDriver\ Compilation PDFReaderCore normal arm64 com.apple.xcode.tools.swift.compiler (in target 'PDFReaderCore' from project 'PDFReader')
    cd /Users/argus/Programming/pdf-reader
    builtin-Swift-Compilation -- /Applications/Xcode.app/Contents/Developer/Toolchains/XcodeDefault.xctoolchain/usr/bin/swiftc -module-name PDFReaderCore -Onone @/Users/argus/Programming/pdf-reader/.build/xcode-derived/Build/Intermediates.noindex/PDFReader.build/Debug/PDFReaderCore.build/Objects-normal/arm64/PDFReaderCore.SwiftFileList -DDEBUG -enable-experimental-feature DebugDescriptionMacro -sdk /Applications/Xcode.app/Contents/Developer/Platforms/MacOSX.platform/Developer/SDKs/MacOSX26.5.sdk -target arm64-apple-macos14.0 -g -module-cache-path /Users/argus/Programming/pdf-reader/.build/xcode-derived/ModuleCache.noindex -Xfrontend -serialize-debugging-options -enable-testing -index-store-path /Users/argus/Programming/pdf-reader/.build/xcode-derived/Index.noindex/DataStore -swift-version 6 -I /Users/argus/Programming/pdf-reader/.build/xcode-derived/Build/Products/Debug -F /Users/argus/Programming/pdf-reader/.build/xcode-derived/Build/Products/Debug -c -j10 -enable-batch-mode -incremental -Xcc -ivfsstatcache -Xcc /Users/argus/Programming/pdf-reader/.build/xcode-derived/SDKStatCaches.noindex/macosx26.5-25F70-e082c4a02f00227109f4ed75e425c832.sdkstatcache -output-file-map /Users/argus/Programming/pdf-reader/.build/xcode-derived/Build/Intermediates.noindex/PDFReader.build/Debug/PDFReaderCore.build/Objects-normal/arm64/PDFReaderCore-OutputFileMap.json -use-frontend-parseable-output -save-temps -no-color-diagnostics -explicit-module-build -module-cache-path /Users/argus/Programming/pdf-reader/.build/xcode-derived/Build/Intermediates.noindex/SwiftExplicitPrecompiledModules -clang-scanner-module-cache-path /Users/argus/Programming/pdf-reader/.build/xcode-derived/ModuleCache.noindex -sdk-module-cache-path /Users/argus/Programming/pdf-reader/.build/xcode-derived/ModuleCache.noindex -serialize-diagnostics -emit-dependencies -emit-module -emit-module-path /Users/argus/Programming/pdf-reader/.build/xcode-derived/Build/Intermediates.noindex/PDFReader.build/Debug/PDFReaderCore.build/Objects-normal/arm64/PDFReaderCore.swiftmodule -validate-clang-modules-once -clang-build-session-file /Users/argus/Programming/pdf-reader/.build/xcode-derived/ModuleCache.noindex/Session.modulevalidation -Xcc -I/Users/argus/Programming/pdf-reader/.build/xcode-derived/Build/Intermediates.noindex/PDFReader.build/Debug/PDFReaderCore.build/swift-overrides.hmap -emit-const-values -Xfrontend -const-gather-protocols-file -Xfrontend /Users/argus/Programming/pdf-reader/.build/xcode-derived/Build/Intermediates.noindex/PDFReader.build/Debug/PDFReaderCore.build/Objects-normal/arm64/PDFReaderCore_const_extract_protocols.json -Xcc -iquote -Xcc /Users/argus/Programming/pdf-reader/.build/xcode-derived/Build/Intermediates.noindex/PDFReader.build/Debug/PDFReaderCore.build/PDFReaderCore-generated-files.hmap -Xcc -I/Users/argus/Programming/pdf-reader/.build/xcode-derived/Build/Intermediates.noindex/PDFReader.build/Debug/PDFReaderCore.build/PDFReaderCore-own-target-headers.hmap -Xcc -I/Users/argus/Programming/pdf-reader/.build/xcode-derived/Build/Intermediates.noindex/PDFReader.build/Debug/PDFReaderCore.build/PDFReaderCore-all-non-framework-target-headers.hmap -Xcc -ivfsoverlay -Xcc /Users/argus/Programming/pdf-reader/.build/xcode-derived/Build/Intermediates.noindex/PDFReader.build/Debug/PDFReader-5ed3f8c2d107e937755ff9345addb7ff-VFS/all-product-headers.yaml -Xcc -iquote -Xcc /Users/argus/Programming/pdf-reader/.build/xcode-derived/Build/Intermediates.noindex/PDFReader.build/Debug/PDFReaderCore.build/PDFReaderCore-project-headers.hmap -Xcc -I/Users/argus/Programming/pdf-reader/.build/xcode-derived/Build/Products/Debug/include -Xcc -I/Users/argus/Programming/pdf-reader/.build/xcode-derived/Build/Intermediates.noindex/PDFReader.build/Debug/PDFReaderCore.build/DerivedSources-normal/arm64 -Xcc -I/Users/argus/Programming/pdf-reader/.build/xcode-derived/Build/Intermediates.noindex/PDFReader.build/Debug/PDFReaderCore.build/DerivedSources/arm64 -Xcc -I/Users/argus/Programming/pdf-reader/.build/xcode-derived/Build/Intermediates.noindex/PDFReader.build/Debug/PDFReaderCore.build/DerivedSources -emit-objc-header -emit-objc-header-path /Users/argus/Programming/pdf-reader/.build/xcode-derived/Build/Intermediates.noindex/PDFReader.build/Debug/PDFReaderCore.build/Objects-normal/arm64/PDFReaderCore-Swift.h -working-directory /Users/argus/Programming/pdf-reader -experimental-emit-module-separately -disable-cmo

Ld /Users/argus/Programming/pdf-reader/.build/xcode-derived/Build/Products/Debug/PDFReaderCore.framework/Versions/A/PDFReaderCore normal (in target 'PDFReaderCore' from project 'PDFReader')
    cd /Users/argus/Programming/pdf-reader
    /Applications/Xcode.app/Contents/Developer/Toolchains/XcodeDefault.xctoolchain/usr/bin/clang -Xlinker -reproducible -target arm64-apple-macos14.0 -dynamiclib -isysroot /Applications/Xcode.app/Contents/Developer/Platforms/MacOSX.platform/Developer/SDKs/MacOSX26.5.sdk -Os -L/Users/argus/Programming/pdf-reader/.build/xcode-derived/Build/Intermediates.noindex/EagerLinkingTBDs/Debug -L/Users/argus/Programming/pdf-reader/.build/xcode-derived/Build/Products/Debug -F/Users/argus/Programming/pdf-reader/.build/xcode-derived/Build/Intermediates.noindex/EagerLinkingTBDs/Debug -F/Users/argus/Programming/pdf-reader/.build/xcode-derived/Build/Products/Debug -filelist /Users/argus/Programming/pdf-reader/.build/xcode-derived/Build/Intermediates.noindex/PDFReader.build/Debug/PDFReaderCore.build/Objects-normal/arm64/PDFReaderCore.LinkFileList -install_name @rpath/PDFReaderCore.framework/Versions/A/PDFReaderCore -Xlinker -rpath -Xlinker /usr/lib/swift -Xlinker -object_path_lto -Xlinker /Users/argus/Programming/pdf-reader/.build/xcode-derived/Build/Intermediates.noindex/PDFReader.build/Debug/PDFReaderCore.build/Objects-normal/arm64/PDFReaderCore_lto.o -rdynamic -Xlinker -dependency_info -Xlinker /Users/argus/Programming/pdf-reader/.build/xcode-derived/Build/Intermediates.noindex/PDFReader.build/Debug/PDFReaderCore.build/Objects-normal/arm64/PDFReaderCore_dependency_info.dat -fobjc-link-runtime -L/Applications/Xcode.app/Contents/Developer/Toolchains/XcodeDefault.xctoolchain/usr/lib/swift/macosx -L/usr/lib/swift -Xlinker -add_ast_path -Xlinker /Users/argus/Programming/pdf-reader/.build/xcode-derived/Build/Intermediates.noindex/PDFReader.build/Debug/PDFReaderCore.build/Objects-normal/arm64/PDFReaderCore.swiftmodule @/Users/argus/Programming/pdf-reader/.build/xcode-derived/Build/Intermediates.noindex/PDFReader.build/Debug/PDFReaderCore.build/Objects-normal/arm64/PDFReaderCore-linker-args.resp -o /Users/argus/Programming/pdf-reader/.build/xcode-derived/Build/Products/Debug/PDFReaderCore.framework/Versions/A/PDFReaderCore

ExtractAppIntentsMetadata (in target 'PDFReaderCore' from project 'PDFReader')
    cd /Users/argus/Programming/pdf-reader
    /Applications/Xcode.app/Contents/Developer/Toolchains/XcodeDefault.xctoolchain/usr/bin/appintentsmetadataprocessor --toolchain-dir /Applications/Xcode.app/Contents/Developer/Toolchains/XcodeDefault.xctoolchain --module-name PDFReaderCore --sdk-root /Applications/Xcode.app/Contents/Developer/Platforms/MacOSX.platform/Developer/SDKs/MacOSX26.5.sdk --xcode-version 17F113 --platform-family macOS --deployment-target 14.0 --bundle-identifier com.argus.pdfreader.core --output /Users/argus/Programming/pdf-reader/.build/xcode-derived/Build/Products/Debug/PDFReaderCore.framework/Versions/A/Resources --target-triple arm64-apple-macos14.0 --binary-file /Users/argus/Programming/pdf-reader/.build/xcode-derived/Build/Products/Debug/PDFReaderCore.framework/Versions/A/PDFReaderCore --dependency-file /Users/argus/Programming/pdf-reader/.build/xcode-derived/Build/Intermediates.noindex/PDFReader.build/Debug/PDFReaderCore.build/Objects-normal/arm64/PDFReaderCore_dependency_info.dat --stringsdata-file /Users/argus/Programming/pdf-reader/.build/xcode-derived/Build/Intermediates.noindex/PDFReader.build/Debug/PDFReaderCore.build/Objects-normal/arm64/ExtractedAppShortcutsMetadata.stringsdata --source-file-list /Users/argus/Programming/pdf-reader/.build/xcode-derived/Build/Intermediates.noindex/PDFReader.build/Debug/PDFReaderCore.build/Objects-normal/arm64/PDFReaderCore.SwiftFileList --metadata-file-list /Users/argus/Programming/pdf-reader/.build/xcode-derived/Build/Intermediates.noindex/PDFReader.build/Debug/PDFReaderCore.build/PDFReaderCore.DependencyMetadataFileList --static-metadata-file-list /Users/argus/Programming/pdf-reader/.build/xcode-derived/Build/Intermediates.noindex/PDFReader.build/Debug/PDFReaderCore.build/PDFReaderCore.DependencyStaticMetadataFileList --swift-const-vals-list /Users/argus/Programming/pdf-reader/.build/xcode-derived/Build/Intermediates.noindex/PDFReader.build/Debug/PDFReaderCore.build/Objects-normal/arm64/PDFReaderCore.SwiftConstValuesFileList --compile-time-extraction --deployment-aware-processing --validate-assistant-intents --no-app-shortcuts-localization
2026-07-22 13:27:20.287 appintentsmetadataprocessor[90568:280161253] Starting appintentsmetadataprocessor export
2026-07-22 13:27:20.290 appintentsmetadataprocessor[90568:280161253] warning: Metadata extraction skipped. No AppIntents.framework dependency found.

SwiftDriverJobDiscovery normal arm64 Emitting module for PDFReader (in target 'PDFReaderApp' from project 'PDFReader')

SwiftDriver\ Compilation\ Requirements PDFReaderApp normal arm64 com.apple.xcode.tools.swift.compiler (in target 'PDFReaderApp' from project 'PDFReader')
    cd /Users/argus/Programming/pdf-reader
    builtin-Swift-Compilation-Requirements -- /Applications/Xcode.app/Contents/Developer/Toolchains/XcodeDefault.xctoolchain/usr/bin/swiftc -module-name PDFReader -Onone @/Users/argus/Programming/pdf-reader/.build/xcode-derived/Build/Intermediates.noindex/PDFReader.build/Debug/PDFReaderApp.build/Objects-normal/arm64/PDFReader.SwiftFileList -DDEBUG -enable-experimental-feature DebugDescriptionMacro -sdk /Applications/Xcode.app/Contents/Developer/Platforms/MacOSX.platform/Developer/SDKs/MacOSX26.5.sdk -target arm64-apple-macos14.0 -g -module-cache-path /Users/argus/Programming/pdf-reader/.build/xcode-derived/ModuleCache.noindex -Xfrontend -serialize-debugging-options -enable-testing -index-store-path /Users/argus/Programming/pdf-reader/.build/xcode-derived/Index.noindex/DataStore -swift-version 6 -I /Users/argus/Programming/pdf-reader/.build/xcode-derived/Build/Products/Debug -F /Users/argus/Programming/pdf-reader/.build/xcode-derived/Build/Products/Debug/PackageFrameworks -F /Users/argus/Programming/pdf-reader/.build/xcode-derived/Build/Products/Debug -parse-as-library -c -j10 -enable-batch-mode -incremental -Xcc -ivfsstatcache -Xcc /Users/argus/Programming/pdf-reader/.build/xcode-derived/SDKStatCaches.noindex/macosx26.5-25F70-e082c4a02f00227109f4ed75e425c832.sdkstatcache -output-file-map /Users/argus/Programming/pdf-reader/.build/xcode-derived/Build/Intermediates.noindex/PDFReader.build/Debug/PDFReaderApp.build/Objects-normal/arm64/PDFReaderApp-OutputFileMap.json -use-frontend-parseable-output -save-temps -no-color-diagnostics -explicit-module-build -module-cache-path /Users/argus/Programming/pdf-reader/.build/xcode-derived/Build/Intermediates.noindex/SwiftExplicitPrecompiledModules -clang-scanner-module-cache-path /Users/argus/Programming/pdf-reader/.build/xcode-derived/ModuleCache.noindex -sdk-module-cache-path /Users/argus/Programming/pdf-reader/.build/xcode-derived/ModuleCache.noindex -serialize-diagnostics -emit-dependencies -emit-module -emit-module-path /Users/argus/Programming/pdf-reader/.build/xcode-derived/Build/Intermediates.noindex/PDFReader.build/Debug/PDFReaderApp.build/Objects-normal/arm64/PDFReader.swiftmodule -validate-clang-modules-once -clang-build-session-file /Users/argus/Programming/pdf-reader/.build/xcode-derived/ModuleCache.noindex/Session.modulevalidation -Xcc -I/Users/argus/Programming/pdf-reader/.build/xcode-derived/Build/Intermediates.noindex/PDFReader.build/Debug/PDFReaderApp.build/swift-overrides.hmap -emit-const-values -Xfrontend -const-gather-protocols-file -Xfrontend /Users/argus/Programming/pdf-reader/.build/xcode-derived/Build/Intermediates.noindex/PDFReader.build/Debug/PDFReaderApp.build/Objects-normal/arm64/PDFReaderApp_const_extract_protocols.json -Xcc -iquote -Xcc /Users/argus/Programming/pdf-reader/.build/xcode-derived/Build/Intermediates.noindex/PDFReader.build/Debug/PDFReaderApp.build/PDFReader-generated-files.hmap -Xcc -I/Users/argus/Programming/pdf-reader/.build/xcode-derived/Build/Intermediates.noindex/PDFReader.build/Debug/PDFReaderApp.build/PDFReader-own-target-headers.hmap -Xcc -I/Users/argus/Programming/pdf-reader/.build/xcode-derived/Build/Intermediates.noindex/PDFReader.build/Debug/PDFReaderApp.build/PDFReader-all-non-framework-target-headers.hmap -Xcc -ivfsoverlay -Xcc /Users/argus/Programming/pdf-reader/.build/xcode-derived/Build/Intermediates.noindex/PDFReader.build/Debug/PDFReader-5ed3f8c2d107e937755ff9345addb7ff-VFS/all-product-headers.yaml -Xcc -iquote -Xcc /Users/argus/Programming/pdf-reader/.build/xcode-derived/Build/Intermediates.noindex/PDFReader.build/Debug/PDFReaderApp.build/PDFReader-project-headers.hmap -Xcc -I/Users/argus/Programming/pdf-reader/.build/xcode-derived/Build/Products/Debug/include -Xcc -I/Users/argus/Programming/pdf-reader/.build/xcode-derived/Build/Intermediates.noindex/PDFReader.build/Debug/PDFReaderApp.build/DerivedSources-normal/arm64 -Xcc -I/Users/argus/Programming/pdf-reader/.build/xcode-derived/Build/Intermediates.noindex/PDFReader.build/Debug/PDFReaderApp.build/DerivedSources/arm64 -Xcc -I/Users/argus/Programming/pdf-reader/.build/xcode-derived/Build/Intermediates.noindex/PDFReader.build/Debug/PDFReaderApp.build/DerivedSources -emit-objc-header -emit-objc-header-path /Users/argus/Programming/pdf-reader/.build/xcode-derived/Build/Intermediates.noindex/PDFReader.build/Debug/PDFReaderApp.build/Objects-normal/arm64/PDFReader-Swift.h -working-directory /Users/argus/Programming/pdf-reader -experimental-emit-module-separately -disable-cmo

Copy /Users/argus/Programming/pdf-reader/.build/xcode-derived/Build/Products/Debug/PDFReader.swiftmodule/arm64-apple-macos.swiftmodule /Users/argus/Programming/pdf-reader/.build/xcode-derived/Build/Intermediates.noindex/PDFReader.build/Debug/PDFReaderApp.build/Objects-normal/arm64/PDFReader.swiftmodule (in target 'PDFReaderApp' from project 'PDFReader')
    cd /Users/argus/Programming/pdf-reader
    builtin-copy -exclude .DS_Store -exclude CVS -exclude .svn -exclude .git -exclude .hg -resolve-src-symlinks -rename /Users/argus/Programming/pdf-reader/.build/xcode-derived/Build/Intermediates.noindex/PDFReader.build/Debug/PDFReaderApp.build/Objects-normal/arm64/PDFReader.swiftmodule /Users/argus/Programming/pdf-reader/.build/xcode-derived/Build/Products/Debug/PDFReader.swiftmodule/arm64-apple-macos.swiftmodule

SwiftMergeGeneratedHeaders /Users/argus/Programming/pdf-reader/.build/xcode-derived/Build/Intermediates.noindex/PDFReader.build/Debug/PDFReaderApp.build/DerivedSources/PDFReader-Swift.h /Users/argus/Programming/pdf-reader/.build/xcode-derived/Build/Intermediates.noindex/PDFReader.build/Debug/PDFReaderApp.build/Objects-normal/arm64/PDFReader-Swift.h (in target 'PDFReaderApp' from project 'PDFReader')
    cd /Users/argus/Programming/pdf-reader
    builtin-swiftHeaderTool -arch arm64 /Users/argus/Programming/pdf-reader/.build/xcode-derived/Build/Intermediates.noindex/PDFReader.build/Debug/PDFReaderApp.build/Objects-normal/arm64/PDFReader-Swift.h -o /Users/argus/Programming/pdf-reader/.build/xcode-derived/Build/Intermediates.noindex/PDFReader.build/Debug/PDFReaderApp.build/DerivedSources/PDFReader-Swift.h

Copy /Users/argus/Programming/pdf-reader/.build/xcode-derived/Build/Products/Debug/PDFReader.swiftmodule/arm64-apple-macos.swiftdoc /Users/argus/Programming/pdf-reader/.build/xcode-derived/Build/Intermediates.noindex/PDFReader.build/Debug/PDFReaderApp.build/Objects-normal/arm64/PDFReader.swiftdoc (in target 'PDFReaderApp' from project 'PDFReader')
    cd /Users/argus/Programming/pdf-reader
    builtin-copy -exclude .DS_Store -exclude CVS -exclude .svn -exclude .git -exclude .hg -resolve-src-symlinks -rename /Users/argus/Programming/pdf-reader/.build/xcode-derived/Build/Intermediates.noindex/PDFReader.build/Debug/PDFReaderApp.build/Objects-normal/arm64/PDFReader.swiftdoc /Users/argus/Programming/pdf-reader/.build/xcode-derived/Build/Products/Debug/PDFReader.swiftmodule/arm64-apple-macos.swiftdoc

Copy /Users/argus/Programming/pdf-reader/.build/xcode-derived/Build/Products/Debug/PDFReader.swiftmodule/arm64-apple-macos.abi.json /Users/argus/Programming/pdf-reader/.build/xcode-derived/Build/Intermediates.noindex/PDFReader.build/Debug/PDFReaderApp.build/Objects-normal/arm64/PDFReader.abi.json (in target 'PDFReaderApp' from project 'PDFReader')
    cd /Users/argus/Programming/pdf-reader
    builtin-copy -exclude .DS_Store -exclude CVS -exclude .svn -exclude .git -exclude .hg -resolve-src-symlinks -rename /Users/argus/Programming/pdf-reader/.build/xcode-derived/Build/Intermediates.noindex/PDFReader.build/Debug/PDFReaderApp.build/Objects-normal/arm64/PDFReader.abi.json /Users/argus/Programming/pdf-reader/.build/xcode-derived/Build/Products/Debug/PDFReader.swiftmodule/arm64-apple-macos.abi.json

Copy /Users/argus/Programming/pdf-reader/.build/xcode-derived/Build/Products/Debug/PDFReader.swiftmodule/Project/arm64-apple-macos.swiftsourceinfo /Users/argus/Programming/pdf-reader/.build/xcode-derived/Build/Intermediates.noindex/PDFReader.build/Debug/PDFReaderApp.build/Objects-normal/arm64/PDFReader.swiftsourceinfo (in target 'PDFReaderApp' from project 'PDFReader')
    cd /Users/argus/Programming/pdf-reader
    builtin-copy -exclude .DS_Store -exclude CVS -exclude .svn -exclude .git -exclude .hg -resolve-src-symlinks -rename /Users/argus/Programming/pdf-reader/.build/xcode-derived/Build/Intermediates.noindex/PDFReader.build/Debug/PDFReaderApp.build/Objects-normal/arm64/PDFReader.swiftsourceinfo /Users/argus/Programming/pdf-reader/.build/xcode-derived/Build/Products/Debug/PDFReader.swiftmodule/Project/arm64-apple-macos.swiftsourceinfo

GenerateTAPI /Users/argus/Programming/pdf-reader/.build/xcode-derived/Build/Intermediates.noindex/EagerLinkingTBDs/Debug/PDFReaderCore.framework/Versions/A/PDFReaderCore.tbd (in target 'PDFReaderCore' from project 'PDFReader')
    cd /Users/argus/Programming/pdf-reader
    /Applications/Xcode.app/Contents/Developer/Toolchains/XcodeDefault.xctoolchain/usr/bin/tapi stubify -isysroot /Applications/Xcode.app/Contents/Developer/Platforms/MacOSX.platform/Developer/SDKs/MacOSX26.5.sdk -F/Users/argus/Programming/pdf-reader/.build/xcode-derived/Build/Products/Debug -L/Users/argus/Programming/pdf-reader/.build/xcode-derived/Build/Products/Debug /Users/argus/Programming/pdf-reader/.build/xcode-derived/Build/Products/Debug/PDFReaderCore.framework/Versions/A/PDFReaderCore -o /Users/argus/Programming/pdf-reader/.build/xcode-derived/Build/Intermediates.noindex/EagerLinkingTBDs/Debug/PDFReaderCore.framework/Versions/A/PDFReaderCore.tbd

SwiftDriverJobDiscovery normal arm64 Compiling AppDelegate.swift (in target 'PDFReaderApp' from project 'PDFReader')

SwiftDriver\ Compilation PDFReaderApp normal arm64 com.apple.xcode.tools.swift.compiler (in target 'PDFReaderApp' from project 'PDFReader')
    cd /Users/argus/Programming/pdf-reader
    builtin-Swift-Compilation -- /Applications/Xcode.app/Contents/Developer/Toolchains/XcodeDefault.xctoolchain/usr/bin/swiftc -module-name PDFReader -Onone @/Users/argus/Programming/pdf-reader/.build/xcode-derived/Build/Intermediates.noindex/PDFReader.build/Debug/PDFReaderApp.build/Objects-normal/arm64/PDFReader.SwiftFileList -DDEBUG -enable-experimental-feature DebugDescriptionMacro -sdk /Applications/Xcode.app/Contents/Developer/Platforms/MacOSX.platform/Developer/SDKs/MacOSX26.5.sdk -target arm64-apple-macos14.0 -g -module-cache-path /Users/argus/Programming/pdf-reader/.build/xcode-derived/ModuleCache.noindex -Xfrontend -serialize-debugging-options -enable-testing -index-store-path /Users/argus/Programming/pdf-reader/.build/xcode-derived/Index.noindex/DataStore -swift-version 6 -I /Users/argus/Programming/pdf-reader/.build/xcode-derived/Build/Products/Debug -F /Users/argus/Programming/pdf-reader/.build/xcode-derived/Build/Products/Debug/PackageFrameworks -F /Users/argus/Programming/pdf-reader/.build/xcode-derived/Build/Products/Debug -parse-as-library -c -j10 -enable-batch-mode -incremental -Xcc -ivfsstatcache -Xcc /Users/argus/Programming/pdf-reader/.build/xcode-derived/SDKStatCaches.noindex/macosx26.5-25F70-e082c4a02f00227109f4ed75e425c832.sdkstatcache -output-file-map /Users/argus/Programming/pdf-reader/.build/xcode-derived/Build/Intermediates.noindex/PDFReader.build/Debug/PDFReaderApp.build/Objects-normal/arm64/PDFReaderApp-OutputFileMap.json -use-frontend-parseable-output -save-temps -no-color-diagnostics -explicit-module-build -module-cache-path /Users/argus/Programming/pdf-reader/.build/xcode-derived/Build/Intermediates.noindex/SwiftExplicitPrecompiledModules -clang-scanner-module-cache-path /Users/argus/Programming/pdf-reader/.build/xcode-derived/ModuleCache.noindex -sdk-module-cache-path /Users/argus/Programming/pdf-reader/.build/xcode-derived/ModuleCache.noindex -serialize-diagnostics -emit-dependencies -emit-module -emit-module-path /Users/argus/Programming/pdf-reader/.build/xcode-derived/Build/Intermediates.noindex/PDFReader.build/Debug/PDFReaderApp.build/Objects-normal/arm64/PDFReader.swiftmodule -validate-clang-modules-once -clang-build-session-file /Users/argus/Programming/pdf-reader/.build/xcode-derived/ModuleCache.noindex/Session.modulevalidation -Xcc -I/Users/argus/Programming/pdf-reader/.build/xcode-derived/Build/Intermediates.noindex/PDFReader.build/Debug/PDFReaderApp.build/swift-overrides.hmap -emit-const-values -Xfrontend -const-gather-protocols-file -Xfrontend /Users/argus/Programming/pdf-reader/.build/xcode-derived/Build/Intermediates.noindex/PDFReader.build/Debug/PDFReaderApp.build/Objects-normal/arm64/PDFReaderApp_const_extract_protocols.json -Xcc -iquote -Xcc /Users/argus/Programming/pdf-reader/.build/xcode-derived/Build/Intermediates.noindex/PDFReader.build/Debug/PDFReaderApp.build/PDFReader-generated-files.hmap -Xcc -I/Users/argus/Programming/pdf-reader/.build/xcode-derived/Build/Intermediates.noindex/PDFReader.build/Debug/PDFReaderApp.build/PDFReader-own-target-headers.hmap -Xcc -I/Users/argus/Programming/pdf-reader/.build/xcode-derived/Build/Intermediates.noindex/PDFReader.build/Debug/PDFReaderApp.build/PDFReader-all-non-framework-target-headers.hmap -Xcc -ivfsoverlay -Xcc /Users/argus/Programming/pdf-reader/.build/xcode-derived/Build/Intermediates.noindex/PDFReader.build/Debug/PDFReader-5ed3f8c2d107e937755ff9345addb7ff-VFS/all-product-headers.yaml -Xcc -iquote -Xcc /Users/argus/Programming/pdf-reader/.build/xcode-derived/Build/Intermediates.noindex/PDFReader.build/Debug/PDFReaderApp.build/PDFReader-project-headers.hmap -Xcc -I/Users/argus/Programming/pdf-reader/.build/xcode-derived/Build/Products/Debug/include -Xcc -I/Users/argus/Programming/pdf-reader/.build/xcode-derived/Build/Intermediates.noindex/PDFReader.build/Debug/PDFReaderApp.build/DerivedSources-normal/arm64 -Xcc -I/Users/argus/Programming/pdf-reader/.build/xcode-derived/Build/Intermediates.noindex/PDFReader.build/Debug/PDFReaderApp.build/DerivedSources/arm64 -Xcc -I/Users/argus/Programming/pdf-reader/.build/xcode-derived/Build/Intermediates.noindex/PDFReader.build/Debug/PDFReaderApp.build/DerivedSources -emit-objc-header -emit-objc-header-path /Users/argus/Programming/pdf-reader/.build/xcode-derived/Build/Intermediates.noindex/PDFReader.build/Debug/PDFReaderApp.build/Objects-normal/arm64/PDFReader-Swift.h -working-directory /Users/argus/Programming/pdf-reader -experimental-emit-module-separately -disable-cmo

RegisterExecutionPolicyException /Users/argus/Programming/pdf-reader/.build/xcode-derived/Build/Products/Debug/PDFReaderCore.framework (in target 'PDFReaderCore' from project 'PDFReader')
    cd /Users/argus/Programming/pdf-reader
    builtin-RegisterExecutionPolicyException /Users/argus/Programming/pdf-reader/.build/xcode-derived/Build/Products/Debug/PDFReaderCore.framework

Touch /Users/argus/Programming/pdf-reader/.build/xcode-derived/Build/Products/Debug/PDFReaderCore.framework (in target 'PDFReaderCore' from project 'PDFReader')
    cd /Users/argus/Programming/pdf-reader
    /usr/bin/touch -c /Users/argus/Programming/pdf-reader/.build/xcode-derived/Build/Products/Debug/PDFReaderCore.framework

SymLink /Users/argus/Programming/pdf-reader/.build/xcode-derived/Build/Intermediates.noindex/EagerLinkingTBDs/Debug/PDFReaderCore.framework/PDFReaderCore.tbd /Users/argus/Programming/pdf-reader/.build/xcode-derived/Build/Intermediates.noindex/EagerLinkingTBDs/Debug/PDFReaderCore.framework/Versions/A/PDFReaderCore.tbd (in target 'PDFReaderCore' from project 'PDFReader')
    cd /Users/argus/Programming/pdf-reader
    /bin/ln -sfh /Users/argus/Programming/pdf-reader/.build/xcode-derived/Build/Intermediates.noindex/EagerLinkingTBDs/Debug/PDFReaderCore.framework/Versions/A/PDFReaderCore.tbd /Users/argus/Programming/pdf-reader/.build/xcode-derived/Build/Intermediates.noindex/EagerLinkingTBDs/Debug/PDFReaderCore.framework/PDFReaderCore.tbd

SwiftDriverJobDiscovery normal arm64 Compiling Parser+Finish.swift, Parser.swift (in target 'TOMLDecoder' from project 'TOMLDecoder')

SwiftDriver\ Compilation TOMLDecoder normal arm64 com.apple.xcode.tools.swift.compiler (in target 'TOMLDecoder' from project 'TOMLDecoder')
    cd /Users/argus/Programming/pdf-reader/PDFReader.xcodeproj
    builtin-Swift-Compilation -- /Applications/Xcode.app/Contents/Developer/Toolchains/XcodeDefault.xctoolchain/usr/bin/swiftc -module-name TOMLDecoder -Onone @/Users/argus/Programming/pdf-reader/.build/xcode-derived/Build/Intermediates.noindex/TOMLDecoder.build/Debug/TOMLDecoder.build/Objects-normal/arm64/TOMLDecoder.SwiftFileList -DSWIFT_PACKAGE -DDEBUG -DSWIFT_MODULE_RESOURCE_BUNDLE_UNAVAILABLE -DXcode -enable-upcoming-feature ExistentialAny -enable-upcoming-feature InternalImportsByDefault -enable-upcoming-feature MemberImportVisibility -plugin-path /Applications/Xcode.app/Contents/Developer/Toolchains/XcodeDefault.xctoolchain/usr/lib/swift/host/plugins/testing -enable-experimental-feature DebugDescriptionMacro -sdk /Applications/Xcode.app/Contents/Developer/Platforms/MacOSX.platform/Developer/SDKs/MacOSX26.5.sdk -target arm64-apple-macos10.15 -g -module-cache-path /Users/argus/Programming/pdf-reader/.build/xcode-derived/ModuleCache.noindex -Xfrontend -serialize-debugging-options -enable-testing -suppress-warnings -index-store-path /Users/argus/Programming/pdf-reader/.build/xcode-derived/Index.noindex/DataStore -Xcc -D_LIBCPP_HARDENING_MODE\=_LIBCPP_HARDENING_MODE_DEBUG -swift-version 6 -I /Users/argus/Programming/pdf-reader/.build/xcode-derived/Build/Products/Debug -Isystem /Applications/Xcode.app/Contents/Developer/Platforms/MacOSX.platform/Developer/usr/lib -F /Users/argus/Programming/pdf-reader/.build/xcode-derived/Build/Products/Debug -F /Applications/Xcode.app/Contents/Developer/Platforms/MacOSX.platform/Developer/Library/Frameworks -c -j10 -enable-batch-mode -incremental -Xcc -ivfsstatcache -Xcc /Users/argus/Programming/pdf-reader/.build/xcode-derived/SDKStatCaches.noindex/macosx26.5-25F70-e082c4a02f00227109f4ed75e425c832.sdkstatcache -output-file-map /Users/argus/Programming/pdf-reader/.build/xcode-derived/Build/Intermediates.noindex/TOMLDecoder.build/Debug/TOMLDecoder.build/Objects-normal/arm64/TOMLDecoder-OutputFileMap.json -use-frontend-parseable-output -save-temps -no-color-diagnostics -explicit-module-build -module-cache-path /Users/argus/Programming/pdf-reader/.build/xcode-derived/Build/Intermediates.noindex/SwiftExplicitPrecompiledModules -clang-scanner-module-cache-path /Users/argus/Programming/pdf-reader/.build/xcode-derived/ModuleCache.noindex -sdk-module-cache-path /Users/argus/Programming/pdf-reader/.build/xcode-derived/ModuleCache.noindex -serialize-diagnostics -emit-dependencies -emit-module -emit-module-path /Users/argus/Programming/pdf-reader/.build/xcode-derived/Build/Intermediates.noindex/TOMLDecoder.build/Debug/TOMLDecoder.build/Objects-normal/arm64/TOMLDecoder.swiftmodule -user-module-version 0.4.5 -validate-clang-modules-once -clang-build-session-file /Users/argus/Programming/pdf-reader/.build/xcode-derived/ModuleCache.noindex/Session.modulevalidation -package-name tomldecoder -Xcc -I/Users/argus/Programming/pdf-reader/.build/xcode-derived/Build/Intermediates.noindex/TOMLDecoder.build/Debug/TOMLDecoder.build/swift-overrides.hmap -emit-const-values -Xfrontend -const-gather-protocols-file -Xfrontend /Users/argus/Programming/pdf-reader/.build/xcode-derived/Build/Intermediates.noindex/TOMLDecoder.build/Debug/TOMLDecoder.build/Objects-normal/arm64/TOMLDecoder_const_extract_protocols.json -Xcc -I/Users/argus/Programming/pdf-reader/.build/xcode-derived/Build/Products/Debug/include -Xcc -I/Users/argus/Programming/pdf-reader/.build/xcode-derived/Build/Intermediates.noindex/TOMLDecoder.build/Debug/TOMLDecoder.build/DerivedSources-normal/arm64 -Xcc -I/Users/argus/Programming/pdf-reader/.build/xcode-derived/Build/Intermediates.noindex/TOMLDecoder.build/Debug/TOMLDecoder.build/DerivedSources/arm64 -Xcc -I/Users/argus/Programming/pdf-reader/.build/xcode-derived/Build/Intermediates.noindex/TOMLDecoder.build/Debug/TOMLDecoder.build/DerivedSources -Xcc -DSWIFT_PACKAGE -Xcc -DDEBUG\=1 -emit-objc-header -emit-objc-header-path /Users/argus/Programming/pdf-reader/.build/xcode-derived/Build/Intermediates.noindex/TOMLDecoder.build/Debug/TOMLDecoder.build/Objects-normal/arm64/TOMLDecoder-Swift.h -working-directory /Users/argus/Programming/pdf-reader/PDFReader.xcodeproj -experimental-emit-module-separately -disable-cmo

Ld /Users/argus/Programming/pdf-reader/.build/xcode-derived/Build/Products/Debug/TOMLDecoder.o normal (in target 'TOMLDecoder' from project 'TOMLDecoder')
    cd /Users/argus/Programming/pdf-reader/.build/xcode-derived/SourcePackages/checkouts/TOMLDecoder
    /Applications/Xcode.app/Contents/Developer/Toolchains/XcodeDefault.xctoolchain/usr/bin/clang -Xlinker -reproducible -target arm64-apple-macos10.15 -r -isysroot /Applications/Xcode.app/Contents/Developer/Platforms/MacOSX.platform/Developer/SDKs/MacOSX26.5.sdk -O0 -w -F/Users/argus/Programming/pdf-reader/.build/xcode-derived/Build/Intermediates.noindex/EagerLinkingTBDs/Debug -F/Users/argus/Programming/pdf-reader/.build/xcode-derived/Build/Products/Debug -iframework /Applications/Xcode.app/Contents/Developer/Platforms/MacOSX.platform/Developer/Library/Frameworks -filelist /Users/argus/Programming/pdf-reader/.build/xcode-derived/Build/Intermediates.noindex/TOMLDecoder.build/Debug/TOMLDecoder.build/Objects-normal/arm64/TOMLDecoder.LinkFileList -nostdlib -Xlinker -object_path_lto -Xlinker /Users/argus/Programming/pdf-reader/.build/xcode-derived/Build/Intermediates.noindex/TOMLDecoder.build/Debug/TOMLDecoder.build/Objects-normal/arm64/TOMLDecoder_lto.o -Xlinker -no_deduplicate -Xlinker -dependency_info -Xlinker /Users/argus/Programming/pdf-reader/.build/xcode-derived/Build/Intermediates.noindex/TOMLDecoder.build/Debug/TOMLDecoder.build/Objects-normal/arm64/TOMLDecoder_dependency_info.dat -fobjc-link-runtime -L/Applications/Xcode.app/Contents/Developer/Toolchains/XcodeDefault.xctoolchain/usr/lib/swift/macosx -L/usr/lib/swift -Xlinker -add_ast_path -Xlinker /Users/argus/Programming/pdf-reader/.build/xcode-derived/Build/Intermediates.noindex/TOMLDecoder.build/Debug/TOMLDecoder.build/Objects-normal/arm64/TOMLDecoder.swiftmodule @/Users/argus/Programming/pdf-reader/.build/xcode-derived/Build/Intermediates.noindex/TOMLDecoder.build/Debug/TOMLDecoder.build/Objects-normal/arm64/TOMLDecoder-linker-args.resp -o /Users/argus/Programming/pdf-reader/.build/xcode-derived/Build/Products/Debug/TOMLDecoder.o

ExtractAppIntentsMetadata (in target 'TOMLDecoder' from project 'TOMLDecoder')
    cd /Users/argus/Programming/pdf-reader/.build/xcode-derived/SourcePackages/checkouts/TOMLDecoder
    /Applications/Xcode.app/Contents/Developer/Toolchains/XcodeDefault.xctoolchain/usr/bin/appintentsmetadataprocessor --toolchain-dir /Applications/Xcode.app/Contents/Developer/Toolchains/XcodeDefault.xctoolchain --module-name TOMLDecoder --sdk-root /Applications/Xcode.app/Contents/Developer/Platforms/MacOSX.platform/Developer/SDKs/MacOSX26.5.sdk --xcode-version 17F113 --platform-family macOS --deployment-target 10.15 --bundle-identifier tomldecoder.TOMLDecoder --output /Users/argus/Programming/pdf-reader/.build/xcode-derived/Build/Products/Debug/TOMLDecoder.appintents --target-triple arm64-apple-macos10.15 --binary-file /Users/argus/Programming/pdf-reader/.build/xcode-derived/Build/Products/Debug/TOMLDecoder.o --dependency-file /Users/argus/Programming/pdf-reader/.build/xcode-derived/Build/Intermediates.noindex/TOMLDecoder.build/Debug/TOMLDecoder.build/Objects-normal/arm64/TOMLDecoder_dependency_info.dat --stringsdata-file /Users/argus/Programming/pdf-reader/.build/xcode-derived/Build/Intermediates.noindex/TOMLDecoder.build/Debug/TOMLDecoder.build/Objects-normal/arm64/ExtractedAppShortcutsMetadata.stringsdata --source-file-list /Users/argus/Programming/pdf-reader/.build/xcode-derived/Build/Intermediates.noindex/TOMLDecoder.build/Debug/TOMLDecoder.build/Objects-normal/arm64/TOMLDecoder.SwiftFileList --metadata-file-list /Users/argus/Programming/pdf-reader/.build/xcode-derived/Build/Intermediates.noindex/TOMLDecoder.build/Debug/TOMLDecoder.build/TOMLDecoder.DependencyMetadataFileList --static-metadata-file-list /Users/argus/Programming/pdf-reader/.build/xcode-derived/Build/Intermediates.noindex/TOMLDecoder.build/Debug/TOMLDecoder.build/TOMLDecoder.DependencyStaticMetadataFileList --swift-const-vals-list /Users/argus/Programming/pdf-reader/.build/xcode-derived/Build/Intermediates.noindex/TOMLDecoder.build/Debug/TOMLDecoder.build/Objects-normal/arm64/TOMLDecoder.SwiftConstValuesFileList --force --compile-time-extraction --deployment-aware-processing --validate-assistant-intents --no-app-shortcuts-localization
2026-07-22 13:27:20.823 appintentsmetadataprocessor[90577:280161282] Starting appintentsmetadataprocessor export
2026-07-22 13:27:20.845 appintentsmetadataprocessor[90577:280161282] Extracted no relevant App Intents symbols, skipping writing output

RegisterExecutionPolicyException /Users/argus/Programming/pdf-reader/.build/xcode-derived/Build/Products/Debug/TOMLDecoder.o (in target 'TOMLDecoder' from project 'TOMLDecoder')
    cd /Users/argus/Programming/pdf-reader/.build/xcode-derived/SourcePackages/checkouts/TOMLDecoder
    builtin-RegisterExecutionPolicyException /Users/argus/Programming/pdf-reader/.build/xcode-derived/Build/Products/Debug/TOMLDecoder.o

Ld /Users/argus/Programming/pdf-reader/.build/xcode-derived/Build/Products/Debug/PDFReader.app/Contents/MacOS/__preview.dylib normal (in target 'PDFReaderApp' from project 'PDFReader')
    cd /Users/argus/Programming/pdf-reader
    /Applications/Xcode.app/Contents/Developer/Toolchains/XcodeDefault.xctoolchain/usr/bin/clang -Xlinker -reproducible -target arm64-apple-macos14.0 -dynamiclib -isysroot /Applications/Xcode.app/Contents/Developer/Platforms/MacOSX.platform/Developer/SDKs/MacOSX26.5.sdk -Os -L/Users/argus/Programming/pdf-reader/.build/xcode-derived/Build/Products/Debug -F/Users/argus/Programming/pdf-reader/.build/xcode-derived/Build/Products/Debug/PackageFrameworks -F/Users/argus/Programming/pdf-reader/.build/xcode-derived/Build/Products/Debug -install_name @rpath/PDFReader.debug.dylib -rdynamic -Xlinker -dependency_info -Xlinker /Users/argus/Programming/pdf-reader/.build/xcode-derived/Build/Intermediates.noindex/PDFReader.build/Debug/PDFReaderApp.build/Objects-normal/arm64/PDFReader_dependency_info.dat -o /Users/argus/Programming/pdf-reader/.build/xcode-derived/Build/Products/Debug/PDFReader.app/Contents/MacOS/__preview.dylib

CpResource /Users/argus/Programming/pdf-reader/.build/xcode-derived/Build/Products/Debug/PDFReader.app/Contents/Resources/DefaultConfig.toml /Users/argus/Programming/pdf-reader/PDFReaderApp/Resources/DefaultConfig.toml (in target 'PDFReaderApp' from project 'PDFReader')
    cd /Users/argus/Programming/pdf-reader
    builtin-copy -exclude .DS_Store -exclude CVS -exclude .svn -exclude .git -exclude .hg -resolve-src-symlinks /Users/argus/Programming/pdf-reader/PDFReaderApp/Resources/DefaultConfig.toml /Users/argus/Programming/pdf-reader/.build/xcode-derived/Build/Products/Debug/PDFReader.app/Contents/Resources

Ld /Users/argus/Programming/pdf-reader/.build/xcode-derived/Build/Products/Debug/PDFReader.app/Contents/MacOS/PDFReader.debug.dylib normal (in target 'PDFReaderApp' from project 'PDFReader')
    cd /Users/argus/Programming/pdf-reader
    /Applications/Xcode.app/Contents/Developer/Toolchains/XcodeDefault.xctoolchain/usr/bin/clang -Xlinker -reproducible -target arm64-apple-macos14.0 -dynamiclib -isysroot /Applications/Xcode.app/Contents/Developer/Platforms/MacOSX.platform/Developer/SDKs/MacOSX26.5.sdk -Os -L/Users/argus/Programming/pdf-reader/.build/xcode-derived/Build/Intermediates.noindex/EagerLinkingTBDs/Debug -L/Users/argus/Programming/pdf-reader/.build/xcode-derived/Build/Products/Debug -F/Users/argus/Programming/pdf-reader/.build/xcode-derived/Build/Intermediates.noindex/EagerLinkingTBDs/Debug -F/Users/argus/Programming/pdf-reader/.build/xcode-derived/Build/Products/Debug/PackageFrameworks -F/Users/argus/Programming/pdf-reader/.build/xcode-derived/Build/Products/Debug -filelist /Users/argus/Programming/pdf-reader/.build/xcode-derived/Build/Intermediates.noindex/PDFReader.build/Debug/PDFReaderApp.build/Objects-normal/arm64/PDFReader.LinkFileList -install_name @rpath/PDFReader.debug.dylib -Xlinker -rpath -Xlinker /usr/lib/swift -Xlinker -rpath -Xlinker /Users/argus/Programming/pdf-reader/.build/xcode-derived/Build/Products/Debug/PackageFrameworks -Xlinker -rpath -Xlinker @executable_path/../Frameworks -Xlinker -object_path_lto -Xlinker /Users/argus/Programming/pdf-reader/.build/xcode-derived/Build/Intermediates.noindex/PDFReader.build/Debug/PDFReaderApp.build/Objects-normal/arm64/PDFReader_lto.o -rdynamic -Xlinker -dependency_info -Xlinker /Users/argus/Programming/pdf-reader/.build/xcode-derived/Build/Intermediates.noindex/PDFReader.build/Debug/PDFReaderApp.build/Objects-normal/arm64/PDFReader_dependency_info.dat -fobjc-link-runtime -L/Applications/Xcode.app/Contents/Developer/Toolchains/XcodeDefault.xctoolchain/usr/lib/swift/macosx -L/usr/lib/swift -Xlinker -add_ast_path -Xlinker /Users/argus/Programming/pdf-reader/.build/xcode-derived/Build/Intermediates.noindex/PDFReader.build/Debug/PDFReaderApp.build/Objects-normal/arm64/PDFReader.swiftmodule @/Users/argus/Programming/pdf-reader/.build/xcode-derived/Build/Intermediates.noindex/PDFReader.build/Debug/PDFReaderApp.build/Objects-normal/arm64/PDFReader-linker-args.resp -Wl,-no_warn_duplicate_libraries -Xlinker -alias -Xlinker _main -Xlinker ___debug_main_executable_dylib_entry_point -framework PDFReaderCore -o /Users/argus/Programming/pdf-reader/.build/xcode-derived/Build/Products/Debug/PDFReader.app/Contents/MacOS/PDFReader.debug.dylib -Xlinker -add_ast_path -Xlinker /Users/argus/Programming/pdf-reader/.build/xcode-derived/Build/Intermediates.noindex/TOMLDecoder.build/Debug/TOMLDecoder.build/Objects-normal/arm64/TOMLDecoder.swiftmodule @/Users/argus/Programming/pdf-reader/.build/xcode-derived/Build/Intermediates.noindex/TOMLDecoder.build/Debug/TOMLDecoder.build/Objects-normal/arm64/TOMLDecoder-linker-args.resp

ConstructStubExecutorLinkFileList /Users/argus/Programming/pdf-reader/.build/xcode-derived/Build/Intermediates.noindex/PDFReader.build/Debug/PDFReaderApp.build/PDFReader-ExecutorLinkFileList-normal-arm64.txt (in target 'PDFReaderApp' from project 'PDFReader')
    cd /Users/argus/Programming/pdf-reader
    construct-stub-executor-link-file-list /Users/argus/Programming/pdf-reader/.build/xcode-derived/Build/Products/Debug/PDFReader.app/Contents/MacOS/PDFReader.debug.dylib /Applications/Xcode.app/Contents/Developer/Platforms/MacOSX.platform/Developer/usr/lib/libPreviewsJITStubExecutor_no_swift_entry_point.a /Applications/Xcode.app/Contents/Developer/Platforms/MacOSX.platform/Developer/usr/lib/libPreviewsJITStubExecutor.a --output /Users/argus/Programming/pdf-reader/.build/xcode-derived/Build/Intermediates.noindex/PDFReader.build/Debug/PDFReaderApp.build/PDFReader-ExecutorLinkFileList-normal-arm64.txt
note: Using stub executor library with Swift entry point. (in target 'PDFReaderApp' from project 'PDFReader')

Ld /Users/argus/Programming/pdf-reader/.build/xcode-derived/Build/Products/Debug/PDFReader.app/Contents/MacOS/PDFReader normal (in target 'PDFReaderApp' from project 'PDFReader')
    cd /Users/argus/Programming/pdf-reader
    /Applications/Xcode.app/Contents/Developer/Toolchains/XcodeDefault.xctoolchain/usr/bin/clang -Xlinker -reproducible -target arm64-apple-macos14.0 -isysroot /Applications/Xcode.app/Contents/Developer/Platforms/MacOSX.platform/Developer/SDKs/MacOSX26.5.sdk -Os -L/Users/argus/Programming/pdf-reader/.build/xcode-derived/Build/Products/Debug -F/Users/argus/Programming/pdf-reader/.build/xcode-derived/Build/Products/Debug/PackageFrameworks -F/Users/argus/Programming/pdf-reader/.build/xcode-derived/Build/Products/Debug -Xlinker -rpath -Xlinker @executable_path -Xlinker -rpath -Xlinker /Users/argus/Programming/pdf-reader/.build/xcode-derived/Build/Products/Debug/PackageFrameworks -Xlinker -rpath -Xlinker @executable_path/../Frameworks -rdynamic -e ___debug_blank_executor_main -Xlinker -sectcreate -Xlinker __TEXT -Xlinker __debug_dylib -Xlinker /Users/argus/Programming/pdf-reader/.build/xcode-derived/Build/Intermediates.noindex/PDFReader.build/Debug/PDFReaderApp.build/PDFReader-DebugDylibPath-normal-arm64.txt -Xlinker -sectcreate -Xlinker __TEXT -Xlinker __debug_instlnm -Xlinker /Users/argus/Programming/pdf-reader/.build/xcode-derived/Build/Intermediates.noindex/PDFReader.build/Debug/PDFReaderApp.build/PDFReader-DebugDylibInstallName-normal-arm64.txt -Xlinker -filelist -Xlinker /Users/argus/Programming/pdf-reader/.build/xcode-derived/Build/Intermediates.noindex/PDFReader.build/Debug/PDFReaderApp.build/PDFReader-ExecutorLinkFileList-normal-arm64.txt /Users/argus/Programming/pdf-reader/.build/xcode-derived/Build/Products/Debug/PDFReader.app/Contents/MacOS/PDFReader.debug.dylib -o /Users/argus/Programming/pdf-reader/.build/xcode-derived/Build/Products/Debug/PDFReader.app/Contents/MacOS/PDFReader

Copy /Users/argus/Programming/pdf-reader/.build/xcode-derived/Build/Products/Debug/PDFReader.app/Contents/Frameworks/PDFReaderCore.framework /Users/argus/Programming/pdf-reader/.build/xcode-derived/Build/Products/Debug/PDFReaderCore.framework (in target 'PDFReaderApp' from project 'PDFReader')
    cd /Users/argus/Programming/pdf-reader
    builtin-copy -exclude .DS_Store -exclude CVS -exclude .svn -exclude .git -exclude .hg -exclude Headers -exclude PrivateHeaders -exclude Modules -exclude \*.tbd -resolve-src-symlinks -remove-static-executable /Users/argus/Programming/pdf-reader/.build/xcode-derived/Build/Products/Debug/PDFReaderCore.framework /Users/argus/Programming/pdf-reader/.build/xcode-derived/Build/Products/Debug/PDFReader.app/Contents/Frameworks

ProcessInfoPlistFile /Users/argus/Programming/pdf-reader/.build/xcode-derived/Build/Products/Debug/PDFReader.app/Contents/Info.plist /Users/argus/Programming/pdf-reader/.build/xcode-derived/Build/Intermediates.noindex/PDFReader.build/Debug/PDFReaderApp.build/empty-PDFReader.plist (in target 'PDFReaderApp' from project 'PDFReader')
    cd /Users/argus/Programming/pdf-reader
    builtin-infoPlistUtility /Users/argus/Programming/pdf-reader/.build/xcode-derived/Build/Intermediates.noindex/PDFReader.build/Debug/PDFReaderApp.build/empty-PDFReader.plist -producttype com.apple.product-type.application -genpkginfo /Users/argus/Programming/pdf-reader/.build/xcode-derived/Build/Products/Debug/PDFReader.app/Contents/PkgInfo -expandbuildsettings -platform macosx -scanforprivacyfile /Users/argus/Programming/pdf-reader/.build/xcode-derived/Build/Products/Debug/PDFReader.app/Contents/Frameworks/PDFReaderCore.framework -o /Users/argus/Programming/pdf-reader/.build/xcode-derived/Build/Products/Debug/PDFReader.app/Contents/Info.plist

CopySwiftLibs /Users/argus/Programming/pdf-reader/.build/xcode-derived/Build/Products/Debug/PDFReader.app (in target 'PDFReaderApp' from project 'PDFReader')
    cd /Users/argus/Programming/pdf-reader
    builtin-swiftStdLibTool --copy --verbose --scan-executable /Users/argus/Programming/pdf-reader/.build/xcode-derived/Build/Products/Debug/PDFReader.app/Contents/MacOS/PDFReader.debug.dylib --scan-folder /Users/argus/Programming/pdf-reader/.build/xcode-derived/Build/Products/Debug/PDFReader.app/Contents/Frameworks --scan-folder /Users/argus/Programming/pdf-reader/.build/xcode-derived/Build/Products/Debug/PDFReader.app/Contents/PlugIns --scan-folder /Users/argus/Programming/pdf-reader/.build/xcode-derived/Build/Products/Debug/PDFReader.app/Contents/Library/SystemExtensions --scan-folder /Users/argus/Programming/pdf-reader/.build/xcode-derived/Build/Products/Debug/PDFReader.app/Contents/Extensions --scan-folder /Users/argus/Programming/pdf-reader/.build/xcode-derived/Build/Products/Debug/PDFReaderCore.framework --platform macosx --toolchain /Applications/Xcode.app/Contents/Developer/Toolchains/XcodeDefault.xctoolchain --destination /Users/argus/Programming/pdf-reader/.build/xcode-derived/Build/Products/Debug/PDFReader.app/Contents/Frameworks --strip-bitcode --strip-bitcode-tool /Applications/Xcode.app/Contents/Developer/Toolchains/XcodeDefault.xctoolchain/usr/bin/bitcode_strip --emit-dependency-info /Users/argus/Programming/pdf-reader/.build/xcode-derived/Build/Intermediates.noindex/PDFReader.build/Debug/PDFReaderApp.build/SwiftStdLibToolInputDependencies.dep --filter-for-swift-os --back-deploy-swift-span
Ignoring --strip-bitcode because --sign was not passed

ExtractAppIntentsMetadata (in target 'PDFReaderApp' from project 'PDFReader')
    cd /Users/argus/Programming/pdf-reader
    /Applications/Xcode.app/Contents/Developer/Toolchains/XcodeDefault.xctoolchain/usr/bin/appintentsmetadataprocessor --toolchain-dir /Applications/Xcode.app/Contents/Developer/Toolchains/XcodeDefault.xctoolchain --module-name PDFReader --sdk-root /Applications/Xcode.app/Contents/Developer/Platforms/MacOSX.platform/Developer/SDKs/MacOSX26.5.sdk --xcode-version 17F113 --platform-family macOS --deployment-target 14.0 --bundle-identifier com.argus.pdfreader --output /Users/argus/Programming/pdf-reader/.build/xcode-derived/Build/Products/Debug/PDFReader.app/Contents/Resources --target-triple arm64-apple-macos14.0 --binary-file /Users/argus/Programming/pdf-reader/.build/xcode-derived/Build/Products/Debug/PDFReader.app/Contents/MacOS/PDFReader --dependency-file /Users/argus/Programming/pdf-reader/.build/xcode-derived/Build/Intermediates.noindex/PDFReader.build/Debug/PDFReaderApp.build/Objects-normal/arm64/PDFReader_dependency_info.dat --stringsdata-file /Users/argus/Programming/pdf-reader/.build/xcode-derived/Build/Intermediates.noindex/PDFReader.build/Debug/PDFReaderApp.build/Objects-normal/arm64/ExtractedAppShortcutsMetadata.stringsdata --source-file-list /Users/argus/Programming/pdf-reader/.build/xcode-derived/Build/Intermediates.noindex/PDFReader.build/Debug/PDFReaderApp.build/Objects-normal/arm64/PDFReader.SwiftFileList --metadata-file-list /Users/argus/Programming/pdf-reader/.build/xcode-derived/Build/Intermediates.noindex/PDFReader.build/Debug/PDFReaderApp.build/PDFReader.DependencyMetadataFileList --static-metadata-file-list /Users/argus/Programming/pdf-reader/.build/xcode-derived/Build/Intermediates.noindex/PDFReader.build/Debug/PDFReaderApp.build/PDFReader.DependencyStaticMetadataFileList --swift-const-vals-list /Users/argus/Programming/pdf-reader/.build/xcode-derived/Build/Intermediates.noindex/PDFReader.build/Debug/PDFReaderApp.build/Objects-normal/arm64/PDFReader.SwiftConstValuesFileList --compile-time-extraction --deployment-aware-processing --validate-assistant-intents --no-app-shortcuts-localization
2026-07-22 13:27:21.205 appintentsmetadataprocessor[90601:280161356] Starting appintentsmetadataprocessor export
2026-07-22 13:27:21.207 appintentsmetadataprocessor[90601:280161356] warning: Metadata extraction skipped. No AppIntents.framework dependency found.

RegisterExecutionPolicyException /Users/argus/Programming/pdf-reader/.build/xcode-derived/Build/Products/Debug/PDFReader.app (in target 'PDFReaderApp' from project 'PDFReader')
    cd /Users/argus/Programming/pdf-reader
    builtin-RegisterExecutionPolicyException /Users/argus/Programming/pdf-reader/.build/xcode-derived/Build/Products/Debug/PDFReader.app

Validate /Users/argus/Programming/pdf-reader/.build/xcode-derived/Build/Products/Debug/PDFReader.app (in target 'PDFReaderApp' from project 'PDFReader')
    cd /Users/argus/Programming/pdf-reader
    builtin-validationUtility /Users/argus/Programming/pdf-reader/.build/xcode-derived/Build/Products/Debug/PDFReader.app -no-validate-extension -infoplist-subpath Contents/Info.plist

Touch /Users/argus/Programming/pdf-reader/.build/xcode-derived/Build/Products/Debug/PDFReader.app (in target 'PDFReaderApp' from project 'PDFReader')
    cd /Users/argus/Programming/pdf-reader
    /usr/bin/touch -c /Users/argus/Programming/pdf-reader/.build/xcode-derived/Build/Products/Debug/PDFReader.app

RegisterWithLaunchServices /Users/argus/Programming/pdf-reader/.build/xcode-derived/Build/Products/Debug/PDFReader.app (in target 'PDFReaderApp' from project 'PDFReader')
    cd /Users/argus/Programming/pdf-reader
    /System/Library/Frameworks/CoreServices.framework/Versions/Current/Frameworks/LaunchServices.framework/Versions/Current/Support/lsregister -f -R -trusted /Users/argus/Programming/pdf-reader/.build/xcode-derived/Build/Products/Debug/PDFReader.app

** BUILD SUCCEEDED **

