Command line invocation:
    /tmp/pdfreader-xcodebuild.p0gGik/xcodebuild -project PDFReader.xcodeproj -scheme PDFReader -derivedDataPath .build/xcode-derived -destination platform=macOS,arch=arm64 CODE_SIGNING_ALLOWED=NO -configuration Release build

Build settings from command line:
    CODE_SIGNING_ALLOWED = NO

2026-07-22 13:46:50.198 xcodebuild[60185:280254489]  IDEDownloadableMetalToolchainCoordinator: Failed to remount the Metal Toolchain: No downloaded assets found: Failed querying assets for assetType (com.apple.MobileAsset.MetalToolchain), queryDict ({
}), installedOnly (1)
Resolve Package Graph


Resolved source packages:
  TOMLDecoder: https://github.com/dduan/TOMLDecoder.git @ 0.4.5

ComputePackagePrebuildTargetDependencyGraph

Prepare packages

CreateBuildRequest

SendProjectDescription

CreateBuildOperation

ComputeTargetDependencyGraph
note: Building targets in dependency order
note: Target dependency graph (4 targets)
    Target 'PDFReaderApp' in project 'PDFReader'
        ➜ Explicit dependency on target 'PDFReaderCore' in project 'PDFReader'
        ➜ Explicit dependency on target 'TOMLDecoder' in project 'TOMLDecoder'
    Target 'TOMLDecoder' in project 'TOMLDecoder'
        ➜ Explicit dependency on target 'TOMLDecoder' in project 'TOMLDecoder'
    Target 'TOMLDecoder' in project 'TOMLDecoder' (no dependencies)
    Target 'PDFReaderCore' in project 'PDFReader' (no dependencies)

GatherProvisioningInputs

CreateBuildDescription

ExecuteExternalTool /Applications/Xcode.app/Contents/Developer/Toolchains/XcodeDefault.xctoolchain/usr/bin/swiftc --version

ExecuteExternalTool /Applications/Xcode.app/Contents/Developer/Toolchains/XcodeDefault.xctoolchain/usr/bin/clang -v -E -dM -isysroot /Applications/Xcode.app/Contents/Developer/Platforms/MacOSX.platform/Developer/SDKs/MacOSX26.5.sdk -x c -c /dev/null

ExecuteExternalTool /Applications/Xcode.app/Contents/Developer/Toolchains/XcodeDefault.xctoolchain/usr/bin/ld -version_details

ReadFileContents /Applications/Xcode.app/Contents/Developer/Toolchains/XcodeDefault.xctoolchain/usr/share/docc/features.json

Build description signature: 0b3615cf5c6b9345eccc98785de9c518
Build description path: /Users/argus/Programming/pdf-reader/.build/xcode-derived/Build/Intermediates.noindex/XCBuildData/0b3615cf5c6b9345eccc98785de9c518.xcbuilddata
CreateBuildDirectory /Users/argus/Programming/pdf-reader/.build/xcode-derived/Build/Products/Release
    cd /Users/argus/Programming/pdf-reader/PDFReader.xcodeproj
    builtin-create-build-directory /Users/argus/Programming/pdf-reader/.build/xcode-derived/Build/Products/Release

CreateBuildDirectory /Users/argus/Programming/pdf-reader/.build/xcode-derived/Build/Intermediates.noindex/EagerLinkingTBDs/Release
    cd /Users/argus/Programming/pdf-reader/PDFReader.xcodeproj
    builtin-create-build-directory /Users/argus/Programming/pdf-reader/.build/xcode-derived/Build/Intermediates.noindex/EagerLinkingTBDs/Release

ClangStatCache /Applications/Xcode.app/Contents/Developer/Toolchains/XcodeDefault.xctoolchain/usr/bin/clang-stat-cache /Applications/Xcode.app/Contents/Developer/Platforms/MacOSX.platform/Developer/SDKs/MacOSX26.5.sdk /Users/argus/Programming/pdf-reader/.build/xcode-derived/SDKStatCaches.noindex/macosx26.5-25F70-e082c4a02f00227109f4ed75e425c832.sdkstatcache
    cd /Users/argus/Programming/pdf-reader/PDFReader.xcodeproj
    /Applications/Xcode.app/Contents/Developer/Toolchains/XcodeDefault.xctoolchain/usr/bin/clang-stat-cache /Applications/Xcode.app/Contents/Developer/Platforms/MacOSX.platform/Developer/SDKs/MacOSX26.5.sdk -o /Users/argus/Programming/pdf-reader/.build/xcode-derived/SDKStatCaches.noindex/macosx26.5-25F70-e082c4a02f00227109f4ed75e425c832.sdkstatcache

WriteAuxiliaryFile /Users/argus/Programming/pdf-reader/.build/xcode-derived/Build/Intermediates.noindex/PDFReader.build/Release/PDFReader-5ed3f8c2d107e937755ff9345addb7ff-VFS/all-product-headers.yaml
    cd /Users/argus/Programming/pdf-reader/PDFReader.xcodeproj
    write-file /Users/argus/Programming/pdf-reader/.build/xcode-derived/Build/Intermediates.noindex/PDFReader.build/Release/PDFReader-5ed3f8c2d107e937755ff9345addb7ff-VFS/all-product-headers.yaml

CreateBuildDirectory /Users/argus/Programming/pdf-reader/.build/xcode-derived/Build/Products/Release/PackageFrameworks
    cd /Users/argus/Programming/pdf-reader/PDFReader.xcodeproj
    builtin-create-build-directory /Users/argus/Programming/pdf-reader/.build/xcode-derived/Build/Products/Release/PackageFrameworks

WriteAuxiliaryFile /Users/argus/Programming/pdf-reader/.build/xcode-derived/Build/Intermediates.noindex/TOMLDecoder.build/Release/TOMLDecoder.build/TOMLDecoder.DependencyMetadataFileList (in target 'TOMLDecoder' from project 'TOMLDecoder')
    cd /Users/argus/Programming/pdf-reader/.build/xcode-derived/SourcePackages/checkouts/TOMLDecoder
    write-file /Users/argus/Programming/pdf-reader/.build/xcode-derived/Build/Intermediates.noindex/TOMLDecoder.build/Release/TOMLDecoder.build/TOMLDecoder.DependencyMetadataFileList

WriteAuxiliaryFile /Users/argus/Programming/pdf-reader/.build/xcode-derived/Build/Intermediates.noindex/TOMLDecoder.build/Release/TOMLDecoder.build/TOMLDecoder.modulemap (in target 'TOMLDecoder' from project 'TOMLDecoder')
    cd /Users/argus/Programming/pdf-reader/.build/xcode-derived/SourcePackages/checkouts/TOMLDecoder
    write-file /Users/argus/Programming/pdf-reader/.build/xcode-derived/Build/Intermediates.noindex/TOMLDecoder.build/Release/TOMLDecoder.build/TOMLDecoder.modulemap

WriteAuxiliaryFile /Users/argus/Programming/pdf-reader/.build/xcode-derived/Build/Intermediates.noindex/TOMLDecoder.build/Release/TOMLDecoder.build/TOMLDecoder.DependencyStaticMetadataFileList (in target 'TOMLDecoder' from project 'TOMLDecoder')
    cd /Users/argus/Programming/pdf-reader/.build/xcode-derived/SourcePackages/checkouts/TOMLDecoder
    write-file /Users/argus/Programming/pdf-reader/.build/xcode-derived/Build/Intermediates.noindex/TOMLDecoder.build/Release/TOMLDecoder.build/TOMLDecoder.DependencyStaticMetadataFileList

WriteAuxiliaryFile /Users/argus/Programming/pdf-reader/.build/xcode-derived/Build/Intermediates.noindex/TOMLDecoder.build/Release/TOMLDecoder.build/Objects-normal/x86_64/TOMLDecoder_const_extract_protocols.json (in target 'TOMLDecoder' from project 'TOMLDecoder')
    cd /Users/argus/Programming/pdf-reader/.build/xcode-derived/SourcePackages/checkouts/TOMLDecoder
    write-file /Users/argus/Programming/pdf-reader/.build/xcode-derived/Build/Intermediates.noindex/TOMLDecoder.build/Release/TOMLDecoder.build/Objects-normal/x86_64/TOMLDecoder_const_extract_protocols.json

WriteAuxiliaryFile /Users/argus/Programming/pdf-reader/.build/xcode-derived/Build/Intermediates.noindex/TOMLDecoder.build/Release/TOMLDecoder.build/Objects-normal/x86_64/TOMLDecoder.SwiftFileList (in target 'TOMLDecoder' from project 'TOMLDecoder')
    cd /Users/argus/Programming/pdf-reader/.build/xcode-derived/SourcePackages/checkouts/TOMLDecoder
    write-file /Users/argus/Programming/pdf-reader/.build/xcode-derived/Build/Intermediates.noindex/TOMLDecoder.build/Release/TOMLDecoder.build/Objects-normal/x86_64/TOMLDecoder.SwiftFileList

WriteAuxiliaryFile /Users/argus/Programming/pdf-reader/.build/xcode-derived/Build/Intermediates.noindex/TOMLDecoder.build/Release/TOMLDecoder.build/Objects-normal/x86_64/TOMLDecoder-OutputFileMap.json (in target 'TOMLDecoder' from project 'TOMLDecoder')
    cd /Users/argus/Programming/pdf-reader/.build/xcode-derived/SourcePackages/checkouts/TOMLDecoder
    write-file /Users/argus/Programming/pdf-reader/.build/xcode-derived/Build/Intermediates.noindex/TOMLDecoder.build/Release/TOMLDecoder.build/Objects-normal/x86_64/TOMLDecoder-OutputFileMap.json

WriteAuxiliaryFile /Users/argus/Programming/pdf-reader/.build/xcode-derived/Build/Intermediates.noindex/TOMLDecoder.build/Release/TOMLDecoder.build/Objects-normal/arm64/TOMLDecoder_const_extract_protocols.json (in target 'TOMLDecoder' from project 'TOMLDecoder')
    cd /Users/argus/Programming/pdf-reader/.build/xcode-derived/SourcePackages/checkouts/TOMLDecoder
    write-file /Users/argus/Programming/pdf-reader/.build/xcode-derived/Build/Intermediates.noindex/TOMLDecoder.build/Release/TOMLDecoder.build/Objects-normal/arm64/TOMLDecoder_const_extract_protocols.json

WriteAuxiliaryFile /Users/argus/Programming/pdf-reader/.build/xcode-derived/Build/Intermediates.noindex/TOMLDecoder.build/Release/TOMLDecoder.build/Objects-normal/x86_64/TOMLDecoder.SwiftConstValuesFileList (in target 'TOMLDecoder' from project 'TOMLDecoder')
    cd /Users/argus/Programming/pdf-reader/.build/xcode-derived/SourcePackages/checkouts/TOMLDecoder
    write-file /Users/argus/Programming/pdf-reader/.build/xcode-derived/Build/Intermediates.noindex/TOMLDecoder.build/Release/TOMLDecoder.build/Objects-normal/x86_64/TOMLDecoder.SwiftConstValuesFileList

WriteAuxiliaryFile /Users/argus/Programming/pdf-reader/.build/xcode-derived/Build/Intermediates.noindex/TOMLDecoder.build/Release/TOMLDecoder.build/Objects-normal/x86_64/TOMLDecoder.LinkFileList (in target 'TOMLDecoder' from project 'TOMLDecoder')
    cd /Users/argus/Programming/pdf-reader/.build/xcode-derived/SourcePackages/checkouts/TOMLDecoder
    write-file /Users/argus/Programming/pdf-reader/.build/xcode-derived/Build/Intermediates.noindex/TOMLDecoder.build/Release/TOMLDecoder.build/Objects-normal/x86_64/TOMLDecoder.LinkFileList

WriteAuxiliaryFile /Users/argus/Programming/pdf-reader/.build/xcode-derived/Build/Intermediates.noindex/TOMLDecoder.build/Release/TOMLDecoder.build/Objects-normal/arm64/TOMLDecoder.SwiftConstValuesFileList (in target 'TOMLDecoder' from project 'TOMLDecoder')
    cd /Users/argus/Programming/pdf-reader/.build/xcode-derived/SourcePackages/checkouts/TOMLDecoder
    write-file /Users/argus/Programming/pdf-reader/.build/xcode-derived/Build/Intermediates.noindex/TOMLDecoder.build/Release/TOMLDecoder.build/Objects-normal/arm64/TOMLDecoder.SwiftConstValuesFileList

WriteAuxiliaryFile /Users/argus/Programming/pdf-reader/.build/xcode-derived/Build/Intermediates.noindex/TOMLDecoder.build/Release/TOMLDecoder.build/Objects-normal/arm64/TOMLDecoder.SwiftFileList (in target 'TOMLDecoder' from project 'TOMLDecoder')
    cd /Users/argus/Programming/pdf-reader/.build/xcode-derived/SourcePackages/checkouts/TOMLDecoder
    write-file /Users/argus/Programming/pdf-reader/.build/xcode-derived/Build/Intermediates.noindex/TOMLDecoder.build/Release/TOMLDecoder.build/Objects-normal/arm64/TOMLDecoder.SwiftFileList

WriteAuxiliaryFile /Users/argus/Programming/pdf-reader/.build/xcode-derived/Build/Intermediates.noindex/TOMLDecoder.build/Release/TOMLDecoder.build/Objects-normal/arm64/TOMLDecoder.LinkFileList (in target 'TOMLDecoder' from project 'TOMLDecoder')
    cd /Users/argus/Programming/pdf-reader/.build/xcode-derived/SourcePackages/checkouts/TOMLDecoder
    write-file /Users/argus/Programming/pdf-reader/.build/xcode-derived/Build/Intermediates.noindex/TOMLDecoder.build/Release/TOMLDecoder.build/Objects-normal/arm64/TOMLDecoder.LinkFileList

WriteAuxiliaryFile /Users/argus/Programming/pdf-reader/.build/xcode-derived/Build/Intermediates.noindex/TOMLDecoder.build/Release/TOMLDecoder.build/Objects-normal/arm64/TOMLDecoder-OutputFileMap.json (in target 'TOMLDecoder' from project 'TOMLDecoder')
    cd /Users/argus/Programming/pdf-reader/.build/xcode-derived/SourcePackages/checkouts/TOMLDecoder
    write-file /Users/argus/Programming/pdf-reader/.build/xcode-derived/Build/Intermediates.noindex/TOMLDecoder.build/Release/TOMLDecoder.build/Objects-normal/arm64/TOMLDecoder-OutputFileMap.json

Copy /Users/argus/Programming/pdf-reader/.build/xcode-derived/Build/Intermediates.noindex/GeneratedModuleMaps/TOMLDecoder.modulemap /Users/argus/Programming/pdf-reader/.build/xcode-derived/Build/Intermediates.noindex/TOMLDecoder.build/Release/TOMLDecoder.build/TOMLDecoder.modulemap (in target 'TOMLDecoder' from project 'TOMLDecoder')
    cd /Users/argus/Programming/pdf-reader/.build/xcode-derived/SourcePackages/checkouts/TOMLDecoder
    builtin-copy -exclude .DS_Store -exclude CVS -exclude .svn -exclude .git -exclude .hg -strip-unsigned-binaries -strip-deterministic -strip-tool /Applications/Xcode.app/Contents/Developer/Toolchains/XcodeDefault.xctoolchain/usr/bin/strip -resolve-src-symlinks /Users/argus/Programming/pdf-reader/.build/xcode-derived/Build/Intermediates.noindex/TOMLDecoder.build/Release/TOMLDecoder.build/TOMLDecoder.modulemap /Users/argus/Programming/pdf-reader/.build/xcode-derived/Build/Intermediates.noindex/GeneratedModuleMaps

WriteAuxiliaryFile /Users/argus/Programming/pdf-reader/.build/xcode-derived/Build/Intermediates.noindex/PDFReader.build/Release/PDFReaderCore.build/empty-PDFReaderCore.plist (in target 'PDFReaderCore' from project 'PDFReader')
    cd /Users/argus/Programming/pdf-reader
    write-file /Users/argus/Programming/pdf-reader/.build/xcode-derived/Build/Intermediates.noindex/PDFReader.build/Release/PDFReaderCore.build/empty-PDFReaderCore.plist

WriteAuxiliaryFile /Users/argus/Programming/pdf-reader/.build/xcode-derived/Build/Intermediates.noindex/PDFReader.build/Release/PDFReaderCore.build/PDFReaderCore.hmap (in target 'PDFReaderCore' from project 'PDFReader')
    cd /Users/argus/Programming/pdf-reader
    write-file /Users/argus/Programming/pdf-reader/.build/xcode-derived/Build/Intermediates.noindex/PDFReader.build/Release/PDFReaderCore.build/PDFReaderCore.hmap

WriteAuxiliaryFile /Users/argus/Programming/pdf-reader/.build/xcode-derived/Build/Intermediates.noindex/PDFReader.build/Release/PDFReaderCore.build/module.modulemap (in target 'PDFReaderCore' from project 'PDFReader')
    cd /Users/argus/Programming/pdf-reader
    write-file /Users/argus/Programming/pdf-reader/.build/xcode-derived/Build/Intermediates.noindex/PDFReader.build/Release/PDFReaderCore.build/module.modulemap

WriteAuxiliaryFile /Users/argus/Programming/pdf-reader/.build/xcode-derived/Build/Intermediates.noindex/PDFReader.build/Release/PDFReaderCore.build/PDFReaderCore.DependencyStaticMetadataFileList (in target 'PDFReaderCore' from project 'PDFReader')
    cd /Users/argus/Programming/pdf-reader
    write-file /Users/argus/Programming/pdf-reader/.build/xcode-derived/Build/Intermediates.noindex/PDFReader.build/Release/PDFReaderCore.build/PDFReaderCore.DependencyStaticMetadataFileList

WriteAuxiliaryFile /Users/argus/Programming/pdf-reader/.build/xcode-derived/Build/Intermediates.noindex/PDFReader.build/Release/PDFReaderCore.build/PDFReaderCore.DependencyMetadataFileList (in target 'PDFReaderCore' from project 'PDFReader')
    cd /Users/argus/Programming/pdf-reader
    write-file /Users/argus/Programming/pdf-reader/.build/xcode-derived/Build/Intermediates.noindex/PDFReader.build/Release/PDFReaderCore.build/PDFReaderCore.DependencyMetadataFileList

WriteAuxiliaryFile /Users/argus/Programming/pdf-reader/.build/xcode-derived/Build/Intermediates.noindex/PDFReader.build/Release/PDFReaderCore.build/PDFReaderCore-project-headers.hmap (in target 'PDFReaderCore' from project 'PDFReader')
    cd /Users/argus/Programming/pdf-reader
    write-file /Users/argus/Programming/pdf-reader/.build/xcode-derived/Build/Intermediates.noindex/PDFReader.build/Release/PDFReaderCore.build/PDFReaderCore-project-headers.hmap

WriteAuxiliaryFile /Users/argus/Programming/pdf-reader/.build/xcode-derived/Build/Intermediates.noindex/PDFReader.build/Release/PDFReaderCore.build/PDFReaderCore-own-target-headers.hmap (in target 'PDFReaderCore' from project 'PDFReader')
    cd /Users/argus/Programming/pdf-reader
    write-file /Users/argus/Programming/pdf-reader/.build/xcode-derived/Build/Intermediates.noindex/PDFReader.build/Release/PDFReaderCore.build/PDFReaderCore-own-target-headers.hmap

WriteAuxiliaryFile /Users/argus/Programming/pdf-reader/.build/xcode-derived/Build/Intermediates.noindex/PDFReader.build/Release/PDFReaderCore.build/PDFReaderCore-generated-files.hmap (in target 'PDFReaderCore' from project 'PDFReader')
    cd /Users/argus/Programming/pdf-reader
    write-file /Users/argus/Programming/pdf-reader/.build/xcode-derived/Build/Intermediates.noindex/PDFReader.build/Release/PDFReaderCore.build/PDFReaderCore-generated-files.hmap

WriteAuxiliaryFile /Users/argus/Programming/pdf-reader/.build/xcode-derived/Build/Intermediates.noindex/PDFReader.build/Release/PDFReaderCore.build/PDFReaderCore-all-target-headers.hmap (in target 'PDFReaderCore' from project 'PDFReader')
    cd /Users/argus/Programming/pdf-reader
    write-file /Users/argus/Programming/pdf-reader/.build/xcode-derived/Build/Intermediates.noindex/PDFReader.build/Release/PDFReaderCore.build/PDFReaderCore-all-target-headers.hmap

WriteAuxiliaryFile /Users/argus/Programming/pdf-reader/.build/xcode-derived/Build/Intermediates.noindex/PDFReader.build/Release/PDFReaderCore.build/PDFReaderCore-all-non-framework-target-headers.hmap (in target 'PDFReaderCore' from project 'PDFReader')
    cd /Users/argus/Programming/pdf-reader
    write-file /Users/argus/Programming/pdf-reader/.build/xcode-derived/Build/Intermediates.noindex/PDFReader.build/Release/PDFReaderCore.build/PDFReaderCore-all-non-framework-target-headers.hmap

WriteAuxiliaryFile /Users/argus/Programming/pdf-reader/.build/xcode-derived/Build/Intermediates.noindex/PDFReader.build/Release/PDFReaderCore.build/Objects-normal/x86_64/PDFReaderCore.LinkFileList (in target 'PDFReaderCore' from project 'PDFReader')
    cd /Users/argus/Programming/pdf-reader
    write-file /Users/argus/Programming/pdf-reader/.build/xcode-derived/Build/Intermediates.noindex/PDFReader.build/Release/PDFReaderCore.build/Objects-normal/x86_64/PDFReaderCore.LinkFileList

WriteAuxiliaryFile /Users/argus/Programming/pdf-reader/.build/xcode-derived/Build/Intermediates.noindex/PDFReader.build/Release/PDFReaderCore.build/Objects-normal/x86_64/PDFReaderCore_const_extract_protocols.json (in target 'PDFReaderCore' from project 'PDFReader')
    cd /Users/argus/Programming/pdf-reader
    write-file /Users/argus/Programming/pdf-reader/.build/xcode-derived/Build/Intermediates.noindex/PDFReader.build/Release/PDFReaderCore.build/Objects-normal/x86_64/PDFReaderCore_const_extract_protocols.json

WriteAuxiliaryFile /Users/argus/Programming/pdf-reader/.build/xcode-derived/Build/Intermediates.noindex/PDFReader.build/Release/PDFReaderCore.build/Objects-normal/x86_64/PDFReaderCore.SwiftConstValuesFileList (in target 'PDFReaderCore' from project 'PDFReader')
    cd /Users/argus/Programming/pdf-reader
    write-file /Users/argus/Programming/pdf-reader/.build/xcode-derived/Build/Intermediates.noindex/PDFReader.build/Release/PDFReaderCore.build/Objects-normal/x86_64/PDFReaderCore.SwiftConstValuesFileList

WriteAuxiliaryFile /Users/argus/Programming/pdf-reader/.build/xcode-derived/Build/Intermediates.noindex/PDFReader.build/Release/PDFReaderCore.build/Objects-normal/x86_64/PDFReaderCore-OutputFileMap.json (in target 'PDFReaderCore' from project 'PDFReader')
    cd /Users/argus/Programming/pdf-reader
    write-file /Users/argus/Programming/pdf-reader/.build/xcode-derived/Build/Intermediates.noindex/PDFReader.build/Release/PDFReaderCore.build/Objects-normal/x86_64/PDFReaderCore-OutputFileMap.json

WriteAuxiliaryFile /Users/argus/Programming/pdf-reader/.build/xcode-derived/Build/Intermediates.noindex/PDFReader.build/Release/PDFReaderCore.build/Objects-normal/x86_64/PDFReaderCore.SwiftFileList (in target 'PDFReaderCore' from project 'PDFReader')
    cd /Users/argus/Programming/pdf-reader
    write-file /Users/argus/Programming/pdf-reader/.build/xcode-derived/Build/Intermediates.noindex/PDFReader.build/Release/PDFReaderCore.build/Objects-normal/x86_64/PDFReaderCore.SwiftFileList

WriteAuxiliaryFile /Users/argus/Programming/pdf-reader/.build/xcode-derived/Build/Intermediates.noindex/PDFReader.build/Release/PDFReaderCore.build/Objects-normal/arm64/PDFReaderCore_const_extract_protocols.json (in target 'PDFReaderCore' from project 'PDFReader')
    cd /Users/argus/Programming/pdf-reader
    write-file /Users/argus/Programming/pdf-reader/.build/xcode-derived/Build/Intermediates.noindex/PDFReader.build/Release/PDFReaderCore.build/Objects-normal/arm64/PDFReaderCore_const_extract_protocols.json

WriteAuxiliaryFile /Users/argus/Programming/pdf-reader/.build/xcode-derived/Build/Intermediates.noindex/PDFReader.build/Release/PDFReaderCore.build/Objects-normal/arm64/PDFReaderCore.SwiftFileList (in target 'PDFReaderCore' from project 'PDFReader')
    cd /Users/argus/Programming/pdf-reader
    write-file /Users/argus/Programming/pdf-reader/.build/xcode-derived/Build/Intermediates.noindex/PDFReader.build/Release/PDFReaderCore.build/Objects-normal/arm64/PDFReaderCore.SwiftFileList

WriteAuxiliaryFile /Users/argus/Programming/pdf-reader/.build/xcode-derived/Build/Intermediates.noindex/PDFReader.build/Release/PDFReaderCore.build/Objects-normal/arm64/PDFReaderCore.SwiftConstValuesFileList (in target 'PDFReaderCore' from project 'PDFReader')
    cd /Users/argus/Programming/pdf-reader
    write-file /Users/argus/Programming/pdf-reader/.build/xcode-derived/Build/Intermediates.noindex/PDFReader.build/Release/PDFReaderCore.build/Objects-normal/arm64/PDFReaderCore.SwiftConstValuesFileList

WriteAuxiliaryFile /Users/argus/Programming/pdf-reader/.build/xcode-derived/Build/Intermediates.noindex/PDFReader.build/Release/PDFReaderCore.build/Objects-normal/arm64/PDFReaderCore.LinkFileList (in target 'PDFReaderCore' from project 'PDFReader')
    cd /Users/argus/Programming/pdf-reader
    write-file /Users/argus/Programming/pdf-reader/.build/xcode-derived/Build/Intermediates.noindex/PDFReader.build/Release/PDFReaderCore.build/Objects-normal/arm64/PDFReaderCore.LinkFileList

WriteAuxiliaryFile /Users/argus/Programming/pdf-reader/.build/xcode-derived/Build/Intermediates.noindex/PDFReader.build/Release/PDFReaderCore.build/Objects-normal/arm64/PDFReaderCore-OutputFileMap.json (in target 'PDFReaderCore' from project 'PDFReader')
    cd /Users/argus/Programming/pdf-reader
    write-file /Users/argus/Programming/pdf-reader/.build/xcode-derived/Build/Intermediates.noindex/PDFReader.build/Release/PDFReaderCore.build/Objects-normal/arm64/PDFReaderCore-OutputFileMap.json

WriteAuxiliaryFile /Users/argus/Programming/pdf-reader/.build/xcode-derived/Build/Intermediates.noindex/PDFReader.build/Release/PDFReaderApp.build/empty-PDFReader.plist (in target 'PDFReaderApp' from project 'PDFReader')
    cd /Users/argus/Programming/pdf-reader
    write-file /Users/argus/Programming/pdf-reader/.build/xcode-derived/Build/Intermediates.noindex/PDFReader.build/Release/PDFReaderApp.build/empty-PDFReader.plist

WriteAuxiliaryFile /Users/argus/Programming/pdf-reader/.build/xcode-derived/Build/Intermediates.noindex/PDFReader.build/Release/PDFReaderApp.build/PDFReader.hmap (in target 'PDFReaderApp' from project 'PDFReader')
    cd /Users/argus/Programming/pdf-reader
    write-file /Users/argus/Programming/pdf-reader/.build/xcode-derived/Build/Intermediates.noindex/PDFReader.build/Release/PDFReaderApp.build/PDFReader.hmap

WriteAuxiliaryFile /Users/argus/Programming/pdf-reader/.build/xcode-derived/Build/Intermediates.noindex/PDFReader.build/Release/PDFReaderApp.build/PDFReader.DependencyStaticMetadataFileList (in target 'PDFReaderApp' from project 'PDFReader')
    cd /Users/argus/Programming/pdf-reader
    write-file /Users/argus/Programming/pdf-reader/.build/xcode-derived/Build/Intermediates.noindex/PDFReader.build/Release/PDFReaderApp.build/PDFReader.DependencyStaticMetadataFileList

Copy /Users/argus/Programming/pdf-reader/.build/xcode-derived/Build/Products/Release/PDFReaderCore.framework/Versions/A/Modules/module.modulemap /Users/argus/Programming/pdf-reader/.build/xcode-derived/Build/Intermediates.noindex/PDFReader.build/Release/PDFReaderCore.build/module.modulemap (in target 'PDFReaderCore' from project 'PDFReader')
    cd /Users/argus/Programming/pdf-reader
    builtin-copy -exclude .DS_Store -exclude CVS -exclude .svn -exclude .git -exclude .hg -resolve-src-symlinks /Users/argus/Programming/pdf-reader/.build/xcode-derived/Build/Intermediates.noindex/PDFReader.build/Release/PDFReaderCore.build/module.modulemap /Users/argus/Programming/pdf-reader/.build/xcode-derived/Build/Products/Release/PDFReaderCore.framework/Versions/A/Modules

WriteAuxiliaryFile /Users/argus/Programming/pdf-reader/.build/xcode-derived/Build/Intermediates.noindex/PDFReader.build/Release/PDFReaderApp.build/PDFReader.DependencyMetadataFileList (in target 'PDFReaderApp' from project 'PDFReader')
    cd /Users/argus/Programming/pdf-reader
    write-file /Users/argus/Programming/pdf-reader/.build/xcode-derived/Build/Intermediates.noindex/PDFReader.build/Release/PDFReaderApp.build/PDFReader.DependencyMetadataFileList

WriteAuxiliaryFile /Users/argus/Programming/pdf-reader/.build/xcode-derived/Build/Intermediates.noindex/PDFReader.build/Release/PDFReaderApp.build/PDFReader-project-headers.hmap (in target 'PDFReaderApp' from project 'PDFReader')
    cd /Users/argus/Programming/pdf-reader
    write-file /Users/argus/Programming/pdf-reader/.build/xcode-derived/Build/Intermediates.noindex/PDFReader.build/Release/PDFReaderApp.build/PDFReader-project-headers.hmap

WriteAuxiliaryFile /Users/argus/Programming/pdf-reader/.build/xcode-derived/Build/Intermediates.noindex/PDFReader.build/Release/PDFReaderApp.build/PDFReader-own-target-headers.hmap (in target 'PDFReaderApp' from project 'PDFReader')
    cd /Users/argus/Programming/pdf-reader
    write-file /Users/argus/Programming/pdf-reader/.build/xcode-derived/Build/Intermediates.noindex/PDFReader.build/Release/PDFReaderApp.build/PDFReader-own-target-headers.hmap

WriteAuxiliaryFile /Users/argus/Programming/pdf-reader/.build/xcode-derived/Build/Intermediates.noindex/PDFReader.build/Release/PDFReaderApp.build/PDFReader-generated-files.hmap (in target 'PDFReaderApp' from project 'PDFReader')
    cd /Users/argus/Programming/pdf-reader
    write-file /Users/argus/Programming/pdf-reader/.build/xcode-derived/Build/Intermediates.noindex/PDFReader.build/Release/PDFReaderApp.build/PDFReader-generated-files.hmap

WriteAuxiliaryFile /Users/argus/Programming/pdf-reader/.build/xcode-derived/Build/Intermediates.noindex/PDFReader.build/Release/PDFReaderApp.build/PDFReader-all-target-headers.hmap (in target 'PDFReaderApp' from project 'PDFReader')
    cd /Users/argus/Programming/pdf-reader
    write-file /Users/argus/Programming/pdf-reader/.build/xcode-derived/Build/Intermediates.noindex/PDFReader.build/Release/PDFReaderApp.build/PDFReader-all-target-headers.hmap

WriteAuxiliaryFile /Users/argus/Programming/pdf-reader/.build/xcode-derived/Build/Intermediates.noindex/PDFReader.build/Release/PDFReaderApp.build/PDFReader-all-non-framework-target-headers.hmap (in target 'PDFReaderApp' from project 'PDFReader')
    cd /Users/argus/Programming/pdf-reader
    write-file /Users/argus/Programming/pdf-reader/.build/xcode-derived/Build/Intermediates.noindex/PDFReader.build/Release/PDFReaderApp.build/PDFReader-all-non-framework-target-headers.hmap

WriteAuxiliaryFile /Users/argus/Programming/pdf-reader/.build/xcode-derived/Build/Intermediates.noindex/PDFReader.build/Release/PDFReaderApp.build/Objects-normal/x86_64/PDFReaderApp_const_extract_protocols.json (in target 'PDFReaderApp' from project 'PDFReader')
    cd /Users/argus/Programming/pdf-reader
    write-file /Users/argus/Programming/pdf-reader/.build/xcode-derived/Build/Intermediates.noindex/PDFReader.build/Release/PDFReaderApp.build/Objects-normal/x86_64/PDFReaderApp_const_extract_protocols.json

WriteAuxiliaryFile /Users/argus/Programming/pdf-reader/.build/xcode-derived/Build/Intermediates.noindex/PDFReader.build/Release/PDFReaderApp.build/Objects-normal/x86_64/PDFReaderApp-OutputFileMap.json (in target 'PDFReaderApp' from project 'PDFReader')
    cd /Users/argus/Programming/pdf-reader
    write-file /Users/argus/Programming/pdf-reader/.build/xcode-derived/Build/Intermediates.noindex/PDFReader.build/Release/PDFReaderApp.build/Objects-normal/x86_64/PDFReaderApp-OutputFileMap.json

WriteAuxiliaryFile /Users/argus/Programming/pdf-reader/.build/xcode-derived/Build/Intermediates.noindex/PDFReader.build/Release/PDFReaderApp.build/Objects-normal/x86_64/PDFReader.SwiftFileList (in target 'PDFReaderApp' from project 'PDFReader')
    cd /Users/argus/Programming/pdf-reader
    write-file /Users/argus/Programming/pdf-reader/.build/xcode-derived/Build/Intermediates.noindex/PDFReader.build/Release/PDFReaderApp.build/Objects-normal/x86_64/PDFReader.SwiftFileList

WriteAuxiliaryFile /Users/argus/Programming/pdf-reader/.build/xcode-derived/Build/Intermediates.noindex/PDFReader.build/Release/PDFReaderApp.build/Objects-normal/x86_64/PDFReader.SwiftConstValuesFileList (in target 'PDFReaderApp' from project 'PDFReader')
    cd /Users/argus/Programming/pdf-reader
    write-file /Users/argus/Programming/pdf-reader/.build/xcode-derived/Build/Intermediates.noindex/PDFReader.build/Release/PDFReaderApp.build/Objects-normal/x86_64/PDFReader.SwiftConstValuesFileList

WriteAuxiliaryFile /Users/argus/Programming/pdf-reader/.build/xcode-derived/Build/Intermediates.noindex/PDFReader.build/Release/PDFReaderApp.build/Objects-normal/x86_64/PDFReader.LinkFileList (in target 'PDFReaderApp' from project 'PDFReader')
    cd /Users/argus/Programming/pdf-reader
    write-file /Users/argus/Programming/pdf-reader/.build/xcode-derived/Build/Intermediates.noindex/PDFReader.build/Release/PDFReaderApp.build/Objects-normal/x86_64/PDFReader.LinkFileList

WriteAuxiliaryFile /Users/argus/Programming/pdf-reader/.build/xcode-derived/Build/Intermediates.noindex/PDFReader.build/Release/PDFReaderApp.build/Objects-normal/arm64/PDFReaderApp_const_extract_protocols.json (in target 'PDFReaderApp' from project 'PDFReader')
    cd /Users/argus/Programming/pdf-reader
    write-file /Users/argus/Programming/pdf-reader/.build/xcode-derived/Build/Intermediates.noindex/PDFReader.build/Release/PDFReaderApp.build/Objects-normal/arm64/PDFReaderApp_const_extract_protocols.json

WriteAuxiliaryFile /Users/argus/Programming/pdf-reader/.build/xcode-derived/Build/Intermediates.noindex/PDFReader.build/Release/PDFReaderApp.build/Objects-normal/arm64/PDFReaderApp-OutputFileMap.json (in target 'PDFReaderApp' from project 'PDFReader')
    cd /Users/argus/Programming/pdf-reader
    write-file /Users/argus/Programming/pdf-reader/.build/xcode-derived/Build/Intermediates.noindex/PDFReader.build/Release/PDFReaderApp.build/Objects-normal/arm64/PDFReaderApp-OutputFileMap.json

WriteAuxiliaryFile /Users/argus/Programming/pdf-reader/.build/xcode-derived/Build/Intermediates.noindex/PDFReader.build/Release/PDFReaderApp.build/Objects-normal/arm64/PDFReader.SwiftFileList (in target 'PDFReaderApp' from project 'PDFReader')
    cd /Users/argus/Programming/pdf-reader
    write-file /Users/argus/Programming/pdf-reader/.build/xcode-derived/Build/Intermediates.noindex/PDFReader.build/Release/PDFReaderApp.build/Objects-normal/arm64/PDFReader.SwiftFileList

WriteAuxiliaryFile /Users/argus/Programming/pdf-reader/.build/xcode-derived/Build/Intermediates.noindex/PDFReader.build/Release/PDFReaderApp.build/Objects-normal/arm64/PDFReader.SwiftConstValuesFileList (in target 'PDFReaderApp' from project 'PDFReader')
    cd /Users/argus/Programming/pdf-reader
    write-file /Users/argus/Programming/pdf-reader/.build/xcode-derived/Build/Intermediates.noindex/PDFReader.build/Release/PDFReaderApp.build/Objects-normal/arm64/PDFReader.SwiftConstValuesFileList

WriteAuxiliaryFile /Users/argus/Programming/pdf-reader/.build/xcode-derived/Build/Intermediates.noindex/PDFReader.build/Release/PDFReaderApp.build/Objects-normal/arm64/PDFReader.LinkFileList (in target 'PDFReaderApp' from project 'PDFReader')
    cd /Users/argus/Programming/pdf-reader
    write-file /Users/argus/Programming/pdf-reader/.build/xcode-derived/Build/Intermediates.noindex/PDFReader.build/Release/PDFReaderApp.build/Objects-normal/arm64/PDFReader.LinkFileList

SymLink /Users/argus/Programming/pdf-reader/.build/xcode-derived/Build/Products/Release/PDFReaderCore.framework/Versions/Current A (in target 'PDFReaderCore' from project 'PDFReader')
    cd /Users/argus/Programming/pdf-reader
    /bin/ln -sfh A /Users/argus/Programming/pdf-reader/.build/xcode-derived/Build/Products/Release/PDFReaderCore.framework/Versions/Current

SymLink /Users/argus/Programming/pdf-reader/.build/xcode-derived/Build/Products/Release/PDFReaderCore.framework/Resources Versions/Current/Resources (in target 'PDFReaderCore' from project 'PDFReader')
    cd /Users/argus/Programming/pdf-reader
    /bin/ln -sfh Versions/Current/Resources /Users/argus/Programming/pdf-reader/.build/xcode-derived/Build/Products/Release/PDFReaderCore.framework/Resources

SymLink /Users/argus/Programming/pdf-reader/.build/xcode-derived/Build/Products/Release/PDFReaderCore.framework/PDFReaderCore Versions/Current/PDFReaderCore (in target 'PDFReaderCore' from project 'PDFReader')
    cd /Users/argus/Programming/pdf-reader
    /bin/ln -sfh Versions/Current/PDFReaderCore /Users/argus/Programming/pdf-reader/.build/xcode-derived/Build/Products/Release/PDFReaderCore.framework/PDFReaderCore

SymLink /Users/argus/Programming/pdf-reader/.build/xcode-derived/Build/Products/Release/PDFReaderCore.framework/Modules Versions/Current/Modules (in target 'PDFReaderCore' from project 'PDFReader')
    cd /Users/argus/Programming/pdf-reader
    /bin/ln -sfh Versions/Current/Modules /Users/argus/Programming/pdf-reader/.build/xcode-derived/Build/Products/Release/PDFReaderCore.framework/Modules

SymLink /Users/argus/Programming/pdf-reader/.build/xcode-derived/Build/Products/Release/PDFReaderCore.framework/Headers Versions/Current/Headers (in target 'PDFReaderCore' from project 'PDFReader')
    cd /Users/argus/Programming/pdf-reader
    /bin/ln -sfh Versions/Current/Headers /Users/argus/Programming/pdf-reader/.build/xcode-derived/Build/Products/Release/PDFReaderCore.framework/Headers

MkDir /Users/argus/Programming/pdf-reader/.build/xcode-derived/Build/Products/Release/PDFReaderCore.framework/Versions/A/Resources (in target 'PDFReaderCore' from project 'PDFReader')
    cd /Users/argus/Programming/pdf-reader
    /bin/mkdir -p /Users/argus/Programming/pdf-reader/.build/xcode-derived/Build/Products/Release/PDFReaderCore.framework/Versions/A/Resources

MkDir /Users/argus/Programming/pdf-reader/.build/xcode-derived/Build/Products/Release/PDFReaderCore.framework/Versions/A/Headers (in target 'PDFReaderCore' from project 'PDFReader')
    cd /Users/argus/Programming/pdf-reader
    /bin/mkdir -p /Users/argus/Programming/pdf-reader/.build/xcode-derived/Build/Products/Release/PDFReaderCore.framework/Versions/A/Headers

MkDir /Users/argus/Programming/pdf-reader/.build/xcode-derived/Build/Products/Release/PDFReaderCore.framework/Versions/A (in target 'PDFReaderCore' from project 'PDFReader')
    cd /Users/argus/Programming/pdf-reader
    /bin/mkdir -p /Users/argus/Programming/pdf-reader/.build/xcode-derived/Build/Products/Release/PDFReaderCore.framework/Versions/A

MkDir /Users/argus/Programming/pdf-reader/.build/xcode-derived/Build/Products/Release/PDFReaderCore.framework/Versions (in target 'PDFReaderCore' from project 'PDFReader')
    cd /Users/argus/Programming/pdf-reader
    /bin/mkdir -p /Users/argus/Programming/pdf-reader/.build/xcode-derived/Build/Products/Release/PDFReaderCore.framework/Versions

MkDir /Users/argus/Programming/pdf-reader/.build/xcode-derived/Build/Products/Release/PDFReaderCore.framework (in target 'PDFReaderCore' from project 'PDFReader')
    cd /Users/argus/Programming/pdf-reader
    /bin/mkdir -p /Users/argus/Programming/pdf-reader/.build/xcode-derived/Build/Products/Release/PDFReaderCore.framework

MkDir /Users/argus/Programming/pdf-reader/.build/xcode-derived/Build/Products/Release/PDFReader.app/Contents/MacOS (in target 'PDFReaderApp' from project 'PDFReader')
    cd /Users/argus/Programming/pdf-reader
    /bin/mkdir -p /Users/argus/Programming/pdf-reader/.build/xcode-derived/Build/Products/Release/PDFReader.app/Contents/MacOS

MkDir /Users/argus/Programming/pdf-reader/.build/xcode-derived/Build/Products/Release/PDFReader.app/Contents/Resources (in target 'PDFReaderApp' from project 'PDFReader')
    cd /Users/argus/Programming/pdf-reader
    /bin/mkdir -p /Users/argus/Programming/pdf-reader/.build/xcode-derived/Build/Products/Release/PDFReader.app/Contents/Resources

MkDir /Users/argus/Programming/pdf-reader/.build/xcode-derived/Build/Products/Release/PDFReader.app/Contents/Frameworks (in target 'PDFReaderApp' from project 'PDFReader')
    cd /Users/argus/Programming/pdf-reader
    /bin/mkdir -p /Users/argus/Programming/pdf-reader/.build/xcode-derived/Build/Products/Release/PDFReader.app/Contents/Frameworks

MkDir /Users/argus/Programming/pdf-reader/.build/xcode-derived/Build/Products/Release/PDFReader.app/Contents (in target 'PDFReaderApp' from project 'PDFReader')
    cd /Users/argus/Programming/pdf-reader
    /bin/mkdir -p /Users/argus/Programming/pdf-reader/.build/xcode-derived/Build/Products/Release/PDFReader.app/Contents

MkDir /Users/argus/Programming/pdf-reader/.build/xcode-derived/Build/Products/Release/PDFReader.app (in target 'PDFReaderApp' from project 'PDFReader')
    cd /Users/argus/Programming/pdf-reader
    /bin/mkdir -p /Users/argus/Programming/pdf-reader/.build/xcode-derived/Build/Products/Release/PDFReader.app

ProcessInfoPlistFile /Users/argus/Programming/pdf-reader/.build/xcode-derived/Build/Products/Release/PDFReaderCore.framework/Versions/A/Resources/Info.plist /Users/argus/Programming/pdf-reader/.build/xcode-derived/Build/Intermediates.noindex/PDFReader.build/Release/PDFReaderCore.build/empty-PDFReaderCore.plist (in target 'PDFReaderCore' from project 'PDFReader')
    cd /Users/argus/Programming/pdf-reader
    builtin-infoPlistUtility /Users/argus/Programming/pdf-reader/.build/xcode-derived/Build/Intermediates.noindex/PDFReader.build/Release/PDFReaderCore.build/empty-PDFReaderCore.plist -producttype com.apple.product-type.framework -expandbuildsettings -platform macosx -o /Users/argus/Programming/pdf-reader/.build/xcode-derived/Build/Products/Release/PDFReaderCore.framework/Versions/A/Resources/Info.plist

SwiftDriver TOMLDecoder normal arm64 com.apple.xcode.tools.swift.compiler (in target 'TOMLDecoder' from project 'TOMLDecoder')
    cd /Users/argus/Programming/pdf-reader/PDFReader.xcodeproj
    builtin-SwiftDriver -- /Applications/Xcode.app/Contents/Developer/Toolchains/XcodeDefault.xctoolchain/usr/bin/swiftc -module-name TOMLDecoder -O -whole-module-optimization @/Users/argus/Programming/pdf-reader/.build/xcode-derived/Build/Intermediates.noindex/TOMLDecoder.build/Release/TOMLDecoder.build/Objects-normal/arm64/TOMLDecoder.SwiftFileList -DSWIFT_PACKAGE -DSWIFT_MODULE_RESOURCE_BUNDLE_UNAVAILABLE -DXcode -enable-upcoming-feature ExistentialAny -enable-upcoming-feature InternalImportsByDefault -enable-upcoming-feature MemberImportVisibility -plugin-path /Applications/Xcode.app/Contents/Developer/Toolchains/XcodeDefault.xctoolchain/usr/lib/swift/host/plugins/testing -enable-experimental-feature DebugDescriptionMacro -sdk /Applications/Xcode.app/Contents/Developer/Platforms/MacOSX.platform/Developer/SDKs/MacOSX26.5.sdk -target arm64-apple-macos10.15 -g -module-cache-path /Users/argus/Programming/pdf-reader/.build/xcode-derived/ModuleCache.noindex -Xfrontend -serialize-debugging-options -suppress-warnings -swift-version 6 -I /Users/argus/Programming/pdf-reader/.build/xcode-derived/Build/Products/Release -Isystem /Applications/Xcode.app/Contents/Developer/Platforms/MacOSX.platform/Developer/usr/lib -F /Users/argus/Programming/pdf-reader/.build/xcode-derived/Build/Products/Release -F /Applications/Xcode.app/Contents/Developer/Platforms/MacOSX.platform/Developer/Library/Frameworks -c -num-threads 10 -Xcc -ivfsstatcache -Xcc /Users/argus/Programming/pdf-reader/.build/xcode-derived/SDKStatCaches.noindex/macosx26.5-25F70-e082c4a02f00227109f4ed75e425c832.sdkstatcache -output-file-map /Users/argus/Programming/pdf-reader/.build/xcode-derived/Build/Intermediates.noindex/TOMLDecoder.build/Release/TOMLDecoder.build/Objects-normal/arm64/TOMLDecoder-OutputFileMap.json -use-frontend-parseable-output -save-temps -no-color-diagnostics -explicit-module-build -module-cache-path /Users/argus/Programming/pdf-reader/.build/xcode-derived/Build/Intermediates.noindex/SwiftExplicitPrecompiledModules -clang-scanner-module-cache-path /Users/argus/Programming/pdf-reader/.build/xcode-derived/ModuleCache.noindex -sdk-module-cache-path /Users/argus/Programming/pdf-reader/.build/xcode-derived/ModuleCache.noindex -serialize-diagnostics -emit-dependencies -emit-module -emit-module-path /Users/argus/Programming/pdf-reader/.build/xcode-derived/Build/Intermediates.noindex/TOMLDecoder.build/Release/TOMLDecoder.build/Objects-normal/arm64/TOMLDecoder.swiftmodule -user-module-version 0.4.5 -validate-clang-modules-once -clang-build-session-file /Users/argus/Programming/pdf-reader/.build/xcode-derived/ModuleCache.noindex/Session.modulevalidation -package-name tomldecoder -Xcc -I/Users/argus/Programming/pdf-reader/.build/xcode-derived/Build/Intermediates.noindex/TOMLDecoder.build/Release/TOMLDecoder.build/swift-overrides.hmap -emit-const-values -Xfrontend -const-gather-protocols-file -Xfrontend /Users/argus/Programming/pdf-reader/.build/xcode-derived/Build/Intermediates.noindex/TOMLDecoder.build/Release/TOMLDecoder.build/Objects-normal/arm64/TOMLDecoder_const_extract_protocols.json -Xcc -I/Users/argus/Programming/pdf-reader/.build/xcode-derived/Build/Products/Release/include -Xcc -I/Users/argus/Programming/pdf-reader/.build/xcode-derived/Build/Intermediates.noindex/TOMLDecoder.build/Release/TOMLDecoder.build/DerivedSources-normal/arm64 -Xcc -I/Users/argus/Programming/pdf-reader/.build/xcode-derived/Build/Intermediates.noindex/TOMLDecoder.build/Release/TOMLDecoder.build/DerivedSources/arm64 -Xcc -I/Users/argus/Programming/pdf-reader/.build/xcode-derived/Build/Intermediates.noindex/TOMLDecoder.build/Release/TOMLDecoder.build/DerivedSources -Xcc -DSWIFT_PACKAGE -emit-objc-header -emit-objc-header-path /Users/argus/Programming/pdf-reader/.build/xcode-derived/Build/Intermediates.noindex/TOMLDecoder.build/Release/TOMLDecoder.build/Objects-normal/arm64/TOMLDecoder-Swift.h -working-directory /Users/argus/Programming/pdf-reader/PDFReader.xcodeproj -no-emit-module-separately-wmo

SwiftDriver TOMLDecoder normal x86_64 com.apple.xcode.tools.swift.compiler (in target 'TOMLDecoder' from project 'TOMLDecoder')
    cd /Users/argus/Programming/pdf-reader/PDFReader.xcodeproj
    builtin-SwiftDriver -- /Applications/Xcode.app/Contents/Developer/Toolchains/XcodeDefault.xctoolchain/usr/bin/swiftc -module-name TOMLDecoder -O -whole-module-optimization @/Users/argus/Programming/pdf-reader/.build/xcode-derived/Build/Intermediates.noindex/TOMLDecoder.build/Release/TOMLDecoder.build/Objects-normal/x86_64/TOMLDecoder.SwiftFileList -DSWIFT_PACKAGE -DSWIFT_MODULE_RESOURCE_BUNDLE_UNAVAILABLE -DXcode -enable-upcoming-feature ExistentialAny -enable-upcoming-feature InternalImportsByDefault -enable-upcoming-feature MemberImportVisibility -plugin-path /Applications/Xcode.app/Contents/Developer/Toolchains/XcodeDefault.xctoolchain/usr/lib/swift/host/plugins/testing -enable-experimental-feature DebugDescriptionMacro -sdk /Applications/Xcode.app/Contents/Developer/Platforms/MacOSX.platform/Developer/SDKs/MacOSX26.5.sdk -target x86_64-apple-macos10.15 -g -module-cache-path /Users/argus/Programming/pdf-reader/.build/xcode-derived/ModuleCache.noindex -Xfrontend -serialize-debugging-options -suppress-warnings -swift-version 6 -I /Users/argus/Programming/pdf-reader/.build/xcode-derived/Build/Products/Release -Isystem /Applications/Xcode.app/Contents/Developer/Platforms/MacOSX.platform/Developer/usr/lib -F /Users/argus/Programming/pdf-reader/.build/xcode-derived/Build/Products/Release -F /Applications/Xcode.app/Contents/Developer/Platforms/MacOSX.platform/Developer/Library/Frameworks -c -num-threads 10 -Xcc -ivfsstatcache -Xcc /Users/argus/Programming/pdf-reader/.build/xcode-derived/SDKStatCaches.noindex/macosx26.5-25F70-e082c4a02f00227109f4ed75e425c832.sdkstatcache -output-file-map /Users/argus/Programming/pdf-reader/.build/xcode-derived/Build/Intermediates.noindex/TOMLDecoder.build/Release/TOMLDecoder.build/Objects-normal/x86_64/TOMLDecoder-OutputFileMap.json -use-frontend-parseable-output -save-temps -no-color-diagnostics -explicit-module-build -module-cache-path /Users/argus/Programming/pdf-reader/.build/xcode-derived/Build/Intermediates.noindex/SwiftExplicitPrecompiledModules -clang-scanner-module-cache-path /Users/argus/Programming/pdf-reader/.build/xcode-derived/ModuleCache.noindex -sdk-module-cache-path /Users/argus/Programming/pdf-reader/.build/xcode-derived/ModuleCache.noindex -serialize-diagnostics -emit-dependencies -emit-module -emit-module-path /Users/argus/Programming/pdf-reader/.build/xcode-derived/Build/Intermediates.noindex/TOMLDecoder.build/Release/TOMLDecoder.build/Objects-normal/x86_64/TOMLDecoder.swiftmodule -user-module-version 0.4.5 -validate-clang-modules-once -clang-build-session-file /Users/argus/Programming/pdf-reader/.build/xcode-derived/ModuleCache.noindex/Session.modulevalidation -package-name tomldecoder -Xcc -I/Users/argus/Programming/pdf-reader/.build/xcode-derived/Build/Intermediates.noindex/TOMLDecoder.build/Release/TOMLDecoder.build/swift-overrides.hmap -emit-const-values -Xfrontend -const-gather-protocols-file -Xfrontend /Users/argus/Programming/pdf-reader/.build/xcode-derived/Build/Intermediates.noindex/TOMLDecoder.build/Release/TOMLDecoder.build/Objects-normal/x86_64/TOMLDecoder_const_extract_protocols.json -Xcc -I/Users/argus/Programming/pdf-reader/.build/xcode-derived/Build/Products/Release/include -Xcc -I/Users/argus/Programming/pdf-reader/.build/xcode-derived/Build/Intermediates.noindex/TOMLDecoder.build/Release/TOMLDecoder.build/DerivedSources-normal/x86_64 -Xcc -I/Users/argus/Programming/pdf-reader/.build/xcode-derived/Build/Intermediates.noindex/TOMLDecoder.build/Release/TOMLDecoder.build/DerivedSources/x86_64 -Xcc -I/Users/argus/Programming/pdf-reader/.build/xcode-derived/Build/Intermediates.noindex/TOMLDecoder.build/Release/TOMLDecoder.build/DerivedSources -Xcc -DSWIFT_PACKAGE -emit-objc-header -emit-objc-header-path /Users/argus/Programming/pdf-reader/.build/xcode-derived/Build/Intermediates.noindex/TOMLDecoder.build/Release/TOMLDecoder.build/Objects-normal/x86_64/TOMLDecoder-Swift.h -working-directory /Users/argus/Programming/pdf-reader/PDFReader.xcodeproj -no-emit-module-separately-wmo

SwiftDriver PDFReaderCore normal x86_64 com.apple.xcode.tools.swift.compiler (in target 'PDFReaderCore' from project 'PDFReader')
    cd /Users/argus/Programming/pdf-reader
    builtin-SwiftDriver -- /Applications/Xcode.app/Contents/Developer/Toolchains/XcodeDefault.xctoolchain/usr/bin/swiftc -module-name PDFReaderCore -O -whole-module-optimization @/Users/argus/Programming/pdf-reader/.build/xcode-derived/Build/Intermediates.noindex/PDFReader.build/Release/PDFReaderCore.build/Objects-normal/x86_64/PDFReaderCore.SwiftFileList -enable-experimental-feature DebugDescriptionMacro -sdk /Applications/Xcode.app/Contents/Developer/Platforms/MacOSX.platform/Developer/SDKs/MacOSX26.5.sdk -target x86_64-apple-macos14.0 -g -module-cache-path /Users/argus/Programming/pdf-reader/.build/xcode-derived/ModuleCache.noindex -Xfrontend -serialize-debugging-options -swift-version 6 -I /Users/argus/Programming/pdf-reader/.build/xcode-derived/Build/Products/Release -F /Users/argus/Programming/pdf-reader/.build/xcode-derived/Build/Products/Release -c -num-threads 10 -Xcc -ivfsstatcache -Xcc /Users/argus/Programming/pdf-reader/.build/xcode-derived/SDKStatCaches.noindex/macosx26.5-25F70-e082c4a02f00227109f4ed75e425c832.sdkstatcache -output-file-map /Users/argus/Programming/pdf-reader/.build/xcode-derived/Build/Intermediates.noindex/PDFReader.build/Release/PDFReaderCore.build/Objects-normal/x86_64/PDFReaderCore-OutputFileMap.json -use-frontend-parseable-output -save-temps -no-color-diagnostics -explicit-module-build -module-cache-path /Users/argus/Programming/pdf-reader/.build/xcode-derived/Build/Intermediates.noindex/SwiftExplicitPrecompiledModules -clang-scanner-module-cache-path /Users/argus/Programming/pdf-reader/.build/xcode-derived/ModuleCache.noindex -sdk-module-cache-path /Users/argus/Programming/pdf-reader/.build/xcode-derived/ModuleCache.noindex -serialize-diagnostics -emit-dependencies -emit-module -emit-module-path /Users/argus/Programming/pdf-reader/.build/xcode-derived/Build/Intermediates.noindex/PDFReader.build/Release/PDFReaderCore.build/Objects-normal/x86_64/PDFReaderCore.swiftmodule -validate-clang-modules-once -clang-build-session-file /Users/argus/Programming/pdf-reader/.build/xcode-derived/ModuleCache.noindex/Session.modulevalidation -Xcc -I/Users/argus/Programming/pdf-reader/.build/xcode-derived/Build/Intermediates.noindex/PDFReader.build/Release/PDFReaderCore.build/swift-overrides.hmap -emit-const-values -Xfrontend -const-gather-protocols-file -Xfrontend /Users/argus/Programming/pdf-reader/.build/xcode-derived/Build/Intermediates.noindex/PDFReader.build/Release/PDFReaderCore.build/Objects-normal/x86_64/PDFReaderCore_const_extract_protocols.json -Xcc -iquote -Xcc /Users/argus/Programming/pdf-reader/.build/xcode-derived/Build/Intermediates.noindex/PDFReader.build/Release/PDFReaderCore.build/PDFReaderCore-generated-files.hmap -Xcc -I/Users/argus/Programming/pdf-reader/.build/xcode-derived/Build/Intermediates.noindex/PDFReader.build/Release/PDFReaderCore.build/PDFReaderCore-own-target-headers.hmap -Xcc -I/Users/argus/Programming/pdf-reader/.build/xcode-derived/Build/Intermediates.noindex/PDFReader.build/Release/PDFReaderCore.build/PDFReaderCore-all-non-framework-target-headers.hmap -Xcc -ivfsoverlay -Xcc /Users/argus/Programming/pdf-reader/.build/xcode-derived/Build/Intermediates.noindex/PDFReader.build/Release/PDFReader-5ed3f8c2d107e937755ff9345addb7ff-VFS/all-product-headers.yaml -Xcc -iquote -Xcc /Users/argus/Programming/pdf-reader/.build/xcode-derived/Build/Intermediates.noindex/PDFReader.build/Release/PDFReaderCore.build/PDFReaderCore-project-headers.hmap -Xcc -I/Users/argus/Programming/pdf-reader/.build/xcode-derived/Build/Products/Release/include -Xcc -I/Users/argus/Programming/pdf-reader/.build/xcode-derived/Build/Intermediates.noindex/PDFReader.build/Release/PDFReaderCore.build/DerivedSources-normal/x86_64 -Xcc -I/Users/argus/Programming/pdf-reader/.build/xcode-derived/Build/Intermediates.noindex/PDFReader.build/Release/PDFReaderCore.build/DerivedSources/x86_64 -Xcc -I/Users/argus/Programming/pdf-reader/.build/xcode-derived/Build/Intermediates.noindex/PDFReader.build/Release/PDFReaderCore.build/DerivedSources -emit-objc-header -emit-objc-header-path /Users/argus/Programming/pdf-reader/.build/xcode-derived/Build/Intermediates.noindex/PDFReader.build/Release/PDFReaderCore.build/Objects-normal/x86_64/PDFReaderCore-Swift.h -working-directory /Users/argus/Programming/pdf-reader -no-emit-module-separately-wmo

SwiftDriver PDFReaderCore normal arm64 com.apple.xcode.tools.swift.compiler (in target 'PDFReaderCore' from project 'PDFReader')
    cd /Users/argus/Programming/pdf-reader
    builtin-SwiftDriver -- /Applications/Xcode.app/Contents/Developer/Toolchains/XcodeDefault.xctoolchain/usr/bin/swiftc -module-name PDFReaderCore -O -whole-module-optimization @/Users/argus/Programming/pdf-reader/.build/xcode-derived/Build/Intermediates.noindex/PDFReader.build/Release/PDFReaderCore.build/Objects-normal/arm64/PDFReaderCore.SwiftFileList -enable-experimental-feature DebugDescriptionMacro -sdk /Applications/Xcode.app/Contents/Developer/Platforms/MacOSX.platform/Developer/SDKs/MacOSX26.5.sdk -target arm64-apple-macos14.0 -g -module-cache-path /Users/argus/Programming/pdf-reader/.build/xcode-derived/ModuleCache.noindex -Xfrontend -serialize-debugging-options -swift-version 6 -I /Users/argus/Programming/pdf-reader/.build/xcode-derived/Build/Products/Release -F /Users/argus/Programming/pdf-reader/.build/xcode-derived/Build/Products/Release -c -num-threads 10 -Xcc -ivfsstatcache -Xcc /Users/argus/Programming/pdf-reader/.build/xcode-derived/SDKStatCaches.noindex/macosx26.5-25F70-e082c4a02f00227109f4ed75e425c832.sdkstatcache -output-file-map /Users/argus/Programming/pdf-reader/.build/xcode-derived/Build/Intermediates.noindex/PDFReader.build/Release/PDFReaderCore.build/Objects-normal/arm64/PDFReaderCore-OutputFileMap.json -use-frontend-parseable-output -save-temps -no-color-diagnostics -explicit-module-build -module-cache-path /Users/argus/Programming/pdf-reader/.build/xcode-derived/Build/Intermediates.noindex/SwiftExplicitPrecompiledModules -clang-scanner-module-cache-path /Users/argus/Programming/pdf-reader/.build/xcode-derived/ModuleCache.noindex -sdk-module-cache-path /Users/argus/Programming/pdf-reader/.build/xcode-derived/ModuleCache.noindex -serialize-diagnostics -emit-dependencies -emit-module -emit-module-path /Users/argus/Programming/pdf-reader/.build/xcode-derived/Build/Intermediates.noindex/PDFReader.build/Release/PDFReaderCore.build/Objects-normal/arm64/PDFReaderCore.swiftmodule -validate-clang-modules-once -clang-build-session-file /Users/argus/Programming/pdf-reader/.build/xcode-derived/ModuleCache.noindex/Session.modulevalidation -Xcc -I/Users/argus/Programming/pdf-reader/.build/xcode-derived/Build/Intermediates.noindex/PDFReader.build/Release/PDFReaderCore.build/swift-overrides.hmap -emit-const-values -Xfrontend -const-gather-protocols-file -Xfrontend /Users/argus/Programming/pdf-reader/.build/xcode-derived/Build/Intermediates.noindex/PDFReader.build/Release/PDFReaderCore.build/Objects-normal/arm64/PDFReaderCore_const_extract_protocols.json -Xcc -iquote -Xcc /Users/argus/Programming/pdf-reader/.build/xcode-derived/Build/Intermediates.noindex/PDFReader.build/Release/PDFReaderCore.build/PDFReaderCore-generated-files.hmap -Xcc -I/Users/argus/Programming/pdf-reader/.build/xcode-derived/Build/Intermediates.noindex/PDFReader.build/Release/PDFReaderCore.build/PDFReaderCore-own-target-headers.hmap -Xcc -I/Users/argus/Programming/pdf-reader/.build/xcode-derived/Build/Intermediates.noindex/PDFReader.build/Release/PDFReaderCore.build/PDFReaderCore-all-non-framework-target-headers.hmap -Xcc -ivfsoverlay -Xcc /Users/argus/Programming/pdf-reader/.build/xcode-derived/Build/Intermediates.noindex/PDFReader.build/Release/PDFReader-5ed3f8c2d107e937755ff9345addb7ff-VFS/all-product-headers.yaml -Xcc -iquote -Xcc /Users/argus/Programming/pdf-reader/.build/xcode-derived/Build/Intermediates.noindex/PDFReader.build/Release/PDFReaderCore.build/PDFReaderCore-project-headers.hmap -Xcc -I/Users/argus/Programming/pdf-reader/.build/xcode-derived/Build/Products/Release/include -Xcc -I/Users/argus/Programming/pdf-reader/.build/xcode-derived/Build/Intermediates.noindex/PDFReader.build/Release/PDFReaderCore.build/DerivedSources-normal/arm64 -Xcc -I/Users/argus/Programming/pdf-reader/.build/xcode-derived/Build/Intermediates.noindex/PDFReader.build/Release/PDFReaderCore.build/DerivedSources/arm64 -Xcc -I/Users/argus/Programming/pdf-reader/.build/xcode-derived/Build/Intermediates.noindex/PDFReader.build/Release/PDFReaderCore.build/DerivedSources -emit-objc-header -emit-objc-header-path /Users/argus/Programming/pdf-reader/.build/xcode-derived/Build/Intermediates.noindex/PDFReader.build/Release/PDFReaderCore.build/Objects-normal/arm64/PDFReaderCore-Swift.h -working-directory /Users/argus/Programming/pdf-reader -no-emit-module-separately-wmo

SwiftDriver\ Compilation TOMLDecoder normal x86_64 com.apple.xcode.tools.swift.compiler (in target 'TOMLDecoder' from project 'TOMLDecoder')
    cd /Users/argus/Programming/pdf-reader/PDFReader.xcodeproj
    builtin-Swift-Compilation -- /Applications/Xcode.app/Contents/Developer/Toolchains/XcodeDefault.xctoolchain/usr/bin/swiftc -module-name TOMLDecoder -O -whole-module-optimization @/Users/argus/Programming/pdf-reader/.build/xcode-derived/Build/Intermediates.noindex/TOMLDecoder.build/Release/TOMLDecoder.build/Objects-normal/x86_64/TOMLDecoder.SwiftFileList -DSWIFT_PACKAGE -DSWIFT_MODULE_RESOURCE_BUNDLE_UNAVAILABLE -DXcode -enable-upcoming-feature ExistentialAny -enable-upcoming-feature InternalImportsByDefault -enable-upcoming-feature MemberImportVisibility -plugin-path /Applications/Xcode.app/Contents/Developer/Toolchains/XcodeDefault.xctoolchain/usr/lib/swift/host/plugins/testing -enable-experimental-feature DebugDescriptionMacro -sdk /Applications/Xcode.app/Contents/Developer/Platforms/MacOSX.platform/Developer/SDKs/MacOSX26.5.sdk -target x86_64-apple-macos10.15 -g -module-cache-path /Users/argus/Programming/pdf-reader/.build/xcode-derived/ModuleCache.noindex -Xfrontend -serialize-debugging-options -suppress-warnings -swift-version 6 -I /Users/argus/Programming/pdf-reader/.build/xcode-derived/Build/Products/Release -Isystem /Applications/Xcode.app/Contents/Developer/Platforms/MacOSX.platform/Developer/usr/lib -F /Users/argus/Programming/pdf-reader/.build/xcode-derived/Build/Products/Release -F /Applications/Xcode.app/Contents/Developer/Platforms/MacOSX.platform/Developer/Library/Frameworks -c -num-threads 10 -Xcc -ivfsstatcache -Xcc /Users/argus/Programming/pdf-reader/.build/xcode-derived/SDKStatCaches.noindex/macosx26.5-25F70-e082c4a02f00227109f4ed75e425c832.sdkstatcache -output-file-map /Users/argus/Programming/pdf-reader/.build/xcode-derived/Build/Intermediates.noindex/TOMLDecoder.build/Release/TOMLDecoder.build/Objects-normal/x86_64/TOMLDecoder-OutputFileMap.json -use-frontend-parseable-output -save-temps -no-color-diagnostics -explicit-module-build -module-cache-path /Users/argus/Programming/pdf-reader/.build/xcode-derived/Build/Intermediates.noindex/SwiftExplicitPrecompiledModules -clang-scanner-module-cache-path /Users/argus/Programming/pdf-reader/.build/xcode-derived/ModuleCache.noindex -sdk-module-cache-path /Users/argus/Programming/pdf-reader/.build/xcode-derived/ModuleCache.noindex -serialize-diagnostics -emit-dependencies -emit-module -emit-module-path /Users/argus/Programming/pdf-reader/.build/xcode-derived/Build/Intermediates.noindex/TOMLDecoder.build/Release/TOMLDecoder.build/Objects-normal/x86_64/TOMLDecoder.swiftmodule -user-module-version 0.4.5 -validate-clang-modules-once -clang-build-session-file /Users/argus/Programming/pdf-reader/.build/xcode-derived/ModuleCache.noindex/Session.modulevalidation -package-name tomldecoder -Xcc -I/Users/argus/Programming/pdf-reader/.build/xcode-derived/Build/Intermediates.noindex/TOMLDecoder.build/Release/TOMLDecoder.build/swift-overrides.hmap -emit-const-values -Xfrontend -const-gather-protocols-file -Xfrontend /Users/argus/Programming/pdf-reader/.build/xcode-derived/Build/Intermediates.noindex/TOMLDecoder.build/Release/TOMLDecoder.build/Objects-normal/x86_64/TOMLDecoder_const_extract_protocols.json -Xcc -I/Users/argus/Programming/pdf-reader/.build/xcode-derived/Build/Products/Release/include -Xcc -I/Users/argus/Programming/pdf-reader/.build/xcode-derived/Build/Intermediates.noindex/TOMLDecoder.build/Release/TOMLDecoder.build/DerivedSources-normal/x86_64 -Xcc -I/Users/argus/Programming/pdf-reader/.build/xcode-derived/Build/Intermediates.noindex/TOMLDecoder.build/Release/TOMLDecoder.build/DerivedSources/x86_64 -Xcc -I/Users/argus/Programming/pdf-reader/.build/xcode-derived/Build/Intermediates.noindex/TOMLDecoder.build/Release/TOMLDecoder.build/DerivedSources -Xcc -DSWIFT_PACKAGE -emit-objc-header -emit-objc-header-path /Users/argus/Programming/pdf-reader/.build/xcode-derived/Build/Intermediates.noindex/TOMLDecoder.build/Release/TOMLDecoder.build/Objects-normal/x86_64/TOMLDecoder-Swift.h -working-directory /Users/argus/Programming/pdf-reader/PDFReader.xcodeproj -no-emit-module-separately-wmo

SwiftDriver\ Compilation TOMLDecoder normal arm64 com.apple.xcode.tools.swift.compiler (in target 'TOMLDecoder' from project 'TOMLDecoder')
    cd /Users/argus/Programming/pdf-reader/PDFReader.xcodeproj
    builtin-Swift-Compilation -- /Applications/Xcode.app/Contents/Developer/Toolchains/XcodeDefault.xctoolchain/usr/bin/swiftc -module-name TOMLDecoder -O -whole-module-optimization @/Users/argus/Programming/pdf-reader/.build/xcode-derived/Build/Intermediates.noindex/TOMLDecoder.build/Release/TOMLDecoder.build/Objects-normal/arm64/TOMLDecoder.SwiftFileList -DSWIFT_PACKAGE -DSWIFT_MODULE_RESOURCE_BUNDLE_UNAVAILABLE -DXcode -enable-upcoming-feature ExistentialAny -enable-upcoming-feature InternalImportsByDefault -enable-upcoming-feature MemberImportVisibility -plugin-path /Applications/Xcode.app/Contents/Developer/Toolchains/XcodeDefault.xctoolchain/usr/lib/swift/host/plugins/testing -enable-experimental-feature DebugDescriptionMacro -sdk /Applications/Xcode.app/Contents/Developer/Platforms/MacOSX.platform/Developer/SDKs/MacOSX26.5.sdk -target arm64-apple-macos10.15 -g -module-cache-path /Users/argus/Programming/pdf-reader/.build/xcode-derived/ModuleCache.noindex -Xfrontend -serialize-debugging-options -suppress-warnings -swift-version 6 -I /Users/argus/Programming/pdf-reader/.build/xcode-derived/Build/Products/Release -Isystem /Applications/Xcode.app/Contents/Developer/Platforms/MacOSX.platform/Developer/usr/lib -F /Users/argus/Programming/pdf-reader/.build/xcode-derived/Build/Products/Release -F /Applications/Xcode.app/Contents/Developer/Platforms/MacOSX.platform/Developer/Library/Frameworks -c -num-threads 10 -Xcc -ivfsstatcache -Xcc /Users/argus/Programming/pdf-reader/.build/xcode-derived/SDKStatCaches.noindex/macosx26.5-25F70-e082c4a02f00227109f4ed75e425c832.sdkstatcache -output-file-map /Users/argus/Programming/pdf-reader/.build/xcode-derived/Build/Intermediates.noindex/TOMLDecoder.build/Release/TOMLDecoder.build/Objects-normal/arm64/TOMLDecoder-OutputFileMap.json -use-frontend-parseable-output -save-temps -no-color-diagnostics -explicit-module-build -module-cache-path /Users/argus/Programming/pdf-reader/.build/xcode-derived/Build/Intermediates.noindex/SwiftExplicitPrecompiledModules -clang-scanner-module-cache-path /Users/argus/Programming/pdf-reader/.build/xcode-derived/ModuleCache.noindex -sdk-module-cache-path /Users/argus/Programming/pdf-reader/.build/xcode-derived/ModuleCache.noindex -serialize-diagnostics -emit-dependencies -emit-module -emit-module-path /Users/argus/Programming/pdf-reader/.build/xcode-derived/Build/Intermediates.noindex/TOMLDecoder.build/Release/TOMLDecoder.build/Objects-normal/arm64/TOMLDecoder.swiftmodule -user-module-version 0.4.5 -validate-clang-modules-once -clang-build-session-file /Users/argus/Programming/pdf-reader/.build/xcode-derived/ModuleCache.noindex/Session.modulevalidation -package-name tomldecoder -Xcc -I/Users/argus/Programming/pdf-reader/.build/xcode-derived/Build/Intermediates.noindex/TOMLDecoder.build/Release/TOMLDecoder.build/swift-overrides.hmap -emit-const-values -Xfrontend -const-gather-protocols-file -Xfrontend /Users/argus/Programming/pdf-reader/.build/xcode-derived/Build/Intermediates.noindex/TOMLDecoder.build/Release/TOMLDecoder.build/Objects-normal/arm64/TOMLDecoder_const_extract_protocols.json -Xcc -I/Users/argus/Programming/pdf-reader/.build/xcode-derived/Build/Products/Release/include -Xcc -I/Users/argus/Programming/pdf-reader/.build/xcode-derived/Build/Intermediates.noindex/TOMLDecoder.build/Release/TOMLDecoder.build/DerivedSources-normal/arm64 -Xcc -I/Users/argus/Programming/pdf-reader/.build/xcode-derived/Build/Intermediates.noindex/TOMLDecoder.build/Release/TOMLDecoder.build/DerivedSources/arm64 -Xcc -I/Users/argus/Programming/pdf-reader/.build/xcode-derived/Build/Intermediates.noindex/TOMLDecoder.build/Release/TOMLDecoder.build/DerivedSources -Xcc -DSWIFT_PACKAGE -emit-objc-header -emit-objc-header-path /Users/argus/Programming/pdf-reader/.build/xcode-derived/Build/Intermediates.noindex/TOMLDecoder.build/Release/TOMLDecoder.build/Objects-normal/arm64/TOMLDecoder-Swift.h -working-directory /Users/argus/Programming/pdf-reader/PDFReader.xcodeproj -no-emit-module-separately-wmo

SwiftDriver\ Compilation PDFReaderCore normal arm64 com.apple.xcode.tools.swift.compiler (in target 'PDFReaderCore' from project 'PDFReader')
    cd /Users/argus/Programming/pdf-reader
    builtin-Swift-Compilation -- /Applications/Xcode.app/Contents/Developer/Toolchains/XcodeDefault.xctoolchain/usr/bin/swiftc -module-name PDFReaderCore -O -whole-module-optimization @/Users/argus/Programming/pdf-reader/.build/xcode-derived/Build/Intermediates.noindex/PDFReader.build/Release/PDFReaderCore.build/Objects-normal/arm64/PDFReaderCore.SwiftFileList -enable-experimental-feature DebugDescriptionMacro -sdk /Applications/Xcode.app/Contents/Developer/Platforms/MacOSX.platform/Developer/SDKs/MacOSX26.5.sdk -target arm64-apple-macos14.0 -g -module-cache-path /Users/argus/Programming/pdf-reader/.build/xcode-derived/ModuleCache.noindex -Xfrontend -serialize-debugging-options -swift-version 6 -I /Users/argus/Programming/pdf-reader/.build/xcode-derived/Build/Products/Release -F /Users/argus/Programming/pdf-reader/.build/xcode-derived/Build/Products/Release -c -num-threads 10 -Xcc -ivfsstatcache -Xcc /Users/argus/Programming/pdf-reader/.build/xcode-derived/SDKStatCaches.noindex/macosx26.5-25F70-e082c4a02f00227109f4ed75e425c832.sdkstatcache -output-file-map /Users/argus/Programming/pdf-reader/.build/xcode-derived/Build/Intermediates.noindex/PDFReader.build/Release/PDFReaderCore.build/Objects-normal/arm64/PDFReaderCore-OutputFileMap.json -use-frontend-parseable-output -save-temps -no-color-diagnostics -explicit-module-build -module-cache-path /Users/argus/Programming/pdf-reader/.build/xcode-derived/Build/Intermediates.noindex/SwiftExplicitPrecompiledModules -clang-scanner-module-cache-path /Users/argus/Programming/pdf-reader/.build/xcode-derived/ModuleCache.noindex -sdk-module-cache-path /Users/argus/Programming/pdf-reader/.build/xcode-derived/ModuleCache.noindex -serialize-diagnostics -emit-dependencies -emit-module -emit-module-path /Users/argus/Programming/pdf-reader/.build/xcode-derived/Build/Intermediates.noindex/PDFReader.build/Release/PDFReaderCore.build/Objects-normal/arm64/PDFReaderCore.swiftmodule -validate-clang-modules-once -clang-build-session-file /Users/argus/Programming/pdf-reader/.build/xcode-derived/ModuleCache.noindex/Session.modulevalidation -Xcc -I/Users/argus/Programming/pdf-reader/.build/xcode-derived/Build/Intermediates.noindex/PDFReader.build/Release/PDFReaderCore.build/swift-overrides.hmap -emit-const-values -Xfrontend -const-gather-protocols-file -Xfrontend /Users/argus/Programming/pdf-reader/.build/xcode-derived/Build/Intermediates.noindex/PDFReader.build/Release/PDFReaderCore.build/Objects-normal/arm64/PDFReaderCore_const_extract_protocols.json -Xcc -iquote -Xcc /Users/argus/Programming/pdf-reader/.build/xcode-derived/Build/Intermediates.noindex/PDFReader.build/Release/PDFReaderCore.build/PDFReaderCore-generated-files.hmap -Xcc -I/Users/argus/Programming/pdf-reader/.build/xcode-derived/Build/Intermediates.noindex/PDFReader.build/Release/PDFReaderCore.build/PDFReaderCore-own-target-headers.hmap -Xcc -I/Users/argus/Programming/pdf-reader/.build/xcode-derived/Build/Intermediates.noindex/PDFReader.build/Release/PDFReaderCore.build/PDFReaderCore-all-non-framework-target-headers.hmap -Xcc -ivfsoverlay -Xcc /Users/argus/Programming/pdf-reader/.build/xcode-derived/Build/Intermediates.noindex/PDFReader.build/Release/PDFReader-5ed3f8c2d107e937755ff9345addb7ff-VFS/all-product-headers.yaml -Xcc -iquote -Xcc /Users/argus/Programming/pdf-reader/.build/xcode-derived/Build/Intermediates.noindex/PDFReader.build/Release/PDFReaderCore.build/PDFReaderCore-project-headers.hmap -Xcc -I/Users/argus/Programming/pdf-reader/.build/xcode-derived/Build/Products/Release/include -Xcc -I/Users/argus/Programming/pdf-reader/.build/xcode-derived/Build/Intermediates.noindex/PDFReader.build/Release/PDFReaderCore.build/DerivedSources-normal/arm64 -Xcc -I/Users/argus/Programming/pdf-reader/.build/xcode-derived/Build/Intermediates.noindex/PDFReader.build/Release/PDFReaderCore.build/DerivedSources/arm64 -Xcc -I/Users/argus/Programming/pdf-reader/.build/xcode-derived/Build/Intermediates.noindex/PDFReader.build/Release/PDFReaderCore.build/DerivedSources -emit-objc-header -emit-objc-header-path /Users/argus/Programming/pdf-reader/.build/xcode-derived/Build/Intermediates.noindex/PDFReader.build/Release/PDFReaderCore.build/Objects-normal/arm64/PDFReaderCore-Swift.h -working-directory /Users/argus/Programming/pdf-reader -no-emit-module-separately-wmo

SwiftCompile normal arm64 Compiling\ DateTime.swift,\ Constants.swift,\ Parser+Finish.swift,\ Parser.swift,\ TOMLDocument.swift,\ Token.swift,\ TOMLArray.swift,\ TOMLDecoder.swift,\ TOMLError.swift,\ TOMLKey.swift,\ TOMLKeyedDecodingContainer.swift,\ TOMLSingleValueDecodingContainer.Generated.swift,\ TOMLTable.swift,\ TOMLUnkeyedDecodingContainer.swift,\ _TOMLDecoder.swift /Users/argus/Programming/pdf-reader/.build/xcode-derived/SourcePackages/checkouts/TOMLDecoder/Sources/TOMLDecoder/DateTime.swift /Users/argus/Programming/pdf-reader/.build/xcode-derived/SourcePackages/checkouts/TOMLDecoder/Sources/TOMLDecoder/Parsing/Constants.swift /Users/argus/Programming/pdf-reader/.build/xcode-derived/SourcePackages/checkouts/TOMLDecoder/Sources/TOMLDecoder/Parsing/Parser+Finish.swift /Users/argus/Programming/pdf-reader/.build/xcode-derived/SourcePackages/checkouts/TOMLDecoder/Sources/TOMLDecoder/Parsing/Parser.swift /Users/argus/Programming/pdf-reader/.build/xcode-derived/SourcePackages/checkouts/TOMLDecoder/Sources/TOMLDecoder/Parsing/TOMLDocument.swift /Users/argus/Programming/pdf-reader/.build/xcode-derived/SourcePackages/checkouts/TOMLDecoder/Sources/TOMLDecoder/Parsing/Token.swift /Users/argus/Programming/pdf-reader/.build/xcode-derived/SourcePackages/checkouts/TOMLDecoder/Sources/TOMLDecoder/TOMLArray.swift /Users/argus/Programming/pdf-reader/.build/xcode-derived/SourcePackages/checkouts/TOMLDecoder/Sources/TOMLDecoder/TOMLDecoder.swift /Users/argus/Programming/pdf-reader/.build/xcode-derived/SourcePackages/checkouts/TOMLDecoder/Sources/TOMLDecoder/TOMLError.swift /Users/argus/Programming/pdf-reader/.build/xcode-derived/SourcePackages/checkouts/TOMLDecoder/Sources/TOMLDecoder/TOMLKey.swift /Users/argus/Programming/pdf-reader/.build/xcode-derived/SourcePackages/checkouts/TOMLDecoder/Sources/TOMLDecoder/TOMLKeyedDecodingContainer.swift /Users/argus/Programming/pdf-reader/.build/xcode-derived/SourcePackages/checkouts/TOMLDecoder/Sources/TOMLDecoder/TOMLSingleValueDecodingContainer.Generated.swift /Users/argus/Programming/pdf-reader/.build/xcode-derived/SourcePackages/checkouts/TOMLDecoder/Sources/TOMLDecoder/TOMLTable.swift /Users/argus/Programming/pdf-reader/.build/xcode-derived/SourcePackages/checkouts/TOMLDecoder/Sources/TOMLDecoder/TOMLUnkeyedDecodingContainer.swift /Users/argus/Programming/pdf-reader/.build/xcode-derived/SourcePackages/checkouts/TOMLDecoder/Sources/TOMLDecoder/_TOMLDecoder.swift /Applications/Xcode.app/Contents/Developer/Toolchains/XcodeDefault.xctoolchain/usr/lib/swift/macosx/prebuilt-modules/26.5/_DarwinFoundation1.swiftmodule/arm64e-apple-macos.swiftmodule /Applications/Xcode.app/Contents/Developer/Toolchains/XcodeDefault.xctoolchain/usr/lib/swift/macosx/prebuilt-modules/26.5/Dispatch.swiftmodule/arm64e-apple-macos.swiftmodule /Applications/Xcode.app/Contents/Developer/Toolchains/XcodeDefault.xctoolchain/usr/lib/swift/macosx/prebuilt-modules/26.5/_Concurrency.swiftmodule/arm64e-apple-macos.swiftmodule /Applications/Xcode.app/Contents/Developer/Toolchains/XcodeDefault.xctoolchain/usr/lib/swift/macosx/prebuilt-modules/26.5/IOKit.swiftmodule/arm64e-apple-macos.swiftmodule /Applications/Xcode.app/Contents/Developer/Toolchains/XcodeDefault.xctoolchain/usr/lib/swift/macosx/prebuilt-modules/26.5/Foundation.swiftmodule/arm64e-apple-macos.swiftmodule /Applications/Xcode.app/Contents/Developer/Toolchains/XcodeDefault.xctoolchain/usr/lib/swift/macosx/prebuilt-modules/26.5/ObjectiveC.swiftmodule/arm64e-apple-macos.swiftmodule /Applications/Xcode.app/Contents/Developer/Toolchains/XcodeDefault.xctoolchain/usr/lib/swift/macosx/prebuilt-modules/26.5/_DarwinFoundation3.swiftmodule/arm64e-apple-macos.swiftmodule /Applications/Xcode.app/Contents/Developer/Toolchains/XcodeDefault.xctoolchain/usr/lib/swift/macosx/prebuilt-modules/26.5/_Builtin_float.swiftmodule/arm64e-apple-macos.swiftmodule /Applications/Xcode.app/Contents/Developer/Toolchains/XcodeDefault.xctoolchain/usr/lib/swift/macosx/prebuilt-modules/26.5/Observation.swiftmodule/arm64e-apple-macos.swiftmodule /Applications/Xcode.app/Contents/Developer/Toolchains/XcodeDefault.xctoolchain/usr/lib/swift/macosx/prebuilt-modules/26.5/_DarwinFoundation2.swiftmodule/arm64e-apple-macos.swiftmodule /Applications/Xcode.app/Contents/Developer/Toolchains/XcodeDefault.xctoolchain/usr/lib/swift/macosx/prebuilt-modules/26.5/Darwin.swiftmodule/arm64e-apple-macos.swiftmodule /Applications/Xcode.app/Contents/Developer/Toolchains/XcodeDefault.xctoolchain/usr/lib/swift/macosx/prebuilt-modules/26.5/System.swiftmodule/arm64e-apple-macos.swiftmodule /Applications/Xcode.app/Contents/Developer/Toolchains/XcodeDefault.xctoolchain/usr/lib/swift/macosx/prebuilt-modules/26.5/_StringProcessing.swiftmodule/arm64e-apple-macos.swiftmodule /Applications/Xcode.app/Contents/Developer/Toolchains/XcodeDefault.xctoolchain/usr/lib/swift/macosx/prebuilt-modules/26.5/Combine.swiftmodule/arm64e-apple-macos.swiftmodule /Applications/Xcode.app/Contents/Developer/Toolchains/XcodeDefault.xctoolchain/usr/lib/swift/macosx/prebuilt-modules/26.5/Swift.swiftmodule/arm64e-apple-macos.swiftmodule /Applications/Xcode.app/Contents/Developer/Toolchains/XcodeDefault.xctoolchain/usr/lib/swift/macosx/prebuilt-modules/26.5/XPC.swiftmodule/arm64e-apple-macos.swiftmodule /Applications/Xcode.app/Contents/Developer/Toolchains/XcodeDefault.xctoolchain/usr/lib/swift/macosx/prebuilt-modules/26.5/CoreFoundation.swiftmodule/arm64e-apple-macos.swiftmodule /Users/argus/Programming/pdf-reader/.build/xcode-derived/ModuleCache.noindex/ptrauth-EIN3EJGOXGE17EU67AARIA8OL.pcm /Users/argus/Programming/pdf-reader/.build/xcode-derived/ModuleCache.noindex/MachO-A3NLTEXU3FZEQM36C4VDBEJIQ.pcm /Users/argus/Programming/pdf-reader/.build/xcode-derived/ModuleCache.noindex/Foundation-BU4EGT4VJOPEV9IWRYB6WGYRG.pcm /Users/argus/Programming/pdf-reader/.build/xcode-derived/ModuleCache.noindex/_DarwinFoundation3-6MK4ZLRIJC8EFQVXTC0TWH8NA.pcm /Users/argus/Programming/pdf-reader/.build/xcode-derived/ModuleCache.noindex/_Builtin_stdint-50VS2DRB4BH0YFY5RKPI9JMDL.pcm /Users/argus/Programming/pdf-reader/.build/xcode-derived/ModuleCache.noindex/_Builtin_stdbool-1SUHVSXL4WJV8RGIUF6GDC6L3.pcm /Users/argus/Programming/pdf-reader/.build/xcode-derived/ModuleCache.noindex/_DarwinFoundation2-EH9L8J4S13AZ0JNCSVPTODO4V.pcm /Users/argus/Programming/pdf-reader/.build/xcode-derived/ModuleCache.noindex/os_object-F3YSO96ARQO0YTQ9KOCQJ336I.pcm /Users/argus/Programming/pdf-reader/.build/xcode-derived/ModuleCache.noindex/Security-A99Y2WDWO7J5LD2TCJKELK59O.pcm /Users/argus/Programming/pdf-reader/.build/xcode-derived/ModuleCache.noindex/ptrcheck-49SC3LLAVPZIVOJD3OS4E6Y9R.pcm /Users/argus/Programming/pdf-reader/.build/xcode-derived/ModuleCache.noindex/DiskArbitration-8AZKR98OO7DY2QO7J742XR344.pcm /Users/argus/Programming/pdf-reader/.build/xcode-derived/ModuleCache.noindex/XPC-E1KLM64A4NQ1CVE24AMH19IMS.pcm /Users/argus/Programming/pdf-reader/.build/xcode-derived/ModuleCache.noindex/CoreFoundation-CCKKJR7SYHQORYN8SH8JGKJML.pcm /Users/argus/Programming/pdf-reader/.build/xcode-derived/ModuleCache.noindex/_Builtin_inttypes-BEQGMPTZU2GUMONPHY4JC8P19.pcm /Users/argus/Programming/pdf-reader/.build/xcode-derived/ModuleCache.noindex/SwiftShims-E7NPPN2KWIZ2U21KQFD64OAG6.pcm /Users/argus/Programming/pdf-reader/.build/xcode-derived/ModuleCache.noindex/sys_types-6PLIUCMQ0V20G86X2P9DE71G5.pcm /Users/argus/Programming/pdf-reader/.build/xcode-derived/ModuleCache.noindex/CFNetwork-978FKDW7DKU59GK94DUZC18UG.pcm /Users/argus/Programming/pdf-reader/.build/xcode-derived/ModuleCache.noindex/libDER-DTXCYWWW4LI2G0UOLY3GK96S7.pcm /Users/argus/Programming/pdf-reader/.build/xcode-derived/ModuleCache.noindex/_DarwinFoundation1-BK1RY7U71YWKQ9V49SU5XUUFH.pcm /Users/argus/Programming/pdf-reader/.build/xcode-derived/ModuleCache.noindex/os_workgroup-7RFPLTJMAPCWAVMF7EOGLEOF1.pcm /Users/argus/Programming/pdf-reader/.build/xcode-derived/ModuleCache.noindex/launch-9D823FQL775G8PAXGKZQY8MJX.pcm /Users/argus/Programming/pdf-reader/.build/xcode-derived/ModuleCache.noindex/_Builtin_stddef-D0XYEEDWC5I5786ZIYOM0P41A.pcm /Users/argus/Programming/pdf-reader/.build/xcode-derived/ModuleCache.noindex/Darwin-8655O2TCH2BEG4PVJVDRUAKJY.pcm /Users/argus/Programming/pdf-reader/.build/xcode-derived/ModuleCache.noindex/IOKit-AVSJTONVNIE7PVWBQ6GZHP4DE.pcm /Users/argus/Programming/pdf-reader/.build/xcode-derived/ModuleCache.noindex/_SwiftConcurrencyShims-1NPOVIJ8RV43UPRPQUEG056KY.pcm /Users/argus/Programming/pdf-reader/.build/xcode-derived/ModuleCache.noindex/_Builtin_limits-9CIHHT9J2FENW3BG0I5FFEUKR.pcm /Users/argus/Programming/pdf-reader/.build/xcode-derived/ModuleCache.noindex/ObjectiveC-8NEDOQA7MK0WR3PZ1EZEXWTO7.pcm /Users/argus/Programming/pdf-reader/.build/xcode-derived/ModuleCache.noindex/libkern-3AFVETGCWGBL80CZP2SDS2S83.pcm /Users/argus/Programming/pdf-reader/.build/xcode-derived/ModuleCache.noindex/_Builtin_stdarg-D30PVAXHZJJG4LH6BETYJLK9G.pcm /Users/argus/Programming/pdf-reader/.build/xcode-derived/ModuleCache.noindex/Dispatch-C9WC6SIRP617QJUHUOOEWFBXI.pcm /Users/argus/Programming/pdf-reader/.build/xcode-derived/ModuleCache.noindex/CoreServices-F1T29GGINBIF1YZMC0ZLTUB1V.pcm /Users/argus/Programming/pdf-reader/.build/xcode-derived/ModuleCache.noindex/_AvailabilityInternal-BRAHJ1QPKN4UYHNVRJE28X5NA.pcm /Users/argus/Programming/pdf-reader/.build/xcode-derived/ModuleCache.noindex/_Builtin_float-D2XS5RS6EUCMBIYDX886NLY4O.pcm /Users/argus/Programming/pdf-reader/.build/xcode-derived/Build/Intermediates.noindex/TOMLDecoder.build/Release/TOMLDecoder.build/Objects-normal/arm64/TOMLDecoder-dependencies-1.json (in target 'TOMLDecoder' from project 'TOMLDecoder')

CompileSwift normal arm64 (in target 'TOMLDecoder' from project 'TOMLDecoder')
    cd /Users/argus/Programming/pdf-reader/PDFReader.xcodeproj
    

SwiftCompile normal x86_64 Compiling\ DateTime.swift,\ Constants.swift,\ Parser+Finish.swift,\ Parser.swift,\ TOMLDocument.swift,\ Token.swift,\ TOMLArray.swift,\ TOMLDecoder.swift,\ TOMLError.swift,\ TOMLKey.swift,\ TOMLKeyedDecodingContainer.swift,\ TOMLSingleValueDecodingContainer.Generated.swift,\ TOMLTable.swift,\ TOMLUnkeyedDecodingContainer.swift,\ _TOMLDecoder.swift /Users/argus/Programming/pdf-reader/.build/xcode-derived/SourcePackages/checkouts/TOMLDecoder/Sources/TOMLDecoder/DateTime.swift /Users/argus/Programming/pdf-reader/.build/xcode-derived/SourcePackages/checkouts/TOMLDecoder/Sources/TOMLDecoder/Parsing/Constants.swift /Users/argus/Programming/pdf-reader/.build/xcode-derived/SourcePackages/checkouts/TOMLDecoder/Sources/TOMLDecoder/Parsing/Parser+Finish.swift /Users/argus/Programming/pdf-reader/.build/xcode-derived/SourcePackages/checkouts/TOMLDecoder/Sources/TOMLDecoder/Parsing/Parser.swift /Users/argus/Programming/pdf-reader/.build/xcode-derived/SourcePackages/checkouts/TOMLDecoder/Sources/TOMLDecoder/Parsing/TOMLDocument.swift /Users/argus/Programming/pdf-reader/.build/xcode-derived/SourcePackages/checkouts/TOMLDecoder/Sources/TOMLDecoder/Parsing/Token.swift /Users/argus/Programming/pdf-reader/.build/xcode-derived/SourcePackages/checkouts/TOMLDecoder/Sources/TOMLDecoder/TOMLArray.swift /Users/argus/Programming/pdf-reader/.build/xcode-derived/SourcePackages/checkouts/TOMLDecoder/Sources/TOMLDecoder/TOMLDecoder.swift /Users/argus/Programming/pdf-reader/.build/xcode-derived/SourcePackages/checkouts/TOMLDecoder/Sources/TOMLDecoder/TOMLError.swift /Users/argus/Programming/pdf-reader/.build/xcode-derived/SourcePackages/checkouts/TOMLDecoder/Sources/TOMLDecoder/TOMLKey.swift /Users/argus/Programming/pdf-reader/.build/xcode-derived/SourcePackages/checkouts/TOMLDecoder/Sources/TOMLDecoder/TOMLKeyedDecodingContainer.swift /Users/argus/Programming/pdf-reader/.build/xcode-derived/SourcePackages/checkouts/TOMLDecoder/Sources/TOMLDecoder/TOMLSingleValueDecodingContainer.Generated.swift /Users/argus/Programming/pdf-reader/.build/xcode-derived/SourcePackages/checkouts/TOMLDecoder/Sources/TOMLDecoder/TOMLTable.swift /Users/argus/Programming/pdf-reader/.build/xcode-derived/SourcePackages/checkouts/TOMLDecoder/Sources/TOMLDecoder/TOMLUnkeyedDecodingContainer.swift /Users/argus/Programming/pdf-reader/.build/xcode-derived/SourcePackages/checkouts/TOMLDecoder/Sources/TOMLDecoder/_TOMLDecoder.swift /Applications/Xcode.app/Contents/Developer/Toolchains/XcodeDefault.xctoolchain/usr/lib/swift/macosx/prebuilt-modules/26.5/Foundation.swiftmodule/x86_64-apple-macos.swiftmodule /Applications/Xcode.app/Contents/Developer/Toolchains/XcodeDefault.xctoolchain/usr/lib/swift/macosx/prebuilt-modules/26.5/Combine.swiftmodule/x86_64-apple-macos.swiftmodule /Applications/Xcode.app/Contents/Developer/Toolchains/XcodeDefault.xctoolchain/usr/lib/swift/macosx/prebuilt-modules/26.5/_DarwinFoundation3.swiftmodule/x86_64-apple-macos.swiftmodule /Applications/Xcode.app/Contents/Developer/Toolchains/XcodeDefault.xctoolchain/usr/lib/swift/macosx/prebuilt-modules/26.5/_DarwinFoundation1.swiftmodule/x86_64-apple-macos.swiftmodule /Applications/Xcode.app/Contents/Developer/Toolchains/XcodeDefault.xctoolchain/usr/lib/swift/macosx/prebuilt-modules/26.5/_Builtin_float.swiftmodule/x86_64-apple-macos.swiftmodule /Applications/Xcode.app/Contents/Developer/Toolchains/XcodeDefault.xctoolchain/usr/lib/swift/macosx/prebuilt-modules/26.5/CoreFoundation.swiftmodule/x86_64-apple-macos.swiftmodule /Applications/Xcode.app/Contents/Developer/Toolchains/XcodeDefault.xctoolchain/usr/lib/swift/macosx/prebuilt-modules/26.5/_StringProcessing.swiftmodule/x86_64-apple-macos.swiftmodule /Applications/Xcode.app/Contents/Developer/Toolchains/XcodeDefault.xctoolchain/usr/lib/swift/macosx/prebuilt-modules/26.5/Observation.swiftmodule/x86_64-apple-macos.swiftmodule /Applications/Xcode.app/Contents/Developer/Toolchains/XcodeDefault.xctoolchain/usr/lib/swift/macosx/prebuilt-modules/26.5/XPC.swiftmodule/x86_64-apple-macos.swiftmodule /Applications/Xcode.app/Contents/Developer/Toolchains/XcodeDefault.xctoolchain/usr/lib/swift/macosx/prebuilt-modules/26.5/IOKit.swiftmodule/x86_64-apple-macos.swiftmodule /Applications/Xcode.app/Contents/Developer/Toolchains/XcodeDefault.xctoolchain/usr/lib/swift/macosx/prebuilt-modules/26.5/_DarwinFoundation2.swiftmodule/x86_64-apple-macos.swiftmodule /Applications/Xcode.app/Contents/Developer/Toolchains/XcodeDefault.xctoolchain/usr/lib/swift/macosx/prebuilt-modules/26.5/Darwin.swiftmodule/x86_64-apple-macos.swiftmodule /Applications/Xcode.app/Contents/Developer/Toolchains/XcodeDefault.xctoolchain/usr/lib/swift/macosx/prebuilt-modules/26.5/Dispatch.swiftmodule/x86_64-apple-macos.swiftmodule /Applications/Xcode.app/Contents/Developer/Toolchains/XcodeDefault.xctoolchain/usr/lib/swift/macosx/prebuilt-modules/26.5/ObjectiveC.swiftmodule/x86_64-apple-macos.swiftmodule /Applications/Xcode.app/Contents/Developer/Toolchains/XcodeDefault.xctoolchain/usr/lib/swift/macosx/prebuilt-modules/26.5/Swift.swiftmodule/x86_64-apple-macos.swiftmodule /Applications/Xcode.app/Contents/Developer/Toolchains/XcodeDefault.xctoolchain/usr/lib/swift/macosx/prebuilt-modules/26.5/System.swiftmodule/x86_64-apple-macos.swiftmodule /Applications/Xcode.app/Contents/Developer/Toolchains/XcodeDefault.xctoolchain/usr/lib/swift/macosx/prebuilt-modules/26.5/_Concurrency.swiftmodule/x86_64-apple-macos.swiftmodule /Users/argus/Programming/pdf-reader/.build/xcode-derived/ModuleCache.noindex/_Builtin_float-BG8YJI0JDYD1SEZ99Q5HCA5IU.pcm /Users/argus/Programming/pdf-reader/.build/xcode-derived/ModuleCache.noindex/_Builtin_limits-AJPLTG4XO5C0BB6BDTC2NIO0N.pcm /Users/argus/Programming/pdf-reader/.build/xcode-derived/ModuleCache.noindex/ptrcheck-EOCZQXIG1HS5YSAG81H4HRETJ.pcm /Users/argus/Programming/pdf-reader/.build/xcode-derived/ModuleCache.noindex/_SwiftConcurrencyShims-5DKCPJ07B3UNLTMCE9TKD0CVS.pcm /Users/argus/Programming/pdf-reader/.build/xcode-derived/ModuleCache.noindex/MachO-DS3JOR2W6VG45L3GB56XGWQR3.pcm /Users/argus/Programming/pdf-reader/.build/xcode-derived/ModuleCache.noindex/os_object-2Q8JSHMVQHO219SJZT59VA6EN.pcm /Users/argus/Programming/pdf-reader/.build/xcode-derived/ModuleCache.noindex/_DarwinFoundation2-54RWGO707QYU1AVLSSG36QIMA.pcm /Users/argus/Programming/pdf-reader/.build/xcode-derived/ModuleCache.noindex/libkern-89J9I0O1RVF49AOEXWJTKBU6Y.pcm /Users/argus/Programming/pdf-reader/.build/xcode-derived/ModuleCache.noindex/CoreServices-31W198YWI07OA77VS9GJ2EX6P.pcm /Users/argus/Programming/pdf-reader/.build/xcode-derived/ModuleCache.noindex/_DarwinFoundation3-36FVS6ES8ILF7JAADB70N5Y4R.pcm /Users/argus/Programming/pdf-reader/.build/xcode-derived/ModuleCache.noindex/sys_types-3N96L0UII1VIJK9OMDVL0DQQL.pcm /Users/argus/Programming/pdf-reader/.build/xcode-derived/ModuleCache.noindex/_Builtin_stdbool-DQ2JLKR0YUIIHSH94P33KTWLM.pcm /Users/argus/Programming/pdf-reader/.build/xcode-derived/ModuleCache.noindex/ptrauth-9MCVFSTADIP7QTPSHY4P0ZKP1.pcm /Users/argus/Programming/pdf-reader/.build/xcode-derived/ModuleCache.noindex/SwiftShims-C89USDXDJ6TBLN4D1VID1UFA4.pcm /Users/argus/Programming/pdf-reader/.build/xcode-derived/ModuleCache.noindex/launch-3GDK1Q4HIY93T2B1JZ6N2DZYH.pcm /Users/argus/Programming/pdf-reader/.build/xcode-derived/ModuleCache.noindex/_Builtin_stdarg-3ZRYCMCXXZ07CFVF85C3UGLBH.pcm /Users/argus/Programming/pdf-reader/.build/xcode-derived/ModuleCache.noindex/IOKit-BY866MHFHNXTRTKZQYCIFSNJE.pcm /Users/argus/Programming/pdf-reader/.build/xcode-derived/ModuleCache.noindex/_Builtin_inttypes-6VHIFHF79CIW2KJHGIUDVZZTI.pcm /Users/argus/Programming/pdf-reader/.build/xcode-derived/ModuleCache.noindex/DiskArbitration-F2FUCM4ZU8IGYHZD5B35OER2C.pcm /Users/argus/Programming/pdf-reader/.build/xcode-derived/ModuleCache.noindex/Foundation-8KC9278Z40JELORGDD8IOLDHC.pcm /Users/argus/Programming/pdf-reader/.build/xcode-derived/ModuleCache.noindex/ObjectiveC-4CW3LFR76OWD18UMKEI5QSDH9.pcm /Users/argus/Programming/pdf-reader/.build/xcode-derived/ModuleCache.noindex/Darwin-5WMYIUKMIX479EEZ92S8BD61O.pcm /Users/argus/Programming/pdf-reader/.build/xcode-derived/ModuleCache.noindex/Security-82Q2P19SH3K6PK1D280G02NZ0.pcm /Users/argus/Programming/pdf-reader/.build/xcode-derived/ModuleCache.noindex/_Builtin_intrinsics-13E7F9KQND1MWRVIEXOJH24W4.pcm /Users/argus/Programming/pdf-reader/.build/xcode-derived/ModuleCache.noindex/CFNetwork-C8H08H4G1G4XP8RBLDG38Q5YR.pcm /Users/argus/Programming/pdf-reader/.build/xcode-derived/ModuleCache.noindex/_AvailabilityInternal-86EPWJBQNQD88JBETGMX0TO49.pcm /Users/argus/Programming/pdf-reader/.build/xcode-derived/ModuleCache.noindex/_DarwinFoundation1-1I4IOUJGWNIJ2T8S1IJH6DQBE.pcm /Users/argus/Programming/pdf-reader/.build/xcode-derived/ModuleCache.noindex/os_workgroup-DUU27H6YY73G96K46N3S5MMUS.pcm /Users/argus/Programming/pdf-reader/.build/xcode-derived/ModuleCache.noindex/XPC-3APFCADFRAFG2S5M58IF0U37O.pcm /Users/argus/Programming/pdf-reader/.build/xcode-derived/ModuleCache.noindex/_Builtin_stdint-MXHNOTQFE25OXX1F1G3TICJI.pcm /Users/argus/Programming/pdf-reader/.build/xcode-derived/ModuleCache.noindex/_Builtin_stddef-1SVGUM8VT7ZFSMHIYA74AMU6S.pcm /Users/argus/Programming/pdf-reader/.build/xcode-derived/ModuleCache.noindex/libDER-ELVNH0TJ99MRUURFQFUSXD9HP.pcm /Users/argus/Programming/pdf-reader/.build/xcode-derived/ModuleCache.noindex/Dispatch-A1U8TAM7B924H2JTHG314W9VN.pcm /Users/argus/Programming/pdf-reader/.build/xcode-derived/ModuleCache.noindex/CoreFoundation-EQTLYLAISBW1GXOFB9TLJ5GO5.pcm /Users/argus/Programming/pdf-reader/.build/xcode-derived/Build/Intermediates.noindex/TOMLDecoder.build/Release/TOMLDecoder.build/Objects-normal/x86_64/TOMLDecoder-dependencies-2.json (in target 'TOMLDecoder' from project 'TOMLDecoder')
CompileSwift normal x86_64 (in target 'TOMLDecoder' from project 'TOMLDecoder')
    cd /Users/argus/Programming/pdf-reader/PDFReader.xcodeproj
    

SwiftCompile normal arm64 Compiling\ ActionBindingPolicy.swift,\ ActionDescriptor.swift,\ ActionDispatcherProtocol.swift,\ ActionID.swift,\ ActionRegistry.swift,\ ActionSurfaceRegistry.swift,\ MenuEquivalentPolicy.swift,\ BuiltInDefaults.swift,\ ConfigDecoder.swift,\ ConfigDiagnostic.swift,\ ConfigDocumentation.swift,\ ConfigValidator.swift,\ EffectiveAppConfig.swift,\ SparseAppConfig.swift,\ InputContext.swift,\ KeySequence.swift,\ KeySequenceEngine.swift,\ KeySequenceParser.swift,\ KeySequenceTrie.swift,\ KeyToken.swift,\ PageNumberInputBuffer.swift,\ PromptNativeReservationV1.swift,\ PromptSafeBindingPredicate.swift,\ SystemKeyReservationV1.swift,\ BuiltInThemes.swift,\ Theme.swift,\ CoreVersion.swift /Users/argus/Programming/pdf-reader/PDFReaderCore/Actions/ActionBindingPolicy.swift /Users/argus/Programming/pdf-reader/PDFReaderCore/Actions/ActionDescriptor.swift /Users/argus/Programming/pdf-reader/PDFReaderCore/Actions/ActionDispatcherProtocol.swift /Users/argus/Programming/pdf-reader/PDFReaderCore/Actions/ActionID.swift /Users/argus/Programming/pdf-reader/PDFReaderCore/Actions/ActionRegistry.swift /Users/argus/Programming/pdf-reader/PDFReaderCore/Actions/ActionSurfaceRegistry.swift /Users/argus/Programming/pdf-reader/PDFReaderCore/Actions/MenuEquivalentPolicy.swift /Users/argus/Programming/pdf-reader/PDFReaderCore/Config/BuiltInDefaults.swift /Users/argus/Programming/pdf-reader/PDFReaderCore/Config/ConfigDecoder.swift /Users/argus/Programming/pdf-reader/PDFReaderCore/Config/ConfigDiagnostic.swift /Users/argus/Programming/pdf-reader/PDFReaderCore/Config/ConfigDocumentation.swift /Users/argus/Programming/pdf-reader/PDFReaderCore/Config/ConfigValidator.swift /Users/argus/Programming/pdf-reader/PDFReaderCore/Config/EffectiveAppConfig.swift /Users/argus/Programming/pdf-reader/PDFReaderCore/Config/SparseAppConfig.swift /Users/argus/Programming/pdf-reader/PDFReaderCore/Input/InputContext.swift /Users/argus/Programming/pdf-reader/PDFReaderCore/Input/KeySequence.swift /Users/argus/Programming/pdf-reader/PDFReaderCore/Input/KeySequenceEngine.swift /Users/argus/Programming/pdf-reader/PDFReaderCore/Input/KeySequenceParser.swift /Users/argus/Programming/pdf-reader/PDFReaderCore/Input/KeySequenceTrie.swift /Users/argus/Programming/pdf-reader/PDFReaderCore/Input/KeyToken.swift /Users/argus/Programming/pdf-reader/PDFReaderCore/Input/PageNumberInputBuffer.swift /Users/argus/Programming/pdf-reader/PDFReaderCore/Input/PromptNativeReservationV1.swift /Users/argus/Programming/pdf-reader/PDFReaderCore/Input/PromptSafeBindingPredicate.swift /Users/argus/Programming/pdf-reader/PDFReaderCore/Input/SystemKeyReservationV1.swift /Users/argus/Programming/pdf-reader/PDFReaderCore/Theme/BuiltInThemes.swift /Users/argus/Programming/pdf-reader/PDFReaderCore/Theme/Theme.swift /Users/argus/Programming/pdf-reader/PDFReaderCore/CoreVersion.swift /Applications/Xcode.app/Contents/Developer/Toolchains/XcodeDefault.xctoolchain/usr/lib/swift/macosx/prebuilt-modules/26.5/Foundation.swiftmodule/arm64e-apple-macos.swiftmodule /Applications/Xcode.app/Contents/Developer/Toolchains/XcodeDefault.xctoolchain/usr/lib/swift/macosx/prebuilt-modules/26.5/System.swiftmodule/arm64e-apple-macos.swiftmodule /Applications/Xcode.app/Contents/Developer/Toolchains/XcodeDefault.xctoolchain/usr/lib/swift/macosx/prebuilt-modules/26.5/_DarwinFoundation2.swiftmodule/arm64e-apple-macos.swiftmodule /Applications/Xcode.app/Contents/Developer/Toolchains/XcodeDefault.xctoolchain/usr/lib/swift/macosx/prebuilt-modules/26.5/_DarwinFoundation1.swiftmodule/arm64e-apple-macos.swiftmodule /Applications/Xcode.app/Contents/Developer/Toolchains/XcodeDefault.xctoolchain/usr/lib/swift/macosx/prebuilt-modules/26.5/Darwin.swiftmodule/arm64e-apple-macos.swiftmodule /Applications/Xcode.app/Contents/Developer/Toolchains/XcodeDefault.xctoolchain/usr/lib/swift/macosx/prebuilt-modules/26.5/ObjectiveC.swiftmodule/arm64e-apple-macos.swiftmodule /Applications/Xcode.app/Contents/Developer/Toolchains/XcodeDefault.xctoolchain/usr/lib/swift/macosx/prebuilt-modules/26.5/Combine.swiftmodule/arm64e-apple-macos.swiftmodule /Applications/Xcode.app/Contents/Developer/Toolchains/XcodeDefault.xctoolchain/usr/lib/swift/macosx/prebuilt-modules/26.5/CoreFoundation.swiftmodule/arm64e-apple-macos.swiftmodule /Applications/Xcode.app/Contents/Developer/Toolchains/XcodeDefault.xctoolchain/usr/lib/swift/macosx/prebuilt-modules/26.5/_Concurrency.swiftmodule/arm64e-apple-macos.swiftmodule /Applications/Xcode.app/Contents/Developer/Toolchains/XcodeDefault.xctoolchain/usr/lib/swift/macosx/prebuilt-modules/26.5/_DarwinFoundation3.swiftmodule/arm64e-apple-macos.swiftmodule /Applications/Xcode.app/Contents/Developer/Toolchains/XcodeDefault.xctoolchain/usr/lib/swift/macosx/prebuilt-modules/26.5/_StringProcessing.swiftmodule/arm64e-apple-macos.swiftmodule /Applications/Xcode.app/Contents/Developer/Toolchains/XcodeDefault.xctoolchain/usr/lib/swift/macosx/prebuilt-modules/26.5/Dispatch.swiftmodule/arm64e-apple-macos.swiftmodule /Applications/Xcode.app/Contents/Developer/Toolchains/XcodeDefault.xctoolchain/usr/lib/swift/macosx/prebuilt-modules/26.5/IOKit.swiftmodule/arm64e-apple-macos.swiftmodule /Applications/Xcode.app/Contents/Developer/Toolchains/XcodeDefault.xctoolchain/usr/lib/swift/macosx/prebuilt-modules/26.5/Swift.swiftmodule/arm64e-apple-macos.swiftmodule /Applications/Xcode.app/Contents/Developer/Toolchains/XcodeDefault.xctoolchain/usr/lib/swift/macosx/prebuilt-modules/26.5/Observation.swiftmodule/arm64e-apple-macos.swiftmodule /Applications/Xcode.app/Contents/Developer/Toolchains/XcodeDefault.xctoolchain/usr/lib/swift/macosx/prebuilt-modules/26.5/_Builtin_float.swiftmodule/arm64e-apple-macos.swiftmodule /Applications/Xcode.app/Contents/Developer/Toolchains/XcodeDefault.xctoolchain/usr/lib/swift/macosx/prebuilt-modules/26.5/XPC.swiftmodule/arm64e-apple-macos.swiftmodule /Users/argus/Programming/pdf-reader/.build/xcode-derived/ModuleCache.noindex/ptrcheck-507NS8UCL94E5ZZBMVHOHE4FT.pcm /Users/argus/Programming/pdf-reader/.build/xcode-derived/ModuleCache.noindex/CFNetwork-EN8JNIQLMIBC68WGC91YYEHHI.pcm /Users/argus/Programming/pdf-reader/.build/xcode-derived/ModuleCache.noindex/ObjectiveC-4NUA0XQOXN9JA8AUTHN0PYMX6.pcm /Users/argus/Programming/pdf-reader/.build/xcode-derived/ModuleCache.noindex/CoreServices-7X2W0V1IVVZN5W2PNK59FFO2S.pcm /Users/argus/Programming/pdf-reader/.build/xcode-derived/ModuleCache.noindex/Foundation-AQC4CT4NVUEZJTOTQVBQ8KLST.pcm /Users/argus/Programming/pdf-reader/.build/xcode-derived/ModuleCache.noindex/libDER-5Z79ASNHBEJX664NT8I6H7NHP.pcm /Users/argus/Programming/pdf-reader/.build/xcode-derived/ModuleCache.noindex/_AvailabilityInternal-9TFR8VS4OW7R30MI9PIGYPCFP.pcm /Users/argus/Programming/pdf-reader/.build/xcode-derived/ModuleCache.noindex/_Builtin_float-5SKAW8T70NWFTKU266CAKCMUC.pcm /Users/argus/Programming/pdf-reader/.build/xcode-derived/ModuleCache.noindex/sys_types-3R8335663FB5CR6F2K5FUOQEJ.pcm /Users/argus/Programming/pdf-reader/.build/xcode-derived/ModuleCache.noindex/_Builtin_stdint-7LUPVJ11JIS9VDEKDUDM7Q5VZ.pcm /Users/argus/Programming/pdf-reader/.build/xcode-derived/ModuleCache.noindex/_Builtin_limits-POEZRZ4DAHOT9SQKOAG9F9DO.pcm /Users/argus/Programming/pdf-reader/.build/xcode-derived/ModuleCache.noindex/DiskArbitration-9LMMWNECN2QW3OQUPPIQBTYUG.pcm /Users/argus/Programming/pdf-reader/.build/xcode-derived/ModuleCache.noindex/CoreFoundation-CEO0IVGEM6LMXSEZW1DUSTKFX.pcm /Users/argus/Programming/pdf-reader/.build/xcode-derived/ModuleCache.noindex/MachO-F4YTBGOJP5B7ZBUYPPK7ZVEM9.pcm /Users/argus/Programming/pdf-reader/.build/xcode-derived/ModuleCache.noindex/_Builtin_stddef-1B6X6AVSTY6NGSA1VXQLSJPF1.pcm /Users/argus/Programming/pdf-reader/.build/xcode-derived/ModuleCache.noindex/_DarwinFoundation2-1H8N7OLQ0G0919USWFG7DG3N5.pcm /Users/argus/Programming/pdf-reader/.build/xcode-derived/ModuleCache.noindex/XPC-3Y6AMD9S2UQCHBY4ZRA3CH4JQ.pcm /Users/argus/Programming/pdf-reader/.build/xcode-derived/ModuleCache.noindex/IOKit-ANH87AUAOW0M7IADNE9B0EJ1O.pcm /Users/argus/Programming/pdf-reader/.build/xcode-derived/ModuleCache.noindex/launch-41UW9OP7HV2QIKCO9EOQ44NKY.pcm /Users/argus/Programming/pdf-reader/.build/xcode-derived/ModuleCache.noindex/Darwin-3S4QYR9WU34B49486KVNM22PS.pcm /Users/argus/Programming/pdf-reader/.build/xcode-derived/ModuleCache.noindex/os_workgroup-7B0WP7A9MACZSWFNKFK4D4YSB.pcm /Users/argus/Programming/pdf-reader/.build/xcode-derived/ModuleCache.noindex/Security-F3GTLOCZW0YNCE6GX7LBUM8ZQ.pcm /Users/argus/Programming/pdf-reader/.build/xcode-derived/ModuleCache.noindex/_Builtin_inttypes-CXWDU6CNFZUP65ILRY7BWW3SP.pcm /Users/argus/Programming/pdf-reader/.build/xcode-derived/ModuleCache.noindex/_DarwinFoundation1-57MQLNYQOBGRND36OOJ7XPWYF.pcm /Users/argus/Programming/pdf-reader/.build/xcode-derived/ModuleCache.noindex/SwiftShims-44YG6W1WLHFBD1VKKL53X1211.pcm /Users/argus/Programming/pdf-reader/.build/xcode-derived/ModuleCache.noindex/os_object-1Z0UTB4NIUGELDNWIZ2I5B892.pcm /Users/argus/Programming/pdf-reader/.build/xcode-derived/ModuleCache.noindex/_SwiftConcurrencyShims-3YP0D0BD6ITRBDSUCDGJA0B1N.pcm /Users/argus/Programming/pdf-reader/.build/xcode-derived/ModuleCache.noindex/_Builtin_stdbool-6OH7TW5YCYP6I8U9TE2KVDB08.pcm /Users/argus/Programming/pdf-reader/.build/xcode-derived/ModuleCache.noindex/_DarwinFoundation3-4LH0ORJJ7NJV40V6TT2MTQMNW.pcm /Users/argus/Programming/pdf-reader/.build/xcode-derived/ModuleCache.noindex/libkern-77O53CK8IDJ8UA463UBVI5FKN.pcm /Users/argus/Programming/pdf-reader/.build/xcode-derived/ModuleCache.noindex/ptrauth-8T9KFH9P0XTYFTMD38XW1RCCJ.pcm /Users/argus/Programming/pdf-reader/.build/xcode-derived/ModuleCache.noindex/Dispatch-2RHC3SVQXBXWPUYH7HYOIDK3H.pcm /Users/argus/Programming/pdf-reader/.build/xcode-derived/ModuleCache.noindex/_Builtin_stdarg-ALIZ993FLOUG0WDMJH0GCHA4P.pcm /Users/argus/Programming/pdf-reader/.build/xcode-derived/Build/Intermediates.noindex/PDFReader.build/Release/PDFReaderCore.build/Objects-normal/arm64/PDFReaderCore-dependencies-1.json (in target 'PDFReaderCore' from project 'PDFReader')
CompileSwift normal arm64 (in target 'PDFReaderCore' from project 'PDFReader')
    cd /Users/argus/Programming/pdf-reader
    

SwiftDriver\ Compilation PDFReaderCore normal x86_64 com.apple.xcode.tools.swift.compiler (in target 'PDFReaderCore' from project 'PDFReader')
    cd /Users/argus/Programming/pdf-reader
    builtin-Swift-Compilation -- /Applications/Xcode.app/Contents/Developer/Toolchains/XcodeDefault.xctoolchain/usr/bin/swiftc -module-name PDFReaderCore -O -whole-module-optimization @/Users/argus/Programming/pdf-reader/.build/xcode-derived/Build/Intermediates.noindex/PDFReader.build/Release/PDFReaderCore.build/Objects-normal/x86_64/PDFReaderCore.SwiftFileList -enable-experimental-feature DebugDescriptionMacro -sdk /Applications/Xcode.app/Contents/Developer/Platforms/MacOSX.platform/Developer/SDKs/MacOSX26.5.sdk -target x86_64-apple-macos14.0 -g -module-cache-path /Users/argus/Programming/pdf-reader/.build/xcode-derived/ModuleCache.noindex -Xfrontend -serialize-debugging-options -swift-version 6 -I /Users/argus/Programming/pdf-reader/.build/xcode-derived/Build/Products/Release -F /Users/argus/Programming/pdf-reader/.build/xcode-derived/Build/Products/Release -c -num-threads 10 -Xcc -ivfsstatcache -Xcc /Users/argus/Programming/pdf-reader/.build/xcode-derived/SDKStatCaches.noindex/macosx26.5-25F70-e082c4a02f00227109f4ed75e425c832.sdkstatcache -output-file-map /Users/argus/Programming/pdf-reader/.build/xcode-derived/Build/Intermediates.noindex/PDFReader.build/Release/PDFReaderCore.build/Objects-normal/x86_64/PDFReaderCore-OutputFileMap.json -use-frontend-parseable-output -save-temps -no-color-diagnostics -explicit-module-build -module-cache-path /Users/argus/Programming/pdf-reader/.build/xcode-derived/Build/Intermediates.noindex/SwiftExplicitPrecompiledModules -clang-scanner-module-cache-path /Users/argus/Programming/pdf-reader/.build/xcode-derived/ModuleCache.noindex -sdk-module-cache-path /Users/argus/Programming/pdf-reader/.build/xcode-derived/ModuleCache.noindex -serialize-diagnostics -emit-dependencies -emit-module -emit-module-path /Users/argus/Programming/pdf-reader/.build/xcode-derived/Build/Intermediates.noindex/PDFReader.build/Release/PDFReaderCore.build/Objects-normal/x86_64/PDFReaderCore.swiftmodule -validate-clang-modules-once -clang-build-session-file /Users/argus/Programming/pdf-reader/.build/xcode-derived/ModuleCache.noindex/Session.modulevalidation -Xcc -I/Users/argus/Programming/pdf-reader/.build/xcode-derived/Build/Intermediates.noindex/PDFReader.build/Release/PDFReaderCore.build/swift-overrides.hmap -emit-const-values -Xfrontend -const-gather-protocols-file -Xfrontend /Users/argus/Programming/pdf-reader/.build/xcode-derived/Build/Intermediates.noindex/PDFReader.build/Release/PDFReaderCore.build/Objects-normal/x86_64/PDFReaderCore_const_extract_protocols.json -Xcc -iquote -Xcc /Users/argus/Programming/pdf-reader/.build/xcode-derived/Build/Intermediates.noindex/PDFReader.build/Release/PDFReaderCore.build/PDFReaderCore-generated-files.hmap -Xcc -I/Users/argus/Programming/pdf-reader/.build/xcode-derived/Build/Intermediates.noindex/PDFReader.build/Release/PDFReaderCore.build/PDFReaderCore-own-target-headers.hmap -Xcc -I/Users/argus/Programming/pdf-reader/.build/xcode-derived/Build/Intermediates.noindex/PDFReader.build/Release/PDFReaderCore.build/PDFReaderCore-all-non-framework-target-headers.hmap -Xcc -ivfsoverlay -Xcc /Users/argus/Programming/pdf-reader/.build/xcode-derived/Build/Intermediates.noindex/PDFReader.build/Release/PDFReader-5ed3f8c2d107e937755ff9345addb7ff-VFS/all-product-headers.yaml -Xcc -iquote -Xcc /Users/argus/Programming/pdf-reader/.build/xcode-derived/Build/Intermediates.noindex/PDFReader.build/Release/PDFReaderCore.build/PDFReaderCore-project-headers.hmap -Xcc -I/Users/argus/Programming/pdf-reader/.build/xcode-derived/Build/Products/Release/include -Xcc -I/Users/argus/Programming/pdf-reader/.build/xcode-derived/Build/Intermediates.noindex/PDFReader.build/Release/PDFReaderCore.build/DerivedSources-normal/x86_64 -Xcc -I/Users/argus/Programming/pdf-reader/.build/xcode-derived/Build/Intermediates.noindex/PDFReader.build/Release/PDFReaderCore.build/DerivedSources/x86_64 -Xcc -I/Users/argus/Programming/pdf-reader/.build/xcode-derived/Build/Intermediates.noindex/PDFReader.build/Release/PDFReaderCore.build/DerivedSources -emit-objc-header -emit-objc-header-path /Users/argus/Programming/pdf-reader/.build/xcode-derived/Build/Intermediates.noindex/PDFReader.build/Release/PDFReaderCore.build/Objects-normal/x86_64/PDFReaderCore-Swift.h -working-directory /Users/argus/Programming/pdf-reader -no-emit-module-separately-wmo

SwiftCompile normal x86_64 Compiling\ ActionBindingPolicy.swift,\ ActionDescriptor.swift,\ ActionDispatcherProtocol.swift,\ ActionID.swift,\ ActionRegistry.swift,\ ActionSurfaceRegistry.swift,\ MenuEquivalentPolicy.swift,\ BuiltInDefaults.swift,\ ConfigDecoder.swift,\ ConfigDiagnostic.swift,\ ConfigDocumentation.swift,\ ConfigValidator.swift,\ EffectiveAppConfig.swift,\ SparseAppConfig.swift,\ InputContext.swift,\ KeySequence.swift,\ KeySequenceEngine.swift,\ KeySequenceParser.swift,\ KeySequenceTrie.swift,\ KeyToken.swift,\ PageNumberInputBuffer.swift,\ PromptNativeReservationV1.swift,\ PromptSafeBindingPredicate.swift,\ SystemKeyReservationV1.swift,\ BuiltInThemes.swift,\ Theme.swift,\ CoreVersion.swift /Users/argus/Programming/pdf-reader/PDFReaderCore/Actions/ActionBindingPolicy.swift /Users/argus/Programming/pdf-reader/PDFReaderCore/Actions/ActionDescriptor.swift /Users/argus/Programming/pdf-reader/PDFReaderCore/Actions/ActionDispatcherProtocol.swift /Users/argus/Programming/pdf-reader/PDFReaderCore/Actions/ActionID.swift /Users/argus/Programming/pdf-reader/PDFReaderCore/Actions/ActionRegistry.swift /Users/argus/Programming/pdf-reader/PDFReaderCore/Actions/ActionSurfaceRegistry.swift /Users/argus/Programming/pdf-reader/PDFReaderCore/Actions/MenuEquivalentPolicy.swift /Users/argus/Programming/pdf-reader/PDFReaderCore/Config/BuiltInDefaults.swift /Users/argus/Programming/pdf-reader/PDFReaderCore/Config/ConfigDecoder.swift /Users/argus/Programming/pdf-reader/PDFReaderCore/Config/ConfigDiagnostic.swift /Users/argus/Programming/pdf-reader/PDFReaderCore/Config/ConfigDocumentation.swift /Users/argus/Programming/pdf-reader/PDFReaderCore/Config/ConfigValidator.swift /Users/argus/Programming/pdf-reader/PDFReaderCore/Config/EffectiveAppConfig.swift /Users/argus/Programming/pdf-reader/PDFReaderCore/Config/SparseAppConfig.swift /Users/argus/Programming/pdf-reader/PDFReaderCore/Input/InputContext.swift /Users/argus/Programming/pdf-reader/PDFReaderCore/Input/KeySequence.swift /Users/argus/Programming/pdf-reader/PDFReaderCore/Input/KeySequenceEngine.swift /Users/argus/Programming/pdf-reader/PDFReaderCore/Input/KeySequenceParser.swift /Users/argus/Programming/pdf-reader/PDFReaderCore/Input/KeySequenceTrie.swift /Users/argus/Programming/pdf-reader/PDFReaderCore/Input/KeyToken.swift /Users/argus/Programming/pdf-reader/PDFReaderCore/Input/PageNumberInputBuffer.swift /Users/argus/Programming/pdf-reader/PDFReaderCore/Input/PromptNativeReservationV1.swift /Users/argus/Programming/pdf-reader/PDFReaderCore/Input/PromptSafeBindingPredicate.swift /Users/argus/Programming/pdf-reader/PDFReaderCore/Input/SystemKeyReservationV1.swift /Users/argus/Programming/pdf-reader/PDFReaderCore/Theme/BuiltInThemes.swift /Users/argus/Programming/pdf-reader/PDFReaderCore/Theme/Theme.swift /Users/argus/Programming/pdf-reader/PDFReaderCore/CoreVersion.swift /Applications/Xcode.app/Contents/Developer/Toolchains/XcodeDefault.xctoolchain/usr/lib/swift/macosx/prebuilt-modules/26.5/CoreFoundation.swiftmodule/x86_64-apple-macos.swiftmodule /Applications/Xcode.app/Contents/Developer/Toolchains/XcodeDefault.xctoolchain/usr/lib/swift/macosx/prebuilt-modules/26.5/XPC.swiftmodule/x86_64-apple-macos.swiftmodule /Applications/Xcode.app/Contents/Developer/Toolchains/XcodeDefault.xctoolchain/usr/lib/swift/macosx/prebuilt-modules/26.5/_StringProcessing.swiftmodule/x86_64-apple-macos.swiftmodule /Applications/Xcode.app/Contents/Developer/Toolchains/XcodeDefault.xctoolchain/usr/lib/swift/macosx/prebuilt-modules/26.5/_Concurrency.swiftmodule/x86_64-apple-macos.swiftmodule /Applications/Xcode.app/Contents/Developer/Toolchains/XcodeDefault.xctoolchain/usr/lib/swift/macosx/prebuilt-modules/26.5/_DarwinFoundation3.swiftmodule/x86_64-apple-macos.swiftmodule /Applications/Xcode.app/Contents/Developer/Toolchains/XcodeDefault.xctoolchain/usr/lib/swift/macosx/prebuilt-modules/26.5/Dispatch.swiftmodule/x86_64-apple-macos.swiftmodule /Applications/Xcode.app/Contents/Developer/Toolchains/XcodeDefault.xctoolchain/usr/lib/swift/macosx/prebuilt-modules/26.5/_DarwinFoundation1.swiftmodule/x86_64-apple-macos.swiftmodule /Applications/Xcode.app/Contents/Developer/Toolchains/XcodeDefault.xctoolchain/usr/lib/swift/macosx/prebuilt-modules/26.5/_Builtin_float.swiftmodule/x86_64-apple-macos.swiftmodule /Applications/Xcode.app/Contents/Developer/Toolchains/XcodeDefault.xctoolchain/usr/lib/swift/macosx/prebuilt-modules/26.5/Swift.swiftmodule/x86_64-apple-macos.swiftmodule /Applications/Xcode.app/Contents/Developer/Toolchains/XcodeDefault.xctoolchain/usr/lib/swift/macosx/prebuilt-modules/26.5/Foundation.swiftmodule/x86_64-apple-macos.swiftmodule /Applications/Xcode.app/Contents/Developer/Toolchains/XcodeDefault.xctoolchain/usr/lib/swift/macosx/prebuilt-modules/26.5/Combine.swiftmodule/x86_64-apple-macos.swiftmodule /Applications/Xcode.app/Contents/Developer/Toolchains/XcodeDefault.xctoolchain/usr/lib/swift/macosx/prebuilt-modules/26.5/ObjectiveC.swiftmodule/x86_64-apple-macos.swiftmodule /Applications/Xcode.app/Contents/Developer/Toolchains/XcodeDefault.xctoolchain/usr/lib/swift/macosx/prebuilt-modules/26.5/IOKit.swiftmodule/x86_64-apple-macos.swiftmodule /Applications/Xcode.app/Contents/Developer/Toolchains/XcodeDefault.xctoolchain/usr/lib/swift/macosx/prebuilt-modules/26.5/Observation.swiftmodule/x86_64-apple-macos.swiftmodule /Applications/Xcode.app/Contents/Developer/Toolchains/XcodeDefault.xctoolchain/usr/lib/swift/macosx/prebuilt-modules/26.5/System.swiftmodule/x86_64-apple-macos.swiftmodule /Applications/Xcode.app/Contents/Developer/Toolchains/XcodeDefault.xctoolchain/usr/lib/swift/macosx/prebuilt-modules/26.5/_DarwinFoundation2.swiftmodule/x86_64-apple-macos.swiftmodule /Applications/Xcode.app/Contents/Developer/Toolchains/XcodeDefault.xctoolchain/usr/lib/swift/macosx/prebuilt-modules/26.5/Darwin.swiftmodule/x86_64-apple-macos.swiftmodule /Users/argus/Programming/pdf-reader/.build/xcode-derived/ModuleCache.noindex/libkern-5FTCU7B82EDG091I8GQ6PFLG9.pcm /Users/argus/Programming/pdf-reader/.build/xcode-derived/ModuleCache.noindex/_DarwinFoundation3-37UXATA325AJ34OXH9QTTXNUD.pcm /Users/argus/Programming/pdf-reader/.build/xcode-derived/ModuleCache.noindex/_DarwinFoundation2-4YTLE2ETIMS9KFF51Q8PISKFN.pcm /Users/argus/Programming/pdf-reader/.build/xcode-derived/ModuleCache.noindex/CoreServices-1O7PMSTUCV8KDJV2HI9YV2EHG.pcm /Users/argus/Programming/pdf-reader/.build/xcode-derived/ModuleCache.noindex/SwiftShims-1NLF87ZJ1JPM8A74OI9V9TJ1J.pcm /Users/argus/Programming/pdf-reader/.build/xcode-derived/ModuleCache.noindex/_Builtin_stdbool-9RYE8PQQW9UQ8GGPSBSQNYK5C.pcm /Users/argus/Programming/pdf-reader/.build/xcode-derived/ModuleCache.noindex/_DarwinFoundation1-2XAV97JCIGVIKIRUNELXRZIDQ.pcm /Users/argus/Programming/pdf-reader/.build/xcode-derived/ModuleCache.noindex/_Builtin_float-E1B3M0SK9RGOP2AZE0CL5A05W.pcm /Users/argus/Programming/pdf-reader/.build/xcode-derived/ModuleCache.noindex/libDER-78ID2RG67E6ZFG0H5I0FSP02F.pcm /Users/argus/Programming/pdf-reader/.build/xcode-derived/ModuleCache.noindex/os_workgroup-5EFTDUPJG45EHXZUU67WC3O2C.pcm /Users/argus/Programming/pdf-reader/.build/xcode-derived/ModuleCache.noindex/sys_types-2I765WXGUCRSTNWX2HBNDTCD8.pcm /Users/argus/Programming/pdf-reader/.build/xcode-derived/ModuleCache.noindex/_SwiftConcurrencyShims-91A3T8UWZ1621L4UUC7QCXPY4.pcm /Users/argus/Programming/pdf-reader/.build/xcode-derived/ModuleCache.noindex/_Builtin_stdarg-B7J421KNTSJEOR0TK29C56FD2.pcm /Users/argus/Programming/pdf-reader/.build/xcode-derived/ModuleCache.noindex/ObjectiveC-E020QZZFHHY0YU3AVUJ2A7QM5.pcm /Users/argus/Programming/pdf-reader/.build/xcode-derived/ModuleCache.noindex/CFNetwork-8IVG80F986CSZ68HATSOPURXQ.pcm /Users/argus/Programming/pdf-reader/.build/xcode-derived/ModuleCache.noindex/Security-CFCLJIN3SZEJBE3KB5PVWNT12.pcm /Users/argus/Programming/pdf-reader/.build/xcode-derived/ModuleCache.noindex/_Builtin_intrinsics-1HZWYH3D4MPXAWYLY32JJC8T9.pcm /Users/argus/Programming/pdf-reader/.build/xcode-derived/ModuleCache.noindex/launch-2ZZK2N8ZOS0YWS5L10S9RU8LH.pcm /Users/argus/Programming/pdf-reader/.build/xcode-derived/ModuleCache.noindex/MachO-9NQ30RM1ZRYZNCSMWISRCBDHP.pcm /Users/argus/Programming/pdf-reader/.build/xcode-derived/ModuleCache.noindex/_Builtin_stddef-64ZAU6GUQZL4XSJRWGRRZH5BA.pcm /Users/argus/Programming/pdf-reader/.build/xcode-derived/ModuleCache.noindex/Darwin-40P53G3W293OKMRWZMCIBH7CA.pcm /Users/argus/Programming/pdf-reader/.build/xcode-derived/ModuleCache.noindex/Foundation-87GE24Z89ND97AQBVLAJ7153.pcm /Users/argus/Programming/pdf-reader/.build/xcode-derived/ModuleCache.noindex/_Builtin_stdint-88L3YE0HTVX22XA4WK6EPM2VC.pcm /Users/argus/Programming/pdf-reader/.build/xcode-derived/ModuleCache.noindex/os_object-A75KQRJ28VL68ZOWQEQ6ZULH6.pcm /Users/argus/Programming/pdf-reader/.build/xcode-derived/ModuleCache.noindex/XPC-881SFFIOPV4NLVTA3ZQ498QXP.pcm /Users/argus/Programming/pdf-reader/.build/xcode-derived/ModuleCache.noindex/_Builtin_inttypes-2FXDXB0AKGLEFPLR0SM8BWL6I.pcm /Users/argus/Programming/pdf-reader/.build/xcode-derived/ModuleCache.noindex/_AvailabilityInternal-1569OHSQB76VXTMAGZ2UM3MIM.pcm /Users/argus/Programming/pdf-reader/.build/xcode-derived/ModuleCache.noindex/ptrcheck-3DNHPFI6GAHOKNX3VEF4ZS4O.pcm /Users/argus/Programming/pdf-reader/.build/xcode-derived/ModuleCache.noindex/DiskArbitration-C1C264QKU8Y9YV792AEAEO60N.pcm /Users/argus/Programming/pdf-reader/.build/xcode-derived/ModuleCache.noindex/Dispatch-1N7II65797UZCSQ9ZQCQSZFOX.pcm /Users/argus/Programming/pdf-reader/.build/xcode-derived/ModuleCache.noindex/CoreFoundation-46D220WV8B0MHFGEABNF3UA2O.pcm /Users/argus/Programming/pdf-reader/.build/xcode-derived/ModuleCache.noindex/_Builtin_limits-7C4R801HPBCD2XWZA0AKPS0NY.pcm /Users/argus/Programming/pdf-reader/.build/xcode-derived/ModuleCache.noindex/IOKit-9VS4TV4LUR9JBA65BT5KUL6RR.pcm /Users/argus/Programming/pdf-reader/.build/xcode-derived/ModuleCache.noindex/ptrauth-DUP42YZHSOAFPQ33GHCDOFJ8G.pcm /Users/argus/Programming/pdf-reader/.build/xcode-derived/Build/Intermediates.noindex/PDFReader.build/Release/PDFReaderCore.build/Objects-normal/x86_64/PDFReaderCore-dependencies-2.json (in target 'PDFReaderCore' from project 'PDFReader')

CompileSwift normal x86_64 (in target 'PDFReaderCore' from project 'PDFReader')
    cd /Users/argus/Programming/pdf-reader
    

SwiftDriverJobDiscovery normal arm64 Compiling DateTime.swift, Constants.swift, Parser+Finish.swift, Parser.swift, TOMLDocument.swift, Token.swift, TOMLArray.swift, TOMLDecoder.swift, TOMLError.swift, TOMLKey.swift, TOMLKeyedDecodingContainer.swift, TOMLSingleValueDecodingContainer.Generated.swift, TOMLTable.swift, TOMLUnkeyedDecodingContainer.swift, _TOMLDecoder.swift (in target 'TOMLDecoder' from project 'TOMLDecoder')

SwiftDriver\ Compilation\ Requirements TOMLDecoder normal arm64 com.apple.xcode.tools.swift.compiler (in target 'TOMLDecoder' from project 'TOMLDecoder')
    cd /Users/argus/Programming/pdf-reader/PDFReader.xcodeproj
    builtin-Swift-Compilation-Requirements -- /Applications/Xcode.app/Contents/Developer/Toolchains/XcodeDefault.xctoolchain/usr/bin/swiftc -module-name TOMLDecoder -O -whole-module-optimization @/Users/argus/Programming/pdf-reader/.build/xcode-derived/Build/Intermediates.noindex/TOMLDecoder.build/Release/TOMLDecoder.build/Objects-normal/arm64/TOMLDecoder.SwiftFileList -DSWIFT_PACKAGE -DSWIFT_MODULE_RESOURCE_BUNDLE_UNAVAILABLE -DXcode -enable-upcoming-feature ExistentialAny -enable-upcoming-feature InternalImportsByDefault -enable-upcoming-feature MemberImportVisibility -plugin-path /Applications/Xcode.app/Contents/Developer/Toolchains/XcodeDefault.xctoolchain/usr/lib/swift/host/plugins/testing -enable-experimental-feature DebugDescriptionMacro -sdk /Applications/Xcode.app/Contents/Developer/Platforms/MacOSX.platform/Developer/SDKs/MacOSX26.5.sdk -target arm64-apple-macos10.15 -g -module-cache-path /Users/argus/Programming/pdf-reader/.build/xcode-derived/ModuleCache.noindex -Xfrontend -serialize-debugging-options -suppress-warnings -swift-version 6 -I /Users/argus/Programming/pdf-reader/.build/xcode-derived/Build/Products/Release -Isystem /Applications/Xcode.app/Contents/Developer/Platforms/MacOSX.platform/Developer/usr/lib -F /Users/argus/Programming/pdf-reader/.build/xcode-derived/Build/Products/Release -F /Applications/Xcode.app/Contents/Developer/Platforms/MacOSX.platform/Developer/Library/Frameworks -c -num-threads 10 -Xcc -ivfsstatcache -Xcc /Users/argus/Programming/pdf-reader/.build/xcode-derived/SDKStatCaches.noindex/macosx26.5-25F70-e082c4a02f00227109f4ed75e425c832.sdkstatcache -output-file-map /Users/argus/Programming/pdf-reader/.build/xcode-derived/Build/Intermediates.noindex/TOMLDecoder.build/Release/TOMLDecoder.build/Objects-normal/arm64/TOMLDecoder-OutputFileMap.json -use-frontend-parseable-output -save-temps -no-color-diagnostics -explicit-module-build -module-cache-path /Users/argus/Programming/pdf-reader/.build/xcode-derived/Build/Intermediates.noindex/SwiftExplicitPrecompiledModules -clang-scanner-module-cache-path /Users/argus/Programming/pdf-reader/.build/xcode-derived/ModuleCache.noindex -sdk-module-cache-path /Users/argus/Programming/pdf-reader/.build/xcode-derived/ModuleCache.noindex -serialize-diagnostics -emit-dependencies -emit-module -emit-module-path /Users/argus/Programming/pdf-reader/.build/xcode-derived/Build/Intermediates.noindex/TOMLDecoder.build/Release/TOMLDecoder.build/Objects-normal/arm64/TOMLDecoder.swiftmodule -user-module-version 0.4.5 -validate-clang-modules-once -clang-build-session-file /Users/argus/Programming/pdf-reader/.build/xcode-derived/ModuleCache.noindex/Session.modulevalidation -package-name tomldecoder -Xcc -I/Users/argus/Programming/pdf-reader/.build/xcode-derived/Build/Intermediates.noindex/TOMLDecoder.build/Release/TOMLDecoder.build/swift-overrides.hmap -emit-const-values -Xfrontend -const-gather-protocols-file -Xfrontend /Users/argus/Programming/pdf-reader/.build/xcode-derived/Build/Intermediates.noindex/TOMLDecoder.build/Release/TOMLDecoder.build/Objects-normal/arm64/TOMLDecoder_const_extract_protocols.json -Xcc -I/Users/argus/Programming/pdf-reader/.build/xcode-derived/Build/Products/Release/include -Xcc -I/Users/argus/Programming/pdf-reader/.build/xcode-derived/Build/Intermediates.noindex/TOMLDecoder.build/Release/TOMLDecoder.build/DerivedSources-normal/arm64 -Xcc -I/Users/argus/Programming/pdf-reader/.build/xcode-derived/Build/Intermediates.noindex/TOMLDecoder.build/Release/TOMLDecoder.build/DerivedSources/arm64 -Xcc -I/Users/argus/Programming/pdf-reader/.build/xcode-derived/Build/Intermediates.noindex/TOMLDecoder.build/Release/TOMLDecoder.build/DerivedSources -Xcc -DSWIFT_PACKAGE -emit-objc-header -emit-objc-header-path /Users/argus/Programming/pdf-reader/.build/xcode-derived/Build/Intermediates.noindex/TOMLDecoder.build/Release/TOMLDecoder.build/Objects-normal/arm64/TOMLDecoder-Swift.h -working-directory /Users/argus/Programming/pdf-reader/PDFReader.xcodeproj -no-emit-module-separately-wmo

Copy /Users/argus/Programming/pdf-reader/.build/xcode-derived/Build/Products/Release/TOMLDecoder.swiftmodule/arm64-apple-macos.abi.json /Users/argus/Programming/pdf-reader/.build/xcode-derived/Build/Intermediates.noindex/TOMLDecoder.build/Release/TOMLDecoder.build/Objects-normal/arm64/TOMLDecoder.abi.json (in target 'TOMLDecoder' from project 'TOMLDecoder')
    cd /Users/argus/Programming/pdf-reader/.build/xcode-derived/SourcePackages/checkouts/TOMLDecoder
    builtin-copy -exclude .DS_Store -exclude CVS -exclude .svn -exclude .git -exclude .hg -strip-unsigned-binaries -strip-deterministic -strip-tool /Applications/Xcode.app/Contents/Developer/Toolchains/XcodeDefault.xctoolchain/usr/bin/strip -resolve-src-symlinks -rename /Users/argus/Programming/pdf-reader/.build/xcode-derived/Build/Intermediates.noindex/TOMLDecoder.build/Release/TOMLDecoder.build/Objects-normal/arm64/TOMLDecoder.abi.json /Users/argus/Programming/pdf-reader/.build/xcode-derived/Build/Products/Release/TOMLDecoder.swiftmodule/arm64-apple-macos.abi.json

Copy /Users/argus/Programming/pdf-reader/.build/xcode-derived/Build/Products/Release/TOMLDecoder.swiftmodule/arm64-apple-macos.swiftdoc /Users/argus/Programming/pdf-reader/.build/xcode-derived/Build/Intermediates.noindex/TOMLDecoder.build/Release/TOMLDecoder.build/Objects-normal/arm64/TOMLDecoder.swiftdoc (in target 'TOMLDecoder' from project 'TOMLDecoder')
    cd /Users/argus/Programming/pdf-reader/.build/xcode-derived/SourcePackages/checkouts/TOMLDecoder
    builtin-copy -exclude .DS_Store -exclude CVS -exclude .svn -exclude .git -exclude .hg -strip-unsigned-binaries -strip-deterministic -strip-tool /Applications/Xcode.app/Contents/Developer/Toolchains/XcodeDefault.xctoolchain/usr/bin/strip -resolve-src-symlinks -rename /Users/argus/Programming/pdf-reader/.build/xcode-derived/Build/Intermediates.noindex/TOMLDecoder.build/Release/TOMLDecoder.build/Objects-normal/arm64/TOMLDecoder.swiftdoc /Users/argus/Programming/pdf-reader/.build/xcode-derived/Build/Products/Release/TOMLDecoder.swiftmodule/arm64-apple-macos.swiftdoc

Copy /Users/argus/Programming/pdf-reader/.build/xcode-derived/Build/Products/Release/TOMLDecoder.swiftmodule/Project/arm64-apple-macos.swiftsourceinfo /Users/argus/Programming/pdf-reader/.build/xcode-derived/Build/Intermediates.noindex/TOMLDecoder.build/Release/TOMLDecoder.build/Objects-normal/arm64/TOMLDecoder.swiftsourceinfo (in target 'TOMLDecoder' from project 'TOMLDecoder')
    cd /Users/argus/Programming/pdf-reader/.build/xcode-derived/SourcePackages/checkouts/TOMLDecoder
    builtin-copy -exclude .DS_Store -exclude CVS -exclude .svn -exclude .git -exclude .hg -strip-unsigned-binaries -strip-deterministic -strip-tool /Applications/Xcode.app/Contents/Developer/Toolchains/XcodeDefault.xctoolchain/usr/bin/strip -resolve-src-symlinks -rename /Users/argus/Programming/pdf-reader/.build/xcode-derived/Build/Intermediates.noindex/TOMLDecoder.build/Release/TOMLDecoder.build/Objects-normal/arm64/TOMLDecoder.swiftsourceinfo /Users/argus/Programming/pdf-reader/.build/xcode-derived/Build/Products/Release/TOMLDecoder.swiftmodule/Project/arm64-apple-macos.swiftsourceinfo

Copy /Users/argus/Programming/pdf-reader/.build/xcode-derived/Build/Products/Release/TOMLDecoder.swiftmodule/arm64-apple-macos.swiftmodule /Users/argus/Programming/pdf-reader/.build/xcode-derived/Build/Intermediates.noindex/TOMLDecoder.build/Release/TOMLDecoder.build/Objects-normal/arm64/TOMLDecoder.swiftmodule (in target 'TOMLDecoder' from project 'TOMLDecoder')
    cd /Users/argus/Programming/pdf-reader/.build/xcode-derived/SourcePackages/checkouts/TOMLDecoder
    builtin-copy -exclude .DS_Store -exclude CVS -exclude .svn -exclude .git -exclude .hg -strip-unsigned-binaries -strip-deterministic -strip-tool /Applications/Xcode.app/Contents/Developer/Toolchains/XcodeDefault.xctoolchain/usr/bin/strip -resolve-src-symlinks -rename /Users/argus/Programming/pdf-reader/.build/xcode-derived/Build/Intermediates.noindex/TOMLDecoder.build/Release/TOMLDecoder.build/Objects-normal/arm64/TOMLDecoder.swiftmodule /Users/argus/Programming/pdf-reader/.build/xcode-derived/Build/Products/Release/TOMLDecoder.swiftmodule/arm64-apple-macos.swiftmodule

SwiftDriverJobDiscovery normal x86_64 Compiling DateTime.swift, Constants.swift, Parser+Finish.swift, Parser.swift, TOMLDocument.swift, Token.swift, TOMLArray.swift, TOMLDecoder.swift, TOMLError.swift, TOMLKey.swift, TOMLKeyedDecodingContainer.swift, TOMLSingleValueDecodingContainer.Generated.swift, TOMLTable.swift, TOMLUnkeyedDecodingContainer.swift, _TOMLDecoder.swift (in target 'TOMLDecoder' from project 'TOMLDecoder')

SwiftDriver\ Compilation\ Requirements TOMLDecoder normal x86_64 com.apple.xcode.tools.swift.compiler (in target 'TOMLDecoder' from project 'TOMLDecoder')
    cd /Users/argus/Programming/pdf-reader/PDFReader.xcodeproj
    builtin-Swift-Compilation-Requirements -- /Applications/Xcode.app/Contents/Developer/Toolchains/XcodeDefault.xctoolchain/usr/bin/swiftc -module-name TOMLDecoder -O -whole-module-optimization @/Users/argus/Programming/pdf-reader/.build/xcode-derived/Build/Intermediates.noindex/TOMLDecoder.build/Release/TOMLDecoder.build/Objects-normal/x86_64/TOMLDecoder.SwiftFileList -DSWIFT_PACKAGE -DSWIFT_MODULE_RESOURCE_BUNDLE_UNAVAILABLE -DXcode -enable-upcoming-feature ExistentialAny -enable-upcoming-feature InternalImportsByDefault -enable-upcoming-feature MemberImportVisibility -plugin-path /Applications/Xcode.app/Contents/Developer/Toolchains/XcodeDefault.xctoolchain/usr/lib/swift/host/plugins/testing -enable-experimental-feature DebugDescriptionMacro -sdk /Applications/Xcode.app/Contents/Developer/Platforms/MacOSX.platform/Developer/SDKs/MacOSX26.5.sdk -target x86_64-apple-macos10.15 -g -module-cache-path /Users/argus/Programming/pdf-reader/.build/xcode-derived/ModuleCache.noindex -Xfrontend -serialize-debugging-options -suppress-warnings -swift-version 6 -I /Users/argus/Programming/pdf-reader/.build/xcode-derived/Build/Products/Release -Isystem /Applications/Xcode.app/Contents/Developer/Platforms/MacOSX.platform/Developer/usr/lib -F /Users/argus/Programming/pdf-reader/.build/xcode-derived/Build/Products/Release -F /Applications/Xcode.app/Contents/Developer/Platforms/MacOSX.platform/Developer/Library/Frameworks -c -num-threads 10 -Xcc -ivfsstatcache -Xcc /Users/argus/Programming/pdf-reader/.build/xcode-derived/SDKStatCaches.noindex/macosx26.5-25F70-e082c4a02f00227109f4ed75e425c832.sdkstatcache -output-file-map /Users/argus/Programming/pdf-reader/.build/xcode-derived/Build/Intermediates.noindex/TOMLDecoder.build/Release/TOMLDecoder.build/Objects-normal/x86_64/TOMLDecoder-OutputFileMap.json -use-frontend-parseable-output -save-temps -no-color-diagnostics -explicit-module-build -module-cache-path /Users/argus/Programming/pdf-reader/.build/xcode-derived/Build/Intermediates.noindex/SwiftExplicitPrecompiledModules -clang-scanner-module-cache-path /Users/argus/Programming/pdf-reader/.build/xcode-derived/ModuleCache.noindex -sdk-module-cache-path /Users/argus/Programming/pdf-reader/.build/xcode-derived/ModuleCache.noindex -serialize-diagnostics -emit-dependencies -emit-module -emit-module-path /Users/argus/Programming/pdf-reader/.build/xcode-derived/Build/Intermediates.noindex/TOMLDecoder.build/Release/TOMLDecoder.build/Objects-normal/x86_64/TOMLDecoder.swiftmodule -user-module-version 0.4.5 -validate-clang-modules-once -clang-build-session-file /Users/argus/Programming/pdf-reader/.build/xcode-derived/ModuleCache.noindex/Session.modulevalidation -package-name tomldecoder -Xcc -I/Users/argus/Programming/pdf-reader/.build/xcode-derived/Build/Intermediates.noindex/TOMLDecoder.build/Release/TOMLDecoder.build/swift-overrides.hmap -emit-const-values -Xfrontend -const-gather-protocols-file -Xfrontend /Users/argus/Programming/pdf-reader/.build/xcode-derived/Build/Intermediates.noindex/TOMLDecoder.build/Release/TOMLDecoder.build/Objects-normal/x86_64/TOMLDecoder_const_extract_protocols.json -Xcc -I/Users/argus/Programming/pdf-reader/.build/xcode-derived/Build/Products/Release/include -Xcc -I/Users/argus/Programming/pdf-reader/.build/xcode-derived/Build/Intermediates.noindex/TOMLDecoder.build/Release/TOMLDecoder.build/DerivedSources-normal/x86_64 -Xcc -I/Users/argus/Programming/pdf-reader/.build/xcode-derived/Build/Intermediates.noindex/TOMLDecoder.build/Release/TOMLDecoder.build/DerivedSources/x86_64 -Xcc -I/Users/argus/Programming/pdf-reader/.build/xcode-derived/Build/Intermediates.noindex/TOMLDecoder.build/Release/TOMLDecoder.build/DerivedSources -Xcc -DSWIFT_PACKAGE -emit-objc-header -emit-objc-header-path /Users/argus/Programming/pdf-reader/.build/xcode-derived/Build/Intermediates.noindex/TOMLDecoder.build/Release/TOMLDecoder.build/Objects-normal/x86_64/TOMLDecoder-Swift.h -working-directory /Users/argus/Programming/pdf-reader/PDFReader.xcodeproj -no-emit-module-separately-wmo

SwiftMergeGeneratedHeaders /Users/argus/Programming/pdf-reader/.build/xcode-derived/Build/Intermediates.noindex/GeneratedModuleMaps/TOMLDecoder-Swift.h /Users/argus/Programming/pdf-reader/.build/xcode-derived/Build/Intermediates.noindex/TOMLDecoder.build/Release/TOMLDecoder.build/Objects-normal/arm64/TOMLDecoder-Swift.h /Users/argus/Programming/pdf-reader/.build/xcode-derived/Build/Intermediates.noindex/TOMLDecoder.build/Release/TOMLDecoder.build/Objects-normal/x86_64/TOMLDecoder-Swift.h (in target 'TOMLDecoder' from project 'TOMLDecoder')
    cd /Users/argus/Programming/pdf-reader/.build/xcode-derived/SourcePackages/checkouts/TOMLDecoder
    builtin-swiftHeaderTool -arch arm64 /Users/argus/Programming/pdf-reader/.build/xcode-derived/Build/Intermediates.noindex/TOMLDecoder.build/Release/TOMLDecoder.build/Objects-normal/arm64/TOMLDecoder-Swift.h -arch x86_64 /Users/argus/Programming/pdf-reader/.build/xcode-derived/Build/Intermediates.noindex/TOMLDecoder.build/Release/TOMLDecoder.build/Objects-normal/x86_64/TOMLDecoder-Swift.h -o /Users/argus/Programming/pdf-reader/.build/xcode-derived/Build/Intermediates.noindex/GeneratedModuleMaps/TOMLDecoder-Swift.h

Copy /Users/argus/Programming/pdf-reader/.build/xcode-derived/Build/Products/Release/TOMLDecoder.swiftmodule/x86_64-apple-macos.swiftmodule /Users/argus/Programming/pdf-reader/.build/xcode-derived/Build/Intermediates.noindex/TOMLDecoder.build/Release/TOMLDecoder.build/Objects-normal/x86_64/TOMLDecoder.swiftmodule (in target 'TOMLDecoder' from project 'TOMLDecoder')
    cd /Users/argus/Programming/pdf-reader/.build/xcode-derived/SourcePackages/checkouts/TOMLDecoder
    builtin-copy -exclude .DS_Store -exclude CVS -exclude .svn -exclude .git -exclude .hg -strip-unsigned-binaries -strip-deterministic -strip-tool /Applications/Xcode.app/Contents/Developer/Toolchains/XcodeDefault.xctoolchain/usr/bin/strip -resolve-src-symlinks -rename /Users/argus/Programming/pdf-reader/.build/xcode-derived/Build/Intermediates.noindex/TOMLDecoder.build/Release/TOMLDecoder.build/Objects-normal/x86_64/TOMLDecoder.swiftmodule /Users/argus/Programming/pdf-reader/.build/xcode-derived/Build/Products/Release/TOMLDecoder.swiftmodule/x86_64-apple-macos.swiftmodule

Copy /Users/argus/Programming/pdf-reader/.build/xcode-derived/Build/Products/Release/TOMLDecoder.swiftmodule/x86_64-apple-macos.swiftdoc /Users/argus/Programming/pdf-reader/.build/xcode-derived/Build/Intermediates.noindex/TOMLDecoder.build/Release/TOMLDecoder.build/Objects-normal/x86_64/TOMLDecoder.swiftdoc (in target 'TOMLDecoder' from project 'TOMLDecoder')
    cd /Users/argus/Programming/pdf-reader/.build/xcode-derived/SourcePackages/checkouts/TOMLDecoder
    builtin-copy -exclude .DS_Store -exclude CVS -exclude .svn -exclude .git -exclude .hg -strip-unsigned-binaries -strip-deterministic -strip-tool /Applications/Xcode.app/Contents/Developer/Toolchains/XcodeDefault.xctoolchain/usr/bin/strip -resolve-src-symlinks -rename /Users/argus/Programming/pdf-reader/.build/xcode-derived/Build/Intermediates.noindex/TOMLDecoder.build/Release/TOMLDecoder.build/Objects-normal/x86_64/TOMLDecoder.swiftdoc /Users/argus/Programming/pdf-reader/.build/xcode-derived/Build/Products/Release/TOMLDecoder.swiftmodule/x86_64-apple-macos.swiftdoc

Copy /Users/argus/Programming/pdf-reader/.build/xcode-derived/Build/Products/Release/TOMLDecoder.swiftmodule/x86_64-apple-macos.abi.json /Users/argus/Programming/pdf-reader/.build/xcode-derived/Build/Intermediates.noindex/TOMLDecoder.build/Release/TOMLDecoder.build/Objects-normal/x86_64/TOMLDecoder.abi.json (in target 'TOMLDecoder' from project 'TOMLDecoder')
    cd /Users/argus/Programming/pdf-reader/.build/xcode-derived/SourcePackages/checkouts/TOMLDecoder
    builtin-copy -exclude .DS_Store -exclude CVS -exclude .svn -exclude .git -exclude .hg -strip-unsigned-binaries -strip-deterministic -strip-tool /Applications/Xcode.app/Contents/Developer/Toolchains/XcodeDefault.xctoolchain/usr/bin/strip -resolve-src-symlinks -rename /Users/argus/Programming/pdf-reader/.build/xcode-derived/Build/Intermediates.noindex/TOMLDecoder.build/Release/TOMLDecoder.build/Objects-normal/x86_64/TOMLDecoder.abi.json /Users/argus/Programming/pdf-reader/.build/xcode-derived/Build/Products/Release/TOMLDecoder.swiftmodule/x86_64-apple-macos.abi.json

Copy /Users/argus/Programming/pdf-reader/.build/xcode-derived/Build/Products/Release/TOMLDecoder.swiftmodule/Project/x86_64-apple-macos.swiftsourceinfo /Users/argus/Programming/pdf-reader/.build/xcode-derived/Build/Intermediates.noindex/TOMLDecoder.build/Release/TOMLDecoder.build/Objects-normal/x86_64/TOMLDecoder.swiftsourceinfo (in target 'TOMLDecoder' from project 'TOMLDecoder')
    cd /Users/argus/Programming/pdf-reader/.build/xcode-derived/SourcePackages/checkouts/TOMLDecoder
    builtin-copy -exclude .DS_Store -exclude CVS -exclude .svn -exclude .git -exclude .hg -strip-unsigned-binaries -strip-deterministic -strip-tool /Applications/Xcode.app/Contents/Developer/Toolchains/XcodeDefault.xctoolchain/usr/bin/strip -resolve-src-symlinks -rename /Users/argus/Programming/pdf-reader/.build/xcode-derived/Build/Intermediates.noindex/TOMLDecoder.build/Release/TOMLDecoder.build/Objects-normal/x86_64/TOMLDecoder.swiftsourceinfo /Users/argus/Programming/pdf-reader/.build/xcode-derived/Build/Products/Release/TOMLDecoder.swiftmodule/Project/x86_64-apple-macos.swiftsourceinfo

Ld /Users/argus/Programming/pdf-reader/.build/xcode-derived/Build/Intermediates.noindex/TOMLDecoder.build/Release/TOMLDecoder.build/Objects-normal/arm64/Binary/TOMLDecoder.o normal arm64 (in target 'TOMLDecoder' from project 'TOMLDecoder')
    cd /Users/argus/Programming/pdf-reader/.build/xcode-derived/SourcePackages/checkouts/TOMLDecoder
    /Applications/Xcode.app/Contents/Developer/Toolchains/XcodeDefault.xctoolchain/usr/bin/clang -Xlinker -reproducible -target arm64-apple-macos10.15 -r -isysroot /Applications/Xcode.app/Contents/Developer/Platforms/MacOSX.platform/Developer/SDKs/MacOSX26.5.sdk -Os -w -F/Users/argus/Programming/pdf-reader/.build/xcode-derived/Build/Intermediates.noindex/EagerLinkingTBDs/Release -F/Users/argus/Programming/pdf-reader/.build/xcode-derived/Build/Products/Release -iframework /Applications/Xcode.app/Contents/Developer/Platforms/MacOSX.platform/Developer/Library/Frameworks -filelist /Users/argus/Programming/pdf-reader/.build/xcode-derived/Build/Intermediates.noindex/TOMLDecoder.build/Release/TOMLDecoder.build/Objects-normal/arm64/TOMLDecoder.LinkFileList -nostdlib -Xlinker -object_path_lto -Xlinker /Users/argus/Programming/pdf-reader/.build/xcode-derived/Build/Intermediates.noindex/TOMLDecoder.build/Release/TOMLDecoder.build/Objects-normal/arm64/TOMLDecoder_lto.o -Xlinker -dependency_info -Xlinker /Users/argus/Programming/pdf-reader/.build/xcode-derived/Build/Intermediates.noindex/TOMLDecoder.build/Release/TOMLDecoder.build/Objects-normal/arm64/TOMLDecoder_dependency_info.dat -fobjc-link-runtime -L/Applications/Xcode.app/Contents/Developer/Toolchains/XcodeDefault.xctoolchain/usr/lib/swift/macosx -L/usr/lib/swift -Xlinker -add_ast_path -Xlinker /Users/argus/Programming/pdf-reader/.build/xcode-derived/Build/Intermediates.noindex/TOMLDecoder.build/Release/TOMLDecoder.build/Objects-normal/arm64/TOMLDecoder.swiftmodule @/Users/argus/Programming/pdf-reader/.build/xcode-derived/Build/Intermediates.noindex/TOMLDecoder.build/Release/TOMLDecoder.build/Objects-normal/arm64/TOMLDecoder-linker-args.resp -o /Users/argus/Programming/pdf-reader/.build/xcode-derived/Build/Intermediates.noindex/TOMLDecoder.build/Release/TOMLDecoder.build/Objects-normal/arm64/Binary/TOMLDecoder.o

Ld /Users/argus/Programming/pdf-reader/.build/xcode-derived/Build/Intermediates.noindex/TOMLDecoder.build/Release/TOMLDecoder.build/Objects-normal/x86_64/Binary/TOMLDecoder.o normal x86_64 (in target 'TOMLDecoder' from project 'TOMLDecoder')
    cd /Users/argus/Programming/pdf-reader/.build/xcode-derived/SourcePackages/checkouts/TOMLDecoder
    /Applications/Xcode.app/Contents/Developer/Toolchains/XcodeDefault.xctoolchain/usr/bin/clang -Xlinker -reproducible -target x86_64-apple-macos10.15 -r -isysroot /Applications/Xcode.app/Contents/Developer/Platforms/MacOSX.platform/Developer/SDKs/MacOSX26.5.sdk -Os -w -F/Users/argus/Programming/pdf-reader/.build/xcode-derived/Build/Intermediates.noindex/EagerLinkingTBDs/Release -F/Users/argus/Programming/pdf-reader/.build/xcode-derived/Build/Products/Release -iframework /Applications/Xcode.app/Contents/Developer/Platforms/MacOSX.platform/Developer/Library/Frameworks -filelist /Users/argus/Programming/pdf-reader/.build/xcode-derived/Build/Intermediates.noindex/TOMLDecoder.build/Release/TOMLDecoder.build/Objects-normal/x86_64/TOMLDecoder.LinkFileList -nostdlib -Xlinker -object_path_lto -Xlinker /Users/argus/Programming/pdf-reader/.build/xcode-derived/Build/Intermediates.noindex/TOMLDecoder.build/Release/TOMLDecoder.build/Objects-normal/x86_64/TOMLDecoder_lto.o -Xlinker -dependency_info -Xlinker /Users/argus/Programming/pdf-reader/.build/xcode-derived/Build/Intermediates.noindex/TOMLDecoder.build/Release/TOMLDecoder.build/Objects-normal/x86_64/TOMLDecoder_dependency_info.dat -fobjc-link-runtime -L/Applications/Xcode.app/Contents/Developer/Toolchains/XcodeDefault.xctoolchain/usr/lib/swift/macosx -L/usr/lib/swift -Xlinker -add_ast_path -Xlinker /Users/argus/Programming/pdf-reader/.build/xcode-derived/Build/Intermediates.noindex/TOMLDecoder.build/Release/TOMLDecoder.build/Objects-normal/x86_64/TOMLDecoder.swiftmodule @/Users/argus/Programming/pdf-reader/.build/xcode-derived/Build/Intermediates.noindex/TOMLDecoder.build/Release/TOMLDecoder.build/Objects-normal/x86_64/TOMLDecoder-linker-args.resp -o /Users/argus/Programming/pdf-reader/.build/xcode-derived/Build/Intermediates.noindex/TOMLDecoder.build/Release/TOMLDecoder.build/Objects-normal/x86_64/Binary/TOMLDecoder.o

CreateUniversalBinary /Users/argus/Programming/pdf-reader/.build/xcode-derived/Build/Products/Release/TOMLDecoder.o normal arm64\ x86_64 (in target 'TOMLDecoder' from project 'TOMLDecoder')
    cd /Users/argus/Programming/pdf-reader/.build/xcode-derived/SourcePackages/checkouts/TOMLDecoder
    /Applications/Xcode.app/Contents/Developer/Toolchains/XcodeDefault.xctoolchain/usr/bin/lipo -create /Users/argus/Programming/pdf-reader/.build/xcode-derived/Build/Intermediates.noindex/TOMLDecoder.build/Release/TOMLDecoder.build/Objects-normal/arm64/Binary/TOMLDecoder.o /Users/argus/Programming/pdf-reader/.build/xcode-derived/Build/Intermediates.noindex/TOMLDecoder.build/Release/TOMLDecoder.build/Objects-normal/x86_64/Binary/TOMLDecoder.o -output /Users/argus/Programming/pdf-reader/.build/xcode-derived/Build/Products/Release/TOMLDecoder.o

ExtractAppIntentsMetadata (in target 'TOMLDecoder' from project 'TOMLDecoder')
    cd /Users/argus/Programming/pdf-reader/.build/xcode-derived/SourcePackages/checkouts/TOMLDecoder
    /Applications/Xcode.app/Contents/Developer/Toolchains/XcodeDefault.xctoolchain/usr/bin/appintentsmetadataprocessor --toolchain-dir /Applications/Xcode.app/Contents/Developer/Toolchains/XcodeDefault.xctoolchain --module-name TOMLDecoder --sdk-root /Applications/Xcode.app/Contents/Developer/Platforms/MacOSX.platform/Developer/SDKs/MacOSX26.5.sdk --xcode-version 17F113 --platform-family macOS --deployment-target 10.15 --bundle-identifier tomldecoder.TOMLDecoder --output /Users/argus/Programming/pdf-reader/.build/xcode-derived/Build/Products/Release/TOMLDecoder.appintents --target-triple arm64-apple-macos10.15 --target-triple x86_64-apple-macos10.15 --binary-file /Users/argus/Programming/pdf-reader/.build/xcode-derived/Build/Products/Release/TOMLDecoder.o --dependency-file /Users/argus/Programming/pdf-reader/.build/xcode-derived/Build/Intermediates.noindex/TOMLDecoder.build/Release/TOMLDecoder.build/Objects-normal/arm64/TOMLDecoder_dependency_info.dat --dependency-file /Users/argus/Programming/pdf-reader/.build/xcode-derived/Build/Intermediates.noindex/TOMLDecoder.build/Release/TOMLDecoder.build/Objects-normal/x86_64/TOMLDecoder_dependency_info.dat --stringsdata-file /Users/argus/Programming/pdf-reader/.build/xcode-derived/Build/Intermediates.noindex/TOMLDecoder.build/Release/TOMLDecoder.build/Objects-normal/arm64/ExtractedAppShortcutsMetadata.stringsdata --stringsdata-file /Users/argus/Programming/pdf-reader/.build/xcode-derived/Build/Intermediates.noindex/TOMLDecoder.build/Release/TOMLDecoder.build/Objects-normal/x86_64/ExtractedAppShortcutsMetadata.stringsdata --source-file-list /Users/argus/Programming/pdf-reader/.build/xcode-derived/Build/Intermediates.noindex/TOMLDecoder.build/Release/TOMLDecoder.build/Objects-normal/arm64/TOMLDecoder.SwiftFileList --source-file-list /Users/argus/Programming/pdf-reader/.build/xcode-derived/Build/Intermediates.noindex/TOMLDecoder.build/Release/TOMLDecoder.build/Objects-normal/x86_64/TOMLDecoder.SwiftFileList --metadata-file-list /Users/argus/Programming/pdf-reader/.build/xcode-derived/Build/Intermediates.noindex/TOMLDecoder.build/Release/TOMLDecoder.build/TOMLDecoder.DependencyMetadataFileList --static-metadata-file-list /Users/argus/Programming/pdf-reader/.build/xcode-derived/Build/Intermediates.noindex/TOMLDecoder.build/Release/TOMLDecoder.build/TOMLDecoder.DependencyStaticMetadataFileList --swift-const-vals-list /Users/argus/Programming/pdf-reader/.build/xcode-derived/Build/Intermediates.noindex/TOMLDecoder.build/Release/TOMLDecoder.build/Objects-normal/arm64/TOMLDecoder.SwiftConstValuesFileList --swift-const-vals-list /Users/argus/Programming/pdf-reader/.build/xcode-derived/Build/Intermediates.noindex/TOMLDecoder.build/Release/TOMLDecoder.build/Objects-normal/x86_64/TOMLDecoder.SwiftConstValuesFileList --force --compile-time-extraction --deployment-aware-processing --validate-assistant-intents --no-app-shortcuts-localization
2026-07-22 13:46:58.470 appintentsmetadataprocessor[60672:280255160] Starting appintentsmetadataprocessor export
2026-07-22 13:46:58.496 appintentsmetadataprocessor[60672:280255160] Extracted no relevant App Intents symbols, skipping writing output

RegisterExecutionPolicyException /Users/argus/Programming/pdf-reader/.build/xcode-derived/Build/Products/Release/TOMLDecoder.o (in target 'TOMLDecoder' from project 'TOMLDecoder')
    cd /Users/argus/Programming/pdf-reader/.build/xcode-derived/SourcePackages/checkouts/TOMLDecoder
    builtin-RegisterExecutionPolicyException /Users/argus/Programming/pdf-reader/.build/xcode-derived/Build/Products/Release/TOMLDecoder.o

SwiftDriverJobDiscovery normal x86_64 Compiling ActionBindingPolicy.swift, ActionDescriptor.swift, ActionDispatcherProtocol.swift, ActionID.swift, ActionRegistry.swift, ActionSurfaceRegistry.swift, MenuEquivalentPolicy.swift, BuiltInDefaults.swift, ConfigDecoder.swift, ConfigDiagnostic.swift, ConfigDocumentation.swift, ConfigValidator.swift, EffectiveAppConfig.swift, SparseAppConfig.swift, InputContext.swift, KeySequence.swift, KeySequenceEngine.swift, KeySequenceParser.swift, KeySequenceTrie.swift, KeyToken.swift, PageNumberInputBuffer.swift, PromptNativeReservationV1.swift, PromptSafeBindingPredicate.swift, SystemKeyReservationV1.swift, BuiltInThemes.swift, Theme.swift, CoreVersion.swift (in target 'PDFReaderCore' from project 'PDFReader')

SwiftDriver\ Compilation\ Requirements PDFReaderCore normal x86_64 com.apple.xcode.tools.swift.compiler (in target 'PDFReaderCore' from project 'PDFReader')
    cd /Users/argus/Programming/pdf-reader
    builtin-Swift-Compilation-Requirements -- /Applications/Xcode.app/Contents/Developer/Toolchains/XcodeDefault.xctoolchain/usr/bin/swiftc -module-name PDFReaderCore -O -whole-module-optimization @/Users/argus/Programming/pdf-reader/.build/xcode-derived/Build/Intermediates.noindex/PDFReader.build/Release/PDFReaderCore.build/Objects-normal/x86_64/PDFReaderCore.SwiftFileList -enable-experimental-feature DebugDescriptionMacro -sdk /Applications/Xcode.app/Contents/Developer/Platforms/MacOSX.platform/Developer/SDKs/MacOSX26.5.sdk -target x86_64-apple-macos14.0 -g -module-cache-path /Users/argus/Programming/pdf-reader/.build/xcode-derived/ModuleCache.noindex -Xfrontend -serialize-debugging-options -swift-version 6 -I /Users/argus/Programming/pdf-reader/.build/xcode-derived/Build/Products/Release -F /Users/argus/Programming/pdf-reader/.build/xcode-derived/Build/Products/Release -c -num-threads 10 -Xcc -ivfsstatcache -Xcc /Users/argus/Programming/pdf-reader/.build/xcode-derived/SDKStatCaches.noindex/macosx26.5-25F70-e082c4a02f00227109f4ed75e425c832.sdkstatcache -output-file-map /Users/argus/Programming/pdf-reader/.build/xcode-derived/Build/Intermediates.noindex/PDFReader.build/Release/PDFReaderCore.build/Objects-normal/x86_64/PDFReaderCore-OutputFileMap.json -use-frontend-parseable-output -save-temps -no-color-diagnostics -explicit-module-build -module-cache-path /Users/argus/Programming/pdf-reader/.build/xcode-derived/Build/Intermediates.noindex/SwiftExplicitPrecompiledModules -clang-scanner-module-cache-path /Users/argus/Programming/pdf-reader/.build/xcode-derived/ModuleCache.noindex -sdk-module-cache-path /Users/argus/Programming/pdf-reader/.build/xcode-derived/ModuleCache.noindex -serialize-diagnostics -emit-dependencies -emit-module -emit-module-path /Users/argus/Programming/pdf-reader/.build/xcode-derived/Build/Intermediates.noindex/PDFReader.build/Release/PDFReaderCore.build/Objects-normal/x86_64/PDFReaderCore.swiftmodule -validate-clang-modules-once -clang-build-session-file /Users/argus/Programming/pdf-reader/.build/xcode-derived/ModuleCache.noindex/Session.modulevalidation -Xcc -I/Users/argus/Programming/pdf-reader/.build/xcode-derived/Build/Intermediates.noindex/PDFReader.build/Release/PDFReaderCore.build/swift-overrides.hmap -emit-const-values -Xfrontend -const-gather-protocols-file -Xfrontend /Users/argus/Programming/pdf-reader/.build/xcode-derived/Build/Intermediates.noindex/PDFReader.build/Release/PDFReaderCore.build/Objects-normal/x86_64/PDFReaderCore_const_extract_protocols.json -Xcc -iquote -Xcc /Users/argus/Programming/pdf-reader/.build/xcode-derived/Build/Intermediates.noindex/PDFReader.build/Release/PDFReaderCore.build/PDFReaderCore-generated-files.hmap -Xcc -I/Users/argus/Programming/pdf-reader/.build/xcode-derived/Build/Intermediates.noindex/PDFReader.build/Release/PDFReaderCore.build/PDFReaderCore-own-target-headers.hmap -Xcc -I/Users/argus/Programming/pdf-reader/.build/xcode-derived/Build/Intermediates.noindex/PDFReader.build/Release/PDFReaderCore.build/PDFReaderCore-all-non-framework-target-headers.hmap -Xcc -ivfsoverlay -Xcc /Users/argus/Programming/pdf-reader/.build/xcode-derived/Build/Intermediates.noindex/PDFReader.build/Release/PDFReader-5ed3f8c2d107e937755ff9345addb7ff-VFS/all-product-headers.yaml -Xcc -iquote -Xcc /Users/argus/Programming/pdf-reader/.build/xcode-derived/Build/Intermediates.noindex/PDFReader.build/Release/PDFReaderCore.build/PDFReaderCore-project-headers.hmap -Xcc -I/Users/argus/Programming/pdf-reader/.build/xcode-derived/Build/Products/Release/include -Xcc -I/Users/argus/Programming/pdf-reader/.build/xcode-derived/Build/Intermediates.noindex/PDFReader.build/Release/PDFReaderCore.build/DerivedSources-normal/x86_64 -Xcc -I/Users/argus/Programming/pdf-reader/.build/xcode-derived/Build/Intermediates.noindex/PDFReader.build/Release/PDFReaderCore.build/DerivedSources/x86_64 -Xcc -I/Users/argus/Programming/pdf-reader/.build/xcode-derived/Build/Intermediates.noindex/PDFReader.build/Release/PDFReaderCore.build/DerivedSources -emit-objc-header -emit-objc-header-path /Users/argus/Programming/pdf-reader/.build/xcode-derived/Build/Intermediates.noindex/PDFReader.build/Release/PDFReaderCore.build/Objects-normal/x86_64/PDFReaderCore-Swift.h -working-directory /Users/argus/Programming/pdf-reader -no-emit-module-separately-wmo

Copy /Users/argus/Programming/pdf-reader/.build/xcode-derived/Build/Products/Release/PDFReaderCore.framework/Versions/A/Modules/PDFReaderCore.swiftmodule/x86_64-apple-macos.swiftdoc /Users/argus/Programming/pdf-reader/.build/xcode-derived/Build/Intermediates.noindex/PDFReader.build/Release/PDFReaderCore.build/Objects-normal/x86_64/PDFReaderCore.swiftdoc (in target 'PDFReaderCore' from project 'PDFReader')
    cd /Users/argus/Programming/pdf-reader
    builtin-copy -exclude .DS_Store -exclude CVS -exclude .svn -exclude .git -exclude .hg -resolve-src-symlinks -rename /Users/argus/Programming/pdf-reader/.build/xcode-derived/Build/Intermediates.noindex/PDFReader.build/Release/PDFReaderCore.build/Objects-normal/x86_64/PDFReaderCore.swiftdoc /Users/argus/Programming/pdf-reader/.build/xcode-derived/Build/Products/Release/PDFReaderCore.framework/Versions/A/Modules/PDFReaderCore.swiftmodule/x86_64-apple-macos.swiftdoc

Copy /Users/argus/Programming/pdf-reader/.build/xcode-derived/Build/Products/Release/PDFReaderCore.framework/Versions/A/Modules/PDFReaderCore.swiftmodule/x86_64-apple-macos.swiftmodule /Users/argus/Programming/pdf-reader/.build/xcode-derived/Build/Intermediates.noindex/PDFReader.build/Release/PDFReaderCore.build/Objects-normal/x86_64/PDFReaderCore.swiftmodule (in target 'PDFReaderCore' from project 'PDFReader')
    cd /Users/argus/Programming/pdf-reader
    builtin-copy -exclude .DS_Store -exclude CVS -exclude .svn -exclude .git -exclude .hg -resolve-src-symlinks -rename /Users/argus/Programming/pdf-reader/.build/xcode-derived/Build/Intermediates.noindex/PDFReader.build/Release/PDFReaderCore.build/Objects-normal/x86_64/PDFReaderCore.swiftmodule /Users/argus/Programming/pdf-reader/.build/xcode-derived/Build/Products/Release/PDFReaderCore.framework/Versions/A/Modules/PDFReaderCore.swiftmodule/x86_64-apple-macos.swiftmodule

Copy /Users/argus/Programming/pdf-reader/.build/xcode-derived/Build/Products/Release/PDFReaderCore.framework/Versions/A/Modules/PDFReaderCore.swiftmodule/x86_64-apple-macos.abi.json /Users/argus/Programming/pdf-reader/.build/xcode-derived/Build/Intermediates.noindex/PDFReader.build/Release/PDFReaderCore.build/Objects-normal/x86_64/PDFReaderCore.abi.json (in target 'PDFReaderCore' from project 'PDFReader')
    cd /Users/argus/Programming/pdf-reader
    builtin-copy -exclude .DS_Store -exclude CVS -exclude .svn -exclude .git -exclude .hg -resolve-src-symlinks -rename /Users/argus/Programming/pdf-reader/.build/xcode-derived/Build/Intermediates.noindex/PDFReader.build/Release/PDFReaderCore.build/Objects-normal/x86_64/PDFReaderCore.abi.json /Users/argus/Programming/pdf-reader/.build/xcode-derived/Build/Products/Release/PDFReaderCore.framework/Versions/A/Modules/PDFReaderCore.swiftmodule/x86_64-apple-macos.abi.json

Copy /Users/argus/Programming/pdf-reader/.build/xcode-derived/Build/Products/Release/PDFReaderCore.framework/Versions/A/Modules/PDFReaderCore.swiftmodule/Project/x86_64-apple-macos.swiftsourceinfo /Users/argus/Programming/pdf-reader/.build/xcode-derived/Build/Intermediates.noindex/PDFReader.build/Release/PDFReaderCore.build/Objects-normal/x86_64/PDFReaderCore.swiftsourceinfo (in target 'PDFReaderCore' from project 'PDFReader')
    cd /Users/argus/Programming/pdf-reader
    builtin-copy -exclude .DS_Store -exclude CVS -exclude .svn -exclude .git -exclude .hg -resolve-src-symlinks -rename /Users/argus/Programming/pdf-reader/.build/xcode-derived/Build/Intermediates.noindex/PDFReader.build/Release/PDFReaderCore.build/Objects-normal/x86_64/PDFReaderCore.swiftsourceinfo /Users/argus/Programming/pdf-reader/.build/xcode-derived/Build/Products/Release/PDFReaderCore.framework/Versions/A/Modules/PDFReaderCore.swiftmodule/Project/x86_64-apple-macos.swiftsourceinfo

SwiftDriverJobDiscovery normal arm64 Compiling ActionBindingPolicy.swift, ActionDescriptor.swift, ActionDispatcherProtocol.swift, ActionID.swift, ActionRegistry.swift, ActionSurfaceRegistry.swift, MenuEquivalentPolicy.swift, BuiltInDefaults.swift, ConfigDecoder.swift, ConfigDiagnostic.swift, ConfigDocumentation.swift, ConfigValidator.swift, EffectiveAppConfig.swift, SparseAppConfig.swift, InputContext.swift, KeySequence.swift, KeySequenceEngine.swift, KeySequenceParser.swift, KeySequenceTrie.swift, KeyToken.swift, PageNumberInputBuffer.swift, PromptNativeReservationV1.swift, PromptSafeBindingPredicate.swift, SystemKeyReservationV1.swift, BuiltInThemes.swift, Theme.swift, CoreVersion.swift (in target 'PDFReaderCore' from project 'PDFReader')

SwiftDriver\ Compilation\ Requirements PDFReaderCore normal arm64 com.apple.xcode.tools.swift.compiler (in target 'PDFReaderCore' from project 'PDFReader')
    cd /Users/argus/Programming/pdf-reader
    builtin-Swift-Compilation-Requirements -- /Applications/Xcode.app/Contents/Developer/Toolchains/XcodeDefault.xctoolchain/usr/bin/swiftc -module-name PDFReaderCore -O -whole-module-optimization @/Users/argus/Programming/pdf-reader/.build/xcode-derived/Build/Intermediates.noindex/PDFReader.build/Release/PDFReaderCore.build/Objects-normal/arm64/PDFReaderCore.SwiftFileList -enable-experimental-feature DebugDescriptionMacro -sdk /Applications/Xcode.app/Contents/Developer/Platforms/MacOSX.platform/Developer/SDKs/MacOSX26.5.sdk -target arm64-apple-macos14.0 -g -module-cache-path /Users/argus/Programming/pdf-reader/.build/xcode-derived/ModuleCache.noindex -Xfrontend -serialize-debugging-options -swift-version 6 -I /Users/argus/Programming/pdf-reader/.build/xcode-derived/Build/Products/Release -F /Users/argus/Programming/pdf-reader/.build/xcode-derived/Build/Products/Release -c -num-threads 10 -Xcc -ivfsstatcache -Xcc /Users/argus/Programming/pdf-reader/.build/xcode-derived/SDKStatCaches.noindex/macosx26.5-25F70-e082c4a02f00227109f4ed75e425c832.sdkstatcache -output-file-map /Users/argus/Programming/pdf-reader/.build/xcode-derived/Build/Intermediates.noindex/PDFReader.build/Release/PDFReaderCore.build/Objects-normal/arm64/PDFReaderCore-OutputFileMap.json -use-frontend-parseable-output -save-temps -no-color-diagnostics -explicit-module-build -module-cache-path /Users/argus/Programming/pdf-reader/.build/xcode-derived/Build/Intermediates.noindex/SwiftExplicitPrecompiledModules -clang-scanner-module-cache-path /Users/argus/Programming/pdf-reader/.build/xcode-derived/ModuleCache.noindex -sdk-module-cache-path /Users/argus/Programming/pdf-reader/.build/xcode-derived/ModuleCache.noindex -serialize-diagnostics -emit-dependencies -emit-module -emit-module-path /Users/argus/Programming/pdf-reader/.build/xcode-derived/Build/Intermediates.noindex/PDFReader.build/Release/PDFReaderCore.build/Objects-normal/arm64/PDFReaderCore.swiftmodule -validate-clang-modules-once -clang-build-session-file /Users/argus/Programming/pdf-reader/.build/xcode-derived/ModuleCache.noindex/Session.modulevalidation -Xcc -I/Users/argus/Programming/pdf-reader/.build/xcode-derived/Build/Intermediates.noindex/PDFReader.build/Release/PDFReaderCore.build/swift-overrides.hmap -emit-const-values -Xfrontend -const-gather-protocols-file -Xfrontend /Users/argus/Programming/pdf-reader/.build/xcode-derived/Build/Intermediates.noindex/PDFReader.build/Release/PDFReaderCore.build/Objects-normal/arm64/PDFReaderCore_const_extract_protocols.json -Xcc -iquote -Xcc /Users/argus/Programming/pdf-reader/.build/xcode-derived/Build/Intermediates.noindex/PDFReader.build/Release/PDFReaderCore.build/PDFReaderCore-generated-files.hmap -Xcc -I/Users/argus/Programming/pdf-reader/.build/xcode-derived/Build/Intermediates.noindex/PDFReader.build/Release/PDFReaderCore.build/PDFReaderCore-own-target-headers.hmap -Xcc -I/Users/argus/Programming/pdf-reader/.build/xcode-derived/Build/Intermediates.noindex/PDFReader.build/Release/PDFReaderCore.build/PDFReaderCore-all-non-framework-target-headers.hmap -Xcc -ivfsoverlay -Xcc /Users/argus/Programming/pdf-reader/.build/xcode-derived/Build/Intermediates.noindex/PDFReader.build/Release/PDFReader-5ed3f8c2d107e937755ff9345addb7ff-VFS/all-product-headers.yaml -Xcc -iquote -Xcc /Users/argus/Programming/pdf-reader/.build/xcode-derived/Build/Intermediates.noindex/PDFReader.build/Release/PDFReaderCore.build/PDFReaderCore-project-headers.hmap -Xcc -I/Users/argus/Programming/pdf-reader/.build/xcode-derived/Build/Products/Release/include -Xcc -I/Users/argus/Programming/pdf-reader/.build/xcode-derived/Build/Intermediates.noindex/PDFReader.build/Release/PDFReaderCore.build/DerivedSources-normal/arm64 -Xcc -I/Users/argus/Programming/pdf-reader/.build/xcode-derived/Build/Intermediates.noindex/PDFReader.build/Release/PDFReaderCore.build/DerivedSources/arm64 -Xcc -I/Users/argus/Programming/pdf-reader/.build/xcode-derived/Build/Intermediates.noindex/PDFReader.build/Release/PDFReaderCore.build/DerivedSources -emit-objc-header -emit-objc-header-path /Users/argus/Programming/pdf-reader/.build/xcode-derived/Build/Intermediates.noindex/PDFReader.build/Release/PDFReaderCore.build/Objects-normal/arm64/PDFReaderCore-Swift.h -working-directory /Users/argus/Programming/pdf-reader -no-emit-module-separately-wmo

SwiftMergeGeneratedHeaders /Users/argus/Programming/pdf-reader/.build/xcode-derived/Build/Products/Release/PDFReaderCore.framework/Versions/A/Headers/PDFReaderCore-Swift.h /Users/argus/Programming/pdf-reader/.build/xcode-derived/Build/Intermediates.noindex/PDFReader.build/Release/PDFReaderCore.build/Objects-normal/arm64/PDFReaderCore-Swift.h /Users/argus/Programming/pdf-reader/.build/xcode-derived/Build/Intermediates.noindex/PDFReader.build/Release/PDFReaderCore.build/Objects-normal/x86_64/PDFReaderCore-Swift.h (in target 'PDFReaderCore' from project 'PDFReader')
    cd /Users/argus/Programming/pdf-reader
    builtin-swiftHeaderTool -arch arm64 /Users/argus/Programming/pdf-reader/.build/xcode-derived/Build/Intermediates.noindex/PDFReader.build/Release/PDFReaderCore.build/Objects-normal/arm64/PDFReaderCore-Swift.h -arch x86_64 /Users/argus/Programming/pdf-reader/.build/xcode-derived/Build/Intermediates.noindex/PDFReader.build/Release/PDFReaderCore.build/Objects-normal/x86_64/PDFReaderCore-Swift.h -o /Users/argus/Programming/pdf-reader/.build/xcode-derived/Build/Products/Release/PDFReaderCore.framework/Versions/A/Headers/PDFReaderCore-Swift.h

Copy /Users/argus/Programming/pdf-reader/.build/xcode-derived/Build/Products/Release/PDFReaderCore.framework/Versions/A/Modules/PDFReaderCore.swiftmodule/arm64-apple-macos.abi.json /Users/argus/Programming/pdf-reader/.build/xcode-derived/Build/Intermediates.noindex/PDFReader.build/Release/PDFReaderCore.build/Objects-normal/arm64/PDFReaderCore.abi.json (in target 'PDFReaderCore' from project 'PDFReader')
    cd /Users/argus/Programming/pdf-reader
    builtin-copy -exclude .DS_Store -exclude CVS -exclude .svn -exclude .git -exclude .hg -resolve-src-symlinks -rename /Users/argus/Programming/pdf-reader/.build/xcode-derived/Build/Intermediates.noindex/PDFReader.build/Release/PDFReaderCore.build/Objects-normal/arm64/PDFReaderCore.abi.json /Users/argus/Programming/pdf-reader/.build/xcode-derived/Build/Products/Release/PDFReaderCore.framework/Versions/A/Modules/PDFReaderCore.swiftmodule/arm64-apple-macos.abi.json

Copy /Users/argus/Programming/pdf-reader/.build/xcode-derived/Build/Products/Release/PDFReaderCore.framework/Versions/A/Modules/PDFReaderCore.swiftmodule/Project/arm64-apple-macos.swiftsourceinfo /Users/argus/Programming/pdf-reader/.build/xcode-derived/Build/Intermediates.noindex/PDFReader.build/Release/PDFReaderCore.build/Objects-normal/arm64/PDFReaderCore.swiftsourceinfo (in target 'PDFReaderCore' from project 'PDFReader')
    cd /Users/argus/Programming/pdf-reader
    builtin-copy -exclude .DS_Store -exclude CVS -exclude .svn -exclude .git -exclude .hg -resolve-src-symlinks -rename /Users/argus/Programming/pdf-reader/.build/xcode-derived/Build/Intermediates.noindex/PDFReader.build/Release/PDFReaderCore.build/Objects-normal/arm64/PDFReaderCore.swiftsourceinfo /Users/argus/Programming/pdf-reader/.build/xcode-derived/Build/Products/Release/PDFReaderCore.framework/Versions/A/Modules/PDFReaderCore.swiftmodule/Project/arm64-apple-macos.swiftsourceinfo

Copy /Users/argus/Programming/pdf-reader/.build/xcode-derived/Build/Products/Release/PDFReaderCore.framework/Versions/A/Modules/PDFReaderCore.swiftmodule/arm64-apple-macos.swiftdoc /Users/argus/Programming/pdf-reader/.build/xcode-derived/Build/Intermediates.noindex/PDFReader.build/Release/PDFReaderCore.build/Objects-normal/arm64/PDFReaderCore.swiftdoc (in target 'PDFReaderCore' from project 'PDFReader')
    cd /Users/argus/Programming/pdf-reader
    builtin-copy -exclude .DS_Store -exclude CVS -exclude .svn -exclude .git -exclude .hg -resolve-src-symlinks -rename /Users/argus/Programming/pdf-reader/.build/xcode-derived/Build/Intermediates.noindex/PDFReader.build/Release/PDFReaderCore.build/Objects-normal/arm64/PDFReaderCore.swiftdoc /Users/argus/Programming/pdf-reader/.build/xcode-derived/Build/Products/Release/PDFReaderCore.framework/Versions/A/Modules/PDFReaderCore.swiftmodule/arm64-apple-macos.swiftdoc

Copy /Users/argus/Programming/pdf-reader/.build/xcode-derived/Build/Products/Release/PDFReaderCore.framework/Versions/A/Modules/PDFReaderCore.swiftmodule/arm64-apple-macos.swiftmodule /Users/argus/Programming/pdf-reader/.build/xcode-derived/Build/Intermediates.noindex/PDFReader.build/Release/PDFReaderCore.build/Objects-normal/arm64/PDFReaderCore.swiftmodule (in target 'PDFReaderCore' from project 'PDFReader')
    cd /Users/argus/Programming/pdf-reader
    builtin-copy -exclude .DS_Store -exclude CVS -exclude .svn -exclude .git -exclude .hg -resolve-src-symlinks -rename /Users/argus/Programming/pdf-reader/.build/xcode-derived/Build/Intermediates.noindex/PDFReader.build/Release/PDFReaderCore.build/Objects-normal/arm64/PDFReaderCore.swiftmodule /Users/argus/Programming/pdf-reader/.build/xcode-derived/Build/Products/Release/PDFReaderCore.framework/Versions/A/Modules/PDFReaderCore.swiftmodule/arm64-apple-macos.swiftmodule

Ld /Users/argus/Programming/pdf-reader/.build/xcode-derived/Build/Intermediates.noindex/PDFReader.build/Release/PDFReaderCore.build/Objects-normal/arm64/Binary/PDFReaderCore normal arm64 (in target 'PDFReaderCore' from project 'PDFReader')
    cd /Users/argus/Programming/pdf-reader
    /Applications/Xcode.app/Contents/Developer/Toolchains/XcodeDefault.xctoolchain/usr/bin/clang -Xlinker -reproducible -target arm64-apple-macos14.0 -dynamiclib -isysroot /Applications/Xcode.app/Contents/Developer/Platforms/MacOSX.platform/Developer/SDKs/MacOSX26.5.sdk -Os -L/Users/argus/Programming/pdf-reader/.build/xcode-derived/Build/Intermediates.noindex/EagerLinkingTBDs/Release -L/Users/argus/Programming/pdf-reader/.build/xcode-derived/Build/Products/Release -F/Users/argus/Programming/pdf-reader/.build/xcode-derived/Build/Intermediates.noindex/EagerLinkingTBDs/Release -F/Users/argus/Programming/pdf-reader/.build/xcode-derived/Build/Products/Release -filelist /Users/argus/Programming/pdf-reader/.build/xcode-derived/Build/Intermediates.noindex/PDFReader.build/Release/PDFReaderCore.build/Objects-normal/arm64/PDFReaderCore.LinkFileList -install_name @rpath/PDFReaderCore.framework/Versions/A/PDFReaderCore -Xlinker -rpath -Xlinker /usr/lib/swift -Xlinker -object_path_lto -Xlinker /Users/argus/Programming/pdf-reader/.build/xcode-derived/Build/Intermediates.noindex/PDFReader.build/Release/PDFReaderCore.build/Objects-normal/arm64/PDFReaderCore_lto.o -Xlinker -dependency_info -Xlinker /Users/argus/Programming/pdf-reader/.build/xcode-derived/Build/Intermediates.noindex/PDFReader.build/Release/PDFReaderCore.build/Objects-normal/arm64/PDFReaderCore_dependency_info.dat -fobjc-link-runtime -L/Applications/Xcode.app/Contents/Developer/Toolchains/XcodeDefault.xctoolchain/usr/lib/swift/macosx -L/usr/lib/swift -Xlinker -add_ast_path -Xlinker /Users/argus/Programming/pdf-reader/.build/xcode-derived/Build/Intermediates.noindex/PDFReader.build/Release/PDFReaderCore.build/Objects-normal/arm64/PDFReaderCore.swiftmodule @/Users/argus/Programming/pdf-reader/.build/xcode-derived/Build/Intermediates.noindex/PDFReader.build/Release/PDFReaderCore.build/Objects-normal/arm64/PDFReaderCore-linker-args.resp -o /Users/argus/Programming/pdf-reader/.build/xcode-derived/Build/Intermediates.noindex/PDFReader.build/Release/PDFReaderCore.build/Objects-normal/arm64/Binary/PDFReaderCore

Ld /Users/argus/Programming/pdf-reader/.build/xcode-derived/Build/Intermediates.noindex/PDFReader.build/Release/PDFReaderCore.build/Objects-normal/x86_64/Binary/PDFReaderCore normal x86_64 (in target 'PDFReaderCore' from project 'PDFReader')
    cd /Users/argus/Programming/pdf-reader
    /Applications/Xcode.app/Contents/Developer/Toolchains/XcodeDefault.xctoolchain/usr/bin/clang -Xlinker -reproducible -target x86_64-apple-macos14.0 -dynamiclib -isysroot /Applications/Xcode.app/Contents/Developer/Platforms/MacOSX.platform/Developer/SDKs/MacOSX26.5.sdk -Os -L/Users/argus/Programming/pdf-reader/.build/xcode-derived/Build/Intermediates.noindex/EagerLinkingTBDs/Release -L/Users/argus/Programming/pdf-reader/.build/xcode-derived/Build/Products/Release -F/Users/argus/Programming/pdf-reader/.build/xcode-derived/Build/Intermediates.noindex/EagerLinkingTBDs/Release -F/Users/argus/Programming/pdf-reader/.build/xcode-derived/Build/Products/Release -filelist /Users/argus/Programming/pdf-reader/.build/xcode-derived/Build/Intermediates.noindex/PDFReader.build/Release/PDFReaderCore.build/Objects-normal/x86_64/PDFReaderCore.LinkFileList -install_name @rpath/PDFReaderCore.framework/Versions/A/PDFReaderCore -Xlinker -rpath -Xlinker /usr/lib/swift -Xlinker -object_path_lto -Xlinker /Users/argus/Programming/pdf-reader/.build/xcode-derived/Build/Intermediates.noindex/PDFReader.build/Release/PDFReaderCore.build/Objects-normal/x86_64/PDFReaderCore_lto.o -Xlinker -dependency_info -Xlinker /Users/argus/Programming/pdf-reader/.build/xcode-derived/Build/Intermediates.noindex/PDFReader.build/Release/PDFReaderCore.build/Objects-normal/x86_64/PDFReaderCore_dependency_info.dat -fobjc-link-runtime -L/Applications/Xcode.app/Contents/Developer/Toolchains/XcodeDefault.xctoolchain/usr/lib/swift/macosx -L/usr/lib/swift -Xlinker -add_ast_path -Xlinker /Users/argus/Programming/pdf-reader/.build/xcode-derived/Build/Intermediates.noindex/PDFReader.build/Release/PDFReaderCore.build/Objects-normal/x86_64/PDFReaderCore.swiftmodule @/Users/argus/Programming/pdf-reader/.build/xcode-derived/Build/Intermediates.noindex/PDFReader.build/Release/PDFReaderCore.build/Objects-normal/x86_64/PDFReaderCore-linker-args.resp -o /Users/argus/Programming/pdf-reader/.build/xcode-derived/Build/Intermediates.noindex/PDFReader.build/Release/PDFReaderCore.build/Objects-normal/x86_64/Binary/PDFReaderCore

SwiftDriver PDFReaderApp normal x86_64 com.apple.xcode.tools.swift.compiler (in target 'PDFReaderApp' from project 'PDFReader')
    cd /Users/argus/Programming/pdf-reader
    builtin-SwiftDriver -- /Applications/Xcode.app/Contents/Developer/Toolchains/XcodeDefault.xctoolchain/usr/bin/swiftc -module-name PDFReaderApp -O -whole-module-optimization @/Users/argus/Programming/pdf-reader/.build/xcode-derived/Build/Intermediates.noindex/PDFReader.build/Release/PDFReaderApp.build/Objects-normal/x86_64/PDFReader.SwiftFileList -enable-experimental-feature DebugDescriptionMacro -sdk /Applications/Xcode.app/Contents/Developer/Platforms/MacOSX.platform/Developer/SDKs/MacOSX26.5.sdk -target x86_64-apple-macos14.0 -g -module-cache-path /Users/argus/Programming/pdf-reader/.build/xcode-derived/ModuleCache.noindex -Xfrontend -serialize-debugging-options -swift-version 6 -I /Users/argus/Programming/pdf-reader/.build/xcode-derived/Build/Products/Release -F /Users/argus/Programming/pdf-reader/.build/xcode-derived/Build/Products/Release/PackageFrameworks -F /Users/argus/Programming/pdf-reader/.build/xcode-derived/Build/Products/Release -c -num-threads 10 -Xcc -ivfsstatcache -Xcc /Users/argus/Programming/pdf-reader/.build/xcode-derived/SDKStatCaches.noindex/macosx26.5-25F70-e082c4a02f00227109f4ed75e425c832.sdkstatcache -output-file-map /Users/argus/Programming/pdf-reader/.build/xcode-derived/Build/Intermediates.noindex/PDFReader.build/Release/PDFReaderApp.build/Objects-normal/x86_64/PDFReaderApp-OutputFileMap.json -use-frontend-parseable-output -save-temps -no-color-diagnostics -explicit-module-build -module-cache-path /Users/argus/Programming/pdf-reader/.build/xcode-derived/Build/Intermediates.noindex/SwiftExplicitPrecompiledModules -clang-scanner-module-cache-path /Users/argus/Programming/pdf-reader/.build/xcode-derived/ModuleCache.noindex -sdk-module-cache-path /Users/argus/Programming/pdf-reader/.build/xcode-derived/ModuleCache.noindex -serialize-diagnostics -emit-dependencies -emit-module -emit-module-path /Users/argus/Programming/pdf-reader/.build/xcode-derived/Build/Intermediates.noindex/PDFReader.build/Release/PDFReaderApp.build/Objects-normal/x86_64/PDFReaderApp.swiftmodule -validate-clang-modules-once -clang-build-session-file /Users/argus/Programming/pdf-reader/.build/xcode-derived/ModuleCache.noindex/Session.modulevalidation -Xcc -I/Users/argus/Programming/pdf-reader/.build/xcode-derived/Build/Intermediates.noindex/PDFReader.build/Release/PDFReaderApp.build/swift-overrides.hmap -emit-const-values -Xfrontend -const-gather-protocols-file -Xfrontend /Users/argus/Programming/pdf-reader/.build/xcode-derived/Build/Intermediates.noindex/PDFReader.build/Release/PDFReaderApp.build/Objects-normal/x86_64/PDFReaderApp_const_extract_protocols.json -Xcc -iquote -Xcc /Users/argus/Programming/pdf-reader/.build/xcode-derived/Build/Intermediates.noindex/PDFReader.build/Release/PDFReaderApp.build/PDFReader-generated-files.hmap -Xcc -I/Users/argus/Programming/pdf-reader/.build/xcode-derived/Build/Intermediates.noindex/PDFReader.build/Release/PDFReaderApp.build/PDFReader-own-target-headers.hmap -Xcc -I/Users/argus/Programming/pdf-reader/.build/xcode-derived/Build/Intermediates.noindex/PDFReader.build/Release/PDFReaderApp.build/PDFReader-all-non-framework-target-headers.hmap -Xcc -ivfsoverlay -Xcc /Users/argus/Programming/pdf-reader/.build/xcode-derived/Build/Intermediates.noindex/PDFReader.build/Release/PDFReader-5ed3f8c2d107e937755ff9345addb7ff-VFS/all-product-headers.yaml -Xcc -iquote -Xcc /Users/argus/Programming/pdf-reader/.build/xcode-derived/Build/Intermediates.noindex/PDFReader.build/Release/PDFReaderApp.build/PDFReader-project-headers.hmap -Xcc -I/Users/argus/Programming/pdf-reader/.build/xcode-derived/Build/Products/Release/include -Xcc -I/Users/argus/Programming/pdf-reader/.build/xcode-derived/Build/Intermediates.noindex/PDFReader.build/Release/PDFReaderApp.build/DerivedSources-normal/x86_64 -Xcc -I/Users/argus/Programming/pdf-reader/.build/xcode-derived/Build/Intermediates.noindex/PDFReader.build/Release/PDFReaderApp.build/DerivedSources/x86_64 -Xcc -I/Users/argus/Programming/pdf-reader/.build/xcode-derived/Build/Intermediates.noindex/PDFReader.build/Release/PDFReaderApp.build/DerivedSources -emit-objc-header -emit-objc-header-path /Users/argus/Programming/pdf-reader/.build/xcode-derived/Build/Intermediates.noindex/PDFReader.build/Release/PDFReaderApp.build/Objects-normal/x86_64/PDFReaderApp-Swift.h -working-directory /Users/argus/Programming/pdf-reader -no-emit-module-separately-wmo

SwiftDriver PDFReaderApp normal arm64 com.apple.xcode.tools.swift.compiler (in target 'PDFReaderApp' from project 'PDFReader')
    cd /Users/argus/Programming/pdf-reader
    builtin-SwiftDriver -- /Applications/Xcode.app/Contents/Developer/Toolchains/XcodeDefault.xctoolchain/usr/bin/swiftc -module-name PDFReaderApp -O -whole-module-optimization @/Users/argus/Programming/pdf-reader/.build/xcode-derived/Build/Intermediates.noindex/PDFReader.build/Release/PDFReaderApp.build/Objects-normal/arm64/PDFReader.SwiftFileList -enable-experimental-feature DebugDescriptionMacro -sdk /Applications/Xcode.app/Contents/Developer/Platforms/MacOSX.platform/Developer/SDKs/MacOSX26.5.sdk -target arm64-apple-macos14.0 -g -module-cache-path /Users/argus/Programming/pdf-reader/.build/xcode-derived/ModuleCache.noindex -Xfrontend -serialize-debugging-options -swift-version 6 -I /Users/argus/Programming/pdf-reader/.build/xcode-derived/Build/Products/Release -F /Users/argus/Programming/pdf-reader/.build/xcode-derived/Build/Products/Release/PackageFrameworks -F /Users/argus/Programming/pdf-reader/.build/xcode-derived/Build/Products/Release -c -num-threads 10 -Xcc -ivfsstatcache -Xcc /Users/argus/Programming/pdf-reader/.build/xcode-derived/SDKStatCaches.noindex/macosx26.5-25F70-e082c4a02f00227109f4ed75e425c832.sdkstatcache -output-file-map /Users/argus/Programming/pdf-reader/.build/xcode-derived/Build/Intermediates.noindex/PDFReader.build/Release/PDFReaderApp.build/Objects-normal/arm64/PDFReaderApp-OutputFileMap.json -use-frontend-parseable-output -save-temps -no-color-diagnostics -explicit-module-build -module-cache-path /Users/argus/Programming/pdf-reader/.build/xcode-derived/Build/Intermediates.noindex/SwiftExplicitPrecompiledModules -clang-scanner-module-cache-path /Users/argus/Programming/pdf-reader/.build/xcode-derived/ModuleCache.noindex -sdk-module-cache-path /Users/argus/Programming/pdf-reader/.build/xcode-derived/ModuleCache.noindex -serialize-diagnostics -emit-dependencies -emit-module -emit-module-path /Users/argus/Programming/pdf-reader/.build/xcode-derived/Build/Intermediates.noindex/PDFReader.build/Release/PDFReaderApp.build/Objects-normal/arm64/PDFReaderApp.swiftmodule -validate-clang-modules-once -clang-build-session-file /Users/argus/Programming/pdf-reader/.build/xcode-derived/ModuleCache.noindex/Session.modulevalidation -Xcc -I/Users/argus/Programming/pdf-reader/.build/xcode-derived/Build/Intermediates.noindex/PDFReader.build/Release/PDFReaderApp.build/swift-overrides.hmap -emit-const-values -Xfrontend -const-gather-protocols-file -Xfrontend /Users/argus/Programming/pdf-reader/.build/xcode-derived/Build/Intermediates.noindex/PDFReader.build/Release/PDFReaderApp.build/Objects-normal/arm64/PDFReaderApp_const_extract_protocols.json -Xcc -iquote -Xcc /Users/argus/Programming/pdf-reader/.build/xcode-derived/Build/Intermediates.noindex/PDFReader.build/Release/PDFReaderApp.build/PDFReader-generated-files.hmap -Xcc -I/Users/argus/Programming/pdf-reader/.build/xcode-derived/Build/Intermediates.noindex/PDFReader.build/Release/PDFReaderApp.build/PDFReader-own-target-headers.hmap -Xcc -I/Users/argus/Programming/pdf-reader/.build/xcode-derived/Build/Intermediates.noindex/PDFReader.build/Release/PDFReaderApp.build/PDFReader-all-non-framework-target-headers.hmap -Xcc -ivfsoverlay -Xcc /Users/argus/Programming/pdf-reader/.build/xcode-derived/Build/Intermediates.noindex/PDFReader.build/Release/PDFReader-5ed3f8c2d107e937755ff9345addb7ff-VFS/all-product-headers.yaml -Xcc -iquote -Xcc /Users/argus/Programming/pdf-reader/.build/xcode-derived/Build/Intermediates.noindex/PDFReader.build/Release/PDFReaderApp.build/PDFReader-project-headers.hmap -Xcc -I/Users/argus/Programming/pdf-reader/.build/xcode-derived/Build/Products/Release/include -Xcc -I/Users/argus/Programming/pdf-reader/.build/xcode-derived/Build/Intermediates.noindex/PDFReader.build/Release/PDFReaderApp.build/DerivedSources-normal/arm64 -Xcc -I/Users/argus/Programming/pdf-reader/.build/xcode-derived/Build/Intermediates.noindex/PDFReader.build/Release/PDFReaderApp.build/DerivedSources/arm64 -Xcc -I/Users/argus/Programming/pdf-reader/.build/xcode-derived/Build/Intermediates.noindex/PDFReader.build/Release/PDFReaderApp.build/DerivedSources -emit-objc-header -emit-objc-header-path /Users/argus/Programming/pdf-reader/.build/xcode-derived/Build/Intermediates.noindex/PDFReader.build/Release/PDFReaderApp.build/Objects-normal/arm64/PDFReaderApp-Swift.h -working-directory /Users/argus/Programming/pdf-reader -no-emit-module-separately-wmo

CreateUniversalBinary /Users/argus/Programming/pdf-reader/.build/xcode-derived/Build/Products/Release/PDFReaderCore.framework/Versions/A/PDFReaderCore normal arm64\ x86_64 (in target 'PDFReaderCore' from project 'PDFReader')
    cd /Users/argus/Programming/pdf-reader
    /Applications/Xcode.app/Contents/Developer/Toolchains/XcodeDefault.xctoolchain/usr/bin/lipo -create /Users/argus/Programming/pdf-reader/.build/xcode-derived/Build/Intermediates.noindex/PDFReader.build/Release/PDFReaderCore.build/Objects-normal/arm64/Binary/PDFReaderCore /Users/argus/Programming/pdf-reader/.build/xcode-derived/Build/Intermediates.noindex/PDFReader.build/Release/PDFReaderCore.build/Objects-normal/x86_64/Binary/PDFReaderCore -output /Users/argus/Programming/pdf-reader/.build/xcode-derived/Build/Products/Release/PDFReaderCore.framework/Versions/A/PDFReaderCore

ExtractAppIntentsMetadata (in target 'PDFReaderCore' from project 'PDFReader')
    cd /Users/argus/Programming/pdf-reader
    /Applications/Xcode.app/Contents/Developer/Toolchains/XcodeDefault.xctoolchain/usr/bin/appintentsmetadataprocessor --toolchain-dir /Applications/Xcode.app/Contents/Developer/Toolchains/XcodeDefault.xctoolchain --module-name PDFReaderCore --sdk-root /Applications/Xcode.app/Contents/Developer/Platforms/MacOSX.platform/Developer/SDKs/MacOSX26.5.sdk --xcode-version 17F113 --platform-family macOS --deployment-target 14.0 --bundle-identifier com.argus.pdfreader.core --output /Users/argus/Programming/pdf-reader/.build/xcode-derived/Build/Products/Release/PDFReaderCore.framework/Versions/A/Resources --target-triple arm64-apple-macos14.0 --target-triple x86_64-apple-macos14.0 --binary-file /Users/argus/Programming/pdf-reader/.build/xcode-derived/Build/Products/Release/PDFReaderCore.framework/Versions/A/PDFReaderCore --dependency-file /Users/argus/Programming/pdf-reader/.build/xcode-derived/Build/Intermediates.noindex/PDFReader.build/Release/PDFReaderCore.build/Objects-normal/arm64/PDFReaderCore_dependency_info.dat --dependency-file /Users/argus/Programming/pdf-reader/.build/xcode-derived/Build/Intermediates.noindex/PDFReader.build/Release/PDFReaderCore.build/Objects-normal/x86_64/PDFReaderCore_dependency_info.dat --stringsdata-file /Users/argus/Programming/pdf-reader/.build/xcode-derived/Build/Intermediates.noindex/PDFReader.build/Release/PDFReaderCore.build/Objects-normal/arm64/ExtractedAppShortcutsMetadata.stringsdata --stringsdata-file /Users/argus/Programming/pdf-reader/.build/xcode-derived/Build/Intermediates.noindex/PDFReader.build/Release/PDFReaderCore.build/Objects-normal/x86_64/ExtractedAppShortcutsMetadata.stringsdata --source-file-list /Users/argus/Programming/pdf-reader/.build/xcode-derived/Build/Intermediates.noindex/PDFReader.build/Release/PDFReaderCore.build/Objects-normal/arm64/PDFReaderCore.SwiftFileList --source-file-list /Users/argus/Programming/pdf-reader/.build/xcode-derived/Build/Intermediates.noindex/PDFReader.build/Release/PDFReaderCore.build/Objects-normal/x86_64/PDFReaderCore.SwiftFileList --metadata-file-list /Users/argus/Programming/pdf-reader/.build/xcode-derived/Build/Intermediates.noindex/PDFReader.build/Release/PDFReaderCore.build/PDFReaderCore.DependencyMetadataFileList --static-metadata-file-list /Users/argus/Programming/pdf-reader/.build/xcode-derived/Build/Intermediates.noindex/PDFReader.build/Release/PDFReaderCore.build/PDFReaderCore.DependencyStaticMetadataFileList --swift-const-vals-list /Users/argus/Programming/pdf-reader/.build/xcode-derived/Build/Intermediates.noindex/PDFReader.build/Release/PDFReaderCore.build/Objects-normal/arm64/PDFReaderCore.SwiftConstValuesFileList --swift-const-vals-list /Users/argus/Programming/pdf-reader/.build/xcode-derived/Build/Intermediates.noindex/PDFReader.build/Release/PDFReaderCore.build/Objects-normal/x86_64/PDFReaderCore.SwiftConstValuesFileList --compile-time-extraction --deployment-aware-processing --validate-assistant-intents --no-app-shortcuts-localization
2026-07-22 13:47:00.264 appintentsmetadataprocessor[60770:280255357] Starting appintentsmetadataprocessor export
2026-07-22 13:47:00.265 appintentsmetadataprocessor[60770:280255357] warning: Metadata extraction skipped. No AppIntents.framework dependency found.

GenerateDSYMFile /Users/argus/Programming/pdf-reader/.build/xcode-derived/Build/Products/Release/PDFReaderCore.framework.dSYM /Users/argus/Programming/pdf-reader/.build/xcode-derived/Build/Products/Release/PDFReaderCore.framework/Versions/A/PDFReaderCore (in target 'PDFReaderCore' from project 'PDFReader')
    cd /Users/argus/Programming/pdf-reader
    /Applications/Xcode.app/Contents/Developer/Toolchains/XcodeDefault.xctoolchain/usr/bin/dsymutil /Users/argus/Programming/pdf-reader/.build/xcode-derived/Build/Products/Release/PDFReaderCore.framework/Versions/A/PDFReaderCore -o /Users/argus/Programming/pdf-reader/.build/xcode-derived/Build/Products/Release/PDFReaderCore.framework.dSYM

GenerateTAPI /Users/argus/Programming/pdf-reader/.build/xcode-derived/Build/Intermediates.noindex/EagerLinkingTBDs/Release/PDFReaderCore.framework/Versions/A/PDFReaderCore.tbd (in target 'PDFReaderCore' from project 'PDFReader')
    cd /Users/argus/Programming/pdf-reader
    /Applications/Xcode.app/Contents/Developer/Toolchains/XcodeDefault.xctoolchain/usr/bin/tapi stubify -isysroot /Applications/Xcode.app/Contents/Developer/Platforms/MacOSX.platform/Developer/SDKs/MacOSX26.5.sdk -F/Users/argus/Programming/pdf-reader/.build/xcode-derived/Build/Products/Release -L/Users/argus/Programming/pdf-reader/.build/xcode-derived/Build/Products/Release /Users/argus/Programming/pdf-reader/.build/xcode-derived/Build/Products/Release/PDFReaderCore.framework/Versions/A/PDFReaderCore -o /Users/argus/Programming/pdf-reader/.build/xcode-derived/Build/Intermediates.noindex/EagerLinkingTBDs/Release/PDFReaderCore.framework/Versions/A/PDFReaderCore.tbd

SwiftDriver\ Compilation PDFReaderApp normal arm64 com.apple.xcode.tools.swift.compiler (in target 'PDFReaderApp' from project 'PDFReader')
    cd /Users/argus/Programming/pdf-reader
    builtin-Swift-Compilation -- /Applications/Xcode.app/Contents/Developer/Toolchains/XcodeDefault.xctoolchain/usr/bin/swiftc -module-name PDFReaderApp -O -whole-module-optimization @/Users/argus/Programming/pdf-reader/.build/xcode-derived/Build/Intermediates.noindex/PDFReader.build/Release/PDFReaderApp.build/Objects-normal/arm64/PDFReader.SwiftFileList -enable-experimental-feature DebugDescriptionMacro -sdk /Applications/Xcode.app/Contents/Developer/Platforms/MacOSX.platform/Developer/SDKs/MacOSX26.5.sdk -target arm64-apple-macos14.0 -g -module-cache-path /Users/argus/Programming/pdf-reader/.build/xcode-derived/ModuleCache.noindex -Xfrontend -serialize-debugging-options -swift-version 6 -I /Users/argus/Programming/pdf-reader/.build/xcode-derived/Build/Products/Release -F /Users/argus/Programming/pdf-reader/.build/xcode-derived/Build/Products/Release/PackageFrameworks -F /Users/argus/Programming/pdf-reader/.build/xcode-derived/Build/Products/Release -c -num-threads 10 -Xcc -ivfsstatcache -Xcc /Users/argus/Programming/pdf-reader/.build/xcode-derived/SDKStatCaches.noindex/macosx26.5-25F70-e082c4a02f00227109f4ed75e425c832.sdkstatcache -output-file-map /Users/argus/Programming/pdf-reader/.build/xcode-derived/Build/Intermediates.noindex/PDFReader.build/Release/PDFReaderApp.build/Objects-normal/arm64/PDFReaderApp-OutputFileMap.json -use-frontend-parseable-output -save-temps -no-color-diagnostics -explicit-module-build -module-cache-path /Users/argus/Programming/pdf-reader/.build/xcode-derived/Build/Intermediates.noindex/SwiftExplicitPrecompiledModules -clang-scanner-module-cache-path /Users/argus/Programming/pdf-reader/.build/xcode-derived/ModuleCache.noindex -sdk-module-cache-path /Users/argus/Programming/pdf-reader/.build/xcode-derived/ModuleCache.noindex -serialize-diagnostics -emit-dependencies -emit-module -emit-module-path /Users/argus/Programming/pdf-reader/.build/xcode-derived/Build/Intermediates.noindex/PDFReader.build/Release/PDFReaderApp.build/Objects-normal/arm64/PDFReaderApp.swiftmodule -validate-clang-modules-once -clang-build-session-file /Users/argus/Programming/pdf-reader/.build/xcode-derived/ModuleCache.noindex/Session.modulevalidation -Xcc -I/Users/argus/Programming/pdf-reader/.build/xcode-derived/Build/Intermediates.noindex/PDFReader.build/Release/PDFReaderApp.build/swift-overrides.hmap -emit-const-values -Xfrontend -const-gather-protocols-file -Xfrontend /Users/argus/Programming/pdf-reader/.build/xcode-derived/Build/Intermediates.noindex/PDFReader.build/Release/PDFReaderApp.build/Objects-normal/arm64/PDFReaderApp_const_extract_protocols.json -Xcc -iquote -Xcc /Users/argus/Programming/pdf-reader/.build/xcode-derived/Build/Intermediates.noindex/PDFReader.build/Release/PDFReaderApp.build/PDFReader-generated-files.hmap -Xcc -I/Users/argus/Programming/pdf-reader/.build/xcode-derived/Build/Intermediates.noindex/PDFReader.build/Release/PDFReaderApp.build/PDFReader-own-target-headers.hmap -Xcc -I/Users/argus/Programming/pdf-reader/.build/xcode-derived/Build/Intermediates.noindex/PDFReader.build/Release/PDFReaderApp.build/PDFReader-all-non-framework-target-headers.hmap -Xcc -ivfsoverlay -Xcc /Users/argus/Programming/pdf-reader/.build/xcode-derived/Build/Intermediates.noindex/PDFReader.build/Release/PDFReader-5ed3f8c2d107e937755ff9345addb7ff-VFS/all-product-headers.yaml -Xcc -iquote -Xcc /Users/argus/Programming/pdf-reader/.build/xcode-derived/Build/Intermediates.noindex/PDFReader.build/Release/PDFReaderApp.build/PDFReader-project-headers.hmap -Xcc -I/Users/argus/Programming/pdf-reader/.build/xcode-derived/Build/Products/Release/include -Xcc -I/Users/argus/Programming/pdf-reader/.build/xcode-derived/Build/Intermediates.noindex/PDFReader.build/Release/PDFReaderApp.build/DerivedSources-normal/arm64 -Xcc -I/Users/argus/Programming/pdf-reader/.build/xcode-derived/Build/Intermediates.noindex/PDFReader.build/Release/PDFReaderApp.build/DerivedSources/arm64 -Xcc -I/Users/argus/Programming/pdf-reader/.build/xcode-derived/Build/Intermediates.noindex/PDFReader.build/Release/PDFReaderApp.build/DerivedSources -emit-objc-header -emit-objc-header-path /Users/argus/Programming/pdf-reader/.build/xcode-derived/Build/Intermediates.noindex/PDFReader.build/Release/PDFReaderApp.build/Objects-normal/arm64/PDFReaderApp-Swift.h -working-directory /Users/argus/Programming/pdf-reader -no-emit-module-separately-wmo

SwiftCompile normal arm64 Compiling\ ConfigFileSource.swift,\ ConfigService.swift,\ TOMLConfigDecoder.swift,\ AppDelegate.swift /Users/argus/Programming/pdf-reader/PDFReaderApp/Config/ConfigFileSource.swift /Users/argus/Programming/pdf-reader/PDFReaderApp/Config/ConfigService.swift /Users/argus/Programming/pdf-reader/PDFReaderApp/Config/TOMLConfigDecoder.swift /Users/argus/Programming/pdf-reader/PDFReaderApp/AppDelegate.swift /Applications/Xcode.app/Contents/Developer/Toolchains/XcodeDefault.xctoolchain/usr/lib/swift/macosx/prebuilt-modules/26.5/Spatial.swiftmodule/arm64e-apple-macos.swiftmodule /Applications/Xcode.app/Contents/Developer/Toolchains/XcodeDefault.xctoolchain/usr/lib/swift/macosx/prebuilt-modules/26.5/CoreData.swiftmodule/arm64e-apple-macos.swiftmodule /Applications/Xcode.app/Contents/Developer/Toolchains/XcodeDefault.xctoolchain/usr/lib/swift/macosx/prebuilt-modules/26.5/Metal.swiftmodule/arm64e-apple-macos.swiftmodule /Applications/Xcode.app/Contents/Developer/Toolchains/XcodeDefault.xctoolchain/usr/lib/swift/macosx/prebuilt-modules/26.5/SwiftUICore.swiftmodule/arm64e-apple-macos.swiftmodule /Applications/Xcode.app/Contents/Developer/Toolchains/XcodeDefault.xctoolchain/usr/lib/swift/macosx/prebuilt-modules/26.5/_DarwinFoundation2.swiftmodule/arm64e-apple-macos.swiftmodule /Users/argus/Programming/pdf-reader/.build/xcode-derived/Build/Products/Release/PDFReaderCore.framework/Modules/PDFReaderCore.swiftmodule/arm64-apple-macos.swiftmodule /Applications/Xcode.app/Contents/Developer/Toolchains/XcodeDefault.xctoolchain/usr/lib/swift/macosx/prebuilt-modules/26.5/AppKit.swiftmodule/arm64e-apple-macos.swiftmodule /Applications/Xcode.app/Contents/Developer/Toolchains/XcodeDefault.xctoolchain/usr/lib/swift/macosx/prebuilt-modules/26.5/Observation.swiftmodule/arm64e-apple-macos.swiftmodule /Applications/Xcode.app/Contents/Developer/Toolchains/XcodeDefault.xctoolchain/usr/lib/swift/macosx/prebuilt-modules/26.5/simd.swiftmodule/arm64e-apple-macos.swiftmodule /Applications/Xcode.app/Contents/Developer/Toolchains/XcodeDefault.xctoolchain/usr/lib/swift/macosx/prebuilt-modules/26.5/CoreGraphics.swiftmodule/arm64e-apple-macos.swiftmodule /Applications/Xcode.app/Contents/Developer/Toolchains/XcodeDefault.xctoolchain/usr/lib/swift/macosx/prebuilt-modules/26.5/CoreTransferable.swiftmodule/arm64e-apple-macos.swiftmodule /Applications/Xcode.app/Contents/Developer/Toolchains/XcodeDefault.xctoolchain/usr/lib/swift/macosx/prebuilt-modules/26.5/Symbols.swiftmodule/arm64e-apple-macos.swiftmodule /Applications/Xcode.app/Contents/Developer/Toolchains/XcodeDefault.xctoolchain/usr/lib/swift/macosx/prebuilt-modules/26.5/CoreImage.swiftmodule/arm64e-apple-macos.swiftmodule /Applications/Xcode.app/Contents/Developer/Toolchains/XcodeDefault.xctoolchain/usr/lib/swift/macosx/prebuilt-modules/26.5/Combine.swiftmodule/arm64e-apple-macos.swiftmodule /Applications/Xcode.app/Contents/Developer/Toolchains/XcodeDefault.xctoolchain/usr/lib/swift/macosx/prebuilt-modules/26.5/Dispatch.swiftmodule/arm64e-apple-macos.swiftmodule /Applications/Xcode.app/Contents/Developer/Toolchains/XcodeDefault.xctoolchain/usr/lib/swift/macosx/prebuilt-modules/26.5/UniformTypeIdentifiers.swiftmodule/arm64e-apple-macos.swiftmodule /Applications/Xcode.app/Contents/Developer/Toolchains/XcodeDefault.xctoolchain/usr/lib/swift/macosx/prebuilt-modules/26.5/os.swiftmodule/arm64e-apple-macos.swiftmodule /Applications/Xcode.app/Contents/Developer/Toolchains/XcodeDefault.xctoolchain/usr/lib/swift/macosx/prebuilt-modules/26.5/DataDetection.swiftmodule/arm64e-apple-macos.swiftmodule /Users/argus/Programming/pdf-reader/.build/xcode-derived/Build/Products/Release/TOMLDecoder.swiftmodule/arm64-apple-macos.swiftmodule /Applications/Xcode.app/Contents/Developer/Toolchains/XcodeDefault.xctoolchain/usr/lib/swift/macosx/prebuilt-modules/26.5/_Builtin_float.swiftmodule/arm64e-apple-macos.swiftmodule /Applications/Xcode.app/Contents/Developer/Toolchains/XcodeDefault.xctoolchain/usr/lib/swift/macosx/prebuilt-modules/26.5/QuartzCore.swiftmodule/arm64e-apple-macos.swiftmodule /Applications/Xcode.app/Contents/Developer/Toolchains/XcodeDefault.xctoolchain/usr/lib/swift/macosx/prebuilt-modules/26.5/CoreFoundation.swiftmodule/arm64e-apple-macos.swiftmodule /Applications/Xcode.app/Contents/Developer/Toolchains/XcodeDefault.xctoolchain/usr/lib/swift/macosx/prebuilt-modules/26.5/Darwin.swiftmodule/arm64e-apple-macos.swiftmodule /Applications/Xcode.app/Contents/Developer/Toolchains/XcodeDefault.xctoolchain/usr/lib/swift/macosx/prebuilt-modules/26.5/Foundation.swiftmodule/arm64e-apple-macos.swiftmodule /Applications/Xcode.app/Contents/Developer/Toolchains/XcodeDefault.xctoolchain/usr/lib/swift/macosx/prebuilt-modules/26.5/_DarwinFoundation1.swiftmodule/arm64e-apple-macos.swiftmodule /Applications/Xcode.app/Contents/Developer/Toolchains/XcodeDefault.xctoolchain/usr/lib/swift/macosx/prebuilt-modules/26.5/OSLog.swiftmodule/arm64e-apple-macos.swiftmodule /Applications/Xcode.app/Contents/Developer/Toolchains/XcodeDefault.xctoolchain/usr/lib/swift/macosx/prebuilt-modules/26.5/_DarwinFoundation3.swiftmodule/arm64e-apple-macos.swiftmodule /Applications/Xcode.app/Contents/Developer/Toolchains/XcodeDefault.xctoolchain/usr/lib/swift/macosx/prebuilt-modules/26.5/CoreText.swiftmodule/arm64e-apple-macos.swiftmodule /Applications/Xcode.app/Contents/Developer/Toolchains/XcodeDefault.xctoolchain/usr/lib/swift/macosx/prebuilt-modules/26.5/_StringProcessing.swiftmodule/arm64e-apple-macos.swiftmodule /Applications/Xcode.app/Contents/Developer/Toolchains/XcodeDefault.xctoolchain/usr/lib/swift/macosx/prebuilt-modules/26.5/Accessibility.swiftmodule/arm64e-apple-macos.swiftmodule /Applications/Xcode.app/Contents/Developer/Toolchains/XcodeDefault.xctoolchain/usr/lib/swift/macosx/prebuilt-modules/26.5/CoreVideo.swiftmodule/arm64e-apple-macos.swiftmodule /Applications/Xcode.app/Contents/Developer/Toolchains/XcodeDefault.xctoolchain/usr/lib/swift/macosx/prebuilt-modules/26.5/Swift.swiftmodule/arm64e-apple-macos.swiftmodule /Applications/Xcode.app/Contents/Developer/Toolchains/XcodeDefault.xctoolchain/usr/lib/swift/macosx/prebuilt-modules/26.5/System.swiftmodule/arm64e-apple-macos.swiftmodule /Applications/Xcode.app/Contents/Developer/Toolchains/XcodeDefault.xctoolchain/usr/lib/swift/macosx/prebuilt-modules/26.5/ObjectiveC.swiftmodule/arm64e-apple-macos.swiftmodule /Applications/Xcode.app/Contents/Developer/Toolchains/XcodeDefault.xctoolchain/usr/lib/swift/macosx/prebuilt-modules/26.5/XPC.swiftmodule/arm64e-apple-macos.swiftmodule /Applications/Xcode.app/Contents/Developer/Toolchains/XcodeDefault.xctoolchain/usr/lib/swift/macosx/prebuilt-modules/26.5/IOKit.swiftmodule/arm64e-apple-macos.swiftmodule /Applications/Xcode.app/Contents/Developer/Toolchains/XcodeDefault.xctoolchain/usr/lib/swift/macosx/prebuilt-modules/26.5/_Concurrency.swiftmodule/arm64e-apple-macos.swiftmodule /Applications/Xcode.app/Contents/Developer/Toolchains/XcodeDefault.xctoolchain/usr/lib/swift/macosx/prebuilt-modules/26.5/DeveloperToolsSupport.swiftmodule/arm64e-apple-macos.swiftmodule /Users/argus/Programming/pdf-reader/.build/xcode-derived/ModuleCache.noindex/os_workgroup-7B0WP7A9MACZSWFNKFK4D4YSB.pcm /Users/argus/Programming/pdf-reader/.build/xcode-derived/ModuleCache.noindex/CoreVideo-5D3LO2N4HLVW4HS4WQ6GRMTE0.pcm /Users/argus/Programming/pdf-reader/.build/xcode-derived/ModuleCache.noindex/CoreData-RBKNR8CSMNBQPCHX050PU12D.pcm /Users/argus/Programming/pdf-reader/.build/xcode-derived/ModuleCache.noindex/XPC-3Y6AMD9S2UQCHBY4ZRA3CH4JQ.pcm /Users/argus/Programming/pdf-reader/.build/xcode-derived/ModuleCache.noindex/OSLog-3R8KT343YGHYRWJ9GX44DETYE.pcm /Users/argus/Programming/pdf-reader/.build/xcode-derived/ModuleCache.noindex/_DarwinFoundation3-4LH0ORJJ7NJV40V6TT2MTQMNW.pcm /Users/argus/Programming/pdf-reader/.build/xcode-derived/ModuleCache.noindex/CoreText-9Y4U60ERAQ4NZJOX9B54CSPM0.pcm /Users/argus/Programming/pdf-reader/.build/xcode-derived/ModuleCache.noindex/SwiftUICore-2WP11ZGLF0TSN7OEDRHUSF4X2.pcm /Users/argus/Programming/pdf-reader/.build/xcode-derived/ModuleCache.noindex/sys_types-3R8335663FB5CR6F2K5FUOQEJ.pcm /Users/argus/Programming/pdf-reader/.build/xcode-derived/ModuleCache.noindex/SwiftShims-44YG6W1WLHFBD1VKKL53X1211.pcm /Users/argus/Programming/pdf-reader/.build/xcode-derived/ModuleCache.noindex/CoreFoundation-CEO0IVGEM6LMXSEZW1DUSTKFX.pcm /Users/argus/Programming/pdf-reader/.build/xcode-derived/ModuleCache.noindex/ApplicationServices-CHEW1DPIKS81W6XKILI65MUZH.pcm /Users/argus/Programming/pdf-reader/.build/xcode-derived/ModuleCache.noindex/_SwiftConcurrencyShims-3YP0D0BD6ITRBDSUCDGJA0B1N.pcm /Users/argus/Programming/pdf-reader/.build/xcode-derived/ModuleCache.noindex/Dispatch-2RHC3SVQXBXWPUYH7HYOIDK3H.pcm /Users/argus/Programming/pdf-reader/.build/xcode-derived/ModuleCache.noindex/CoreImage-1CL0G70DZUJD60JVJIVGHBIHU.pcm /Users/argus/Programming/pdf-reader/.build/xcode-derived/ModuleCache.noindex/CFNetwork-EN8JNIQLMIBC68WGC91YYEHHI.pcm /Users/argus/Programming/pdf-reader/.build/xcode-derived/ModuleCache.noindex/ColorSync-AH5IG5HKOOP29DBMUV9ZKV5CN.pcm /Users/argus/Programming/pdf-reader/.build/xcode-derived/ModuleCache.noindex/IOKit-ANH87AUAOW0M7IADNE9B0EJ1O.pcm /Users/argus/Programming/pdf-reader/.build/xcode-derived/ModuleCache.noindex/_Builtin_tgmath-8G6LKSC0WF7A1K58OIDC0C3H3.pcm /Users/argus/Programming/pdf-reader/.build/xcode-derived/ModuleCache.noindex/CoreGraphics-1WWH6B4K6QTIINBYBGZWWC9EX.pcm /Users/argus/Programming/pdf-reader/.build/xcode-derived/ModuleCache.noindex/launch-41UW9OP7HV2QIKCO9EOQ44NKY.pcm /Users/argus/Programming/pdf-reader/.build/xcode-derived/ModuleCache.noindex/os-19AYK8PSL34LWLN0BHR6WENZ2.pcm /Users/argus/Programming/pdf-reader/.build/xcode-derived/ModuleCache.noindex/AppKit-AJBSIAGUYQUXCOLNA9M5479WZ.pcm /Users/argus/Programming/pdf-reader/.build/xcode-derived/ModuleCache.noindex/ObjectiveC-4NUA0XQOXN9JA8AUTHN0PYMX6.pcm /Users/argus/Programming/pdf-reader/.build/xcode-derived/ModuleCache.noindex/_Builtin_limits-POEZRZ4DAHOT9SQKOAG9F9DO.pcm /Users/argus/Programming/pdf-reader/.build/xcode-derived/ModuleCache.noindex/IOSurface-31QEOLQFHMAMRBW4GD504FTF.pcm /Users/argus/Programming/pdf-reader/.build/xcode-derived/ModuleCache.noindex/UniformTypeIdentifiers-1YRGMSJLOSA2K5NB1ER7Z4HTN.pcm /Users/argus/Programming/pdf-reader/.build/xcode-derived/ModuleCache.noindex/_Builtin_inttypes-CXWDU6CNFZUP65ILRY7BWW3SP.pcm /Users/argus/Programming/pdf-reader/.build/xcode-derived/ModuleCache.noindex/libkern-77O53CK8IDJ8UA463UBVI5FKN.pcm /Users/argus/Programming/pdf-reader/.build/xcode-derived/ModuleCache.noindex/ptrcheck-507NS8UCL94E5ZZBMVHOHE4FT.pcm /Users/argus/Programming/pdf-reader/.build/xcode-derived/ModuleCache.noindex/_Builtin_stdatomic-175G2I6DR81PR5FQVLXCZN358.pcm /Users/argus/Programming/pdf-reader/.build/xcode-derived/ModuleCache.noindex/_Builtin_stddef-1B6X6AVSTY6NGSA1VXQLSJPF1.pcm /Users/argus/Programming/pdf-reader/.build/xcode-derived/ModuleCache.noindex/Spatial-BNH6965SP6I6DP1RLUKDP2RMY.pcm /Users/argus/Programming/pdf-reader/.build/xcode-derived/ModuleCache.noindex/_Builtin_stdint-7LUPVJ11JIS9VDEKDUDM7Q5VZ.pcm /Users/argus/Programming/pdf-reader/.build/xcode-derived/ModuleCache.noindex/ImageIO-231HPAFWWVC4FUJBF8T6M3XBA.pcm /Users/argus/Programming/pdf-reader/.build/xcode-derived/ModuleCache.noindex/ptrauth-8T9KFH9P0XTYFTMD38XW1RCCJ.pcm /Users/argus/Programming/pdf-reader/.build/xcode-derived/ModuleCache.noindex/_Builtin_stdbool-6OH7TW5YCYP6I8U9TE2KVDB08.pcm /Users/argus/Programming/pdf-reader/.build/xcode-derived/ModuleCache.noindex/DataDetection-93TY55GG3PDVKX994WP2VOYK2.pcm /Users/argus/Programming/pdf-reader/.build/xcode-derived/ModuleCache.noindex/libDER-5Z79ASNHBEJX664NT8I6H7NHP.pcm /Users/argus/Programming/pdf-reader/.build/xcode-derived/ModuleCache.noindex/CUPS-58EGVNVJLQ5U0MARU3PKGXDXY.pcm /Users/argus/Programming/pdf-reader/.build/xcode-derived/ModuleCache.noindex/_Builtin_stdarg-ALIZ993FLOUG0WDMJH0GCHA4P.pcm /Users/argus/Programming/pdf-reader/.build/xcode-derived/ModuleCache.noindex/OpenGL-6FKGAK1LV5O1D94PKAK31QGOA.pcm /Users/argus/Programming/pdf-reader/.build/xcode-derived/ModuleCache.noindex/Darwin-3S4QYR9WU34B49486KVNM22PS.pcm /Users/argus/Programming/pdf-reader/.build/xcode-derived/ModuleCache.noindex/_DarwinFoundation1-57MQLNYQOBGRND36OOJ7XPWYF.pcm /Users/argus/Programming/pdf-reader/.build/xcode-derived/ModuleCache.noindex/DiskArbitration-9LMMWNECN2QW3OQUPPIQBTYUG.pcm /Users/argus/Programming/pdf-reader/.build/xcode-derived/ModuleCache.noindex/os_object-1Z0UTB4NIUGELDNWIZ2I5B892.pcm /Users/argus/Programming/pdf-reader/.build/xcode-derived/ModuleCache.noindex/QuartzCore-8QPJZ5BVD4LMRMP7HX6YGHB6B.pcm /Users/argus/Programming/pdf-reader/.build/xcode-derived/ModuleCache.noindex/Foundation-AQC4CT4NVUEZJTOTQVBQ8KLST.pcm /Users/argus/Programming/pdf-reader/.build/xcode-derived/ModuleCache.noindex/_Builtin_float-5SKAW8T70NWFTKU266CAKCMUC.pcm /Users/argus/Programming/pdf-reader/.build/xcode-derived/ModuleCache.noindex/CoreServices-7X2W0V1IVVZN5W2PNK59FFO2S.pcm /Users/argus/Programming/pdf-reader/.build/xcode-derived/ModuleCache.noindex/CoreTransferable-BPGRVW8HU77HXYS21JIHQ3VZ5.pcm /Users/argus/Programming/pdf-reader/.build/xcode-derived/ModuleCache.noindex/_AvailabilityInternal-9TFR8VS4OW7R30MI9PIGYPCFP.pcm /Users/argus/Programming/pdf-reader/.build/xcode-derived/ModuleCache.noindex/DeveloperToolsSupport-CC7WXLL87LOY4S3G03KWQD64W.pcm /Users/argus/Programming/pdf-reader/.build/xcode-derived/ModuleCache.noindex/Metal-7BZ3G7HN8E964RQBIKE1U86N1.pcm /Users/argus/Programming/pdf-reader/.build/xcode-derived/ModuleCache.noindex/Accessibility-7BUX1874VO9PI4F8MY5N69OWU.pcm /Users/argus/Programming/pdf-reader/.build/xcode-derived/ModuleCache.noindex/MachO-F4YTBGOJP5B7ZBUYPPK7ZVEM9.pcm /Users/argus/Programming/pdf-reader/.build/xcode-derived/ModuleCache.noindex/simd-E4XLIVT5OSOXC038XBDOEQJ3.pcm /Users/argus/Programming/pdf-reader/.build/xcode-derived/ModuleCache.noindex/_Builtin_intrinsics-3CMVQ6D6ZF0IGTHD1R2Q7R36J.pcm /Users/argus/Programming/pdf-reader/.build/xcode-derived/ModuleCache.noindex/Security-F3GTLOCZW0YNCE6GX7LBUM8ZQ.pcm /Users/argus/Programming/pdf-reader/.build/xcode-derived/ModuleCache.noindex/_DarwinFoundation2-1H8N7OLQ0G0919USWFG7DG3N5.pcm /Users/argus/Programming/pdf-reader/.build/xcode-derived/ModuleCache.noindex/Symbols-9R2UZWHUERZY2HOVBTWM26E69.pcm /Users/argus/Programming/pdf-reader/.build/xcode-derived/Build/Intermediates.noindex/PDFReader.build/Release/PDFReaderApp.build/Objects-normal/arm64/PDFReaderApp-dependencies-2.json (in target 'PDFReaderApp' from project 'PDFReader')
CompileSwift normal arm64 (in target 'PDFReaderApp' from project 'PDFReader')
    cd /Users/argus/Programming/pdf-reader
    

SwiftCompile normal x86_64 Compiling\ ConfigFileSource.swift,\ ConfigService.swift,\ TOMLConfigDecoder.swift,\ AppDelegate.swift /Users/argus/Programming/pdf-reader/PDFReaderApp/Config/ConfigFileSource.swift /Users/argus/Programming/pdf-reader/PDFReaderApp/Config/ConfigService.swift /Users/argus/Programming/pdf-reader/PDFReaderApp/Config/TOMLConfigDecoder.swift /Users/argus/Programming/pdf-reader/PDFReaderApp/AppDelegate.swift /Applications/Xcode.app/Contents/Developer/Toolchains/XcodeDefault.xctoolchain/usr/lib/swift/macosx/prebuilt-modules/26.5/System.swiftmodule/x86_64-apple-macos.swiftmodule /Applications/Xcode.app/Contents/Developer/Toolchains/XcodeDefault.xctoolchain/usr/lib/swift/macosx/prebuilt-modules/26.5/_Builtin_float.swiftmodule/x86_64-apple-macos.swiftmodule /Applications/Xcode.app/Contents/Developer/Toolchains/XcodeDefault.xctoolchain/usr/lib/swift/macosx/prebuilt-modules/26.5/UniformTypeIdentifiers.swiftmodule/x86_64-apple-macos.swiftmodule /Applications/Xcode.app/Contents/Developer/Toolchains/XcodeDefault.xctoolchain/usr/lib/swift/macosx/prebuilt-modules/26.5/CoreGraphics.swiftmodule/x86_64-apple-macos.swiftmodule /Applications/Xcode.app/Contents/Developer/Toolchains/XcodeDefault.xctoolchain/usr/lib/swift/macosx/prebuilt-modules/26.5/CoreTransferable.swiftmodule/x86_64-apple-macos.swiftmodule /Applications/Xcode.app/Contents/Developer/Toolchains/XcodeDefault.xctoolchain/usr/lib/swift/macosx/prebuilt-modules/26.5/DeveloperToolsSupport.swiftmodule/x86_64-apple-macos.swiftmodule /Applications/Xcode.app/Contents/Developer/Toolchains/XcodeDefault.xctoolchain/usr/lib/swift/macosx/prebuilt-modules/26.5/_DarwinFoundation3.swiftmodule/x86_64-apple-macos.swiftmodule /Applications/Xcode.app/Contents/Developer/Toolchains/XcodeDefault.xctoolchain/usr/lib/swift/macosx/prebuilt-modules/26.5/CoreImage.swiftmodule/x86_64-apple-macos.swiftmodule /Applications/Xcode.app/Contents/Developer/Toolchains/XcodeDefault.xctoolchain/usr/lib/swift/macosx/prebuilt-modules/26.5/Dispatch.swiftmodule/x86_64-apple-macos.swiftmodule /Applications/Xcode.app/Contents/Developer/Toolchains/XcodeDefault.xctoolchain/usr/lib/swift/macosx/prebuilt-modules/26.5/Swift.swiftmodule/x86_64-apple-macos.swiftmodule /Applications/Xcode.app/Contents/Developer/Toolchains/XcodeDefault.xctoolchain/usr/lib/swift/macosx/prebuilt-modules/26.5/Observation.swiftmodule/x86_64-apple-macos.swiftmodule /Applications/Xcode.app/Contents/Developer/Toolchains/XcodeDefault.xctoolchain/usr/lib/swift/macosx/prebuilt-modules/26.5/IOKit.swiftmodule/x86_64-apple-macos.swiftmodule /Applications/Xcode.app/Contents/Developer/Toolchains/XcodeDefault.xctoolchain/usr/lib/swift/macosx/prebuilt-modules/26.5/_Concurrency.swiftmodule/x86_64-apple-macos.swiftmodule /Applications/Xcode.app/Contents/Developer/Toolchains/XcodeDefault.xctoolchain/usr/lib/swift/macosx/prebuilt-modules/26.5/OSLog.swiftmodule/x86_64-apple-macos.swiftmodule /Applications/Xcode.app/Contents/Developer/Toolchains/XcodeDefault.xctoolchain/usr/lib/swift/macosx/prebuilt-modules/26.5/Darwin.swiftmodule/x86_64-apple-macos.swiftmodule /Applications/Xcode.app/Contents/Developer/Toolchains/XcodeDefault.xctoolchain/usr/lib/swift/macosx/prebuilt-modules/26.5/SwiftUICore.swiftmodule/x86_64-apple-macos.swiftmodule /Applications/Xcode.app/Contents/Developer/Toolchains/XcodeDefault.xctoolchain/usr/lib/swift/macosx/prebuilt-modules/26.5/Spatial.swiftmodule/x86_64-apple-macos.swiftmodule /Applications/Xcode.app/Contents/Developer/Toolchains/XcodeDefault.xctoolchain/usr/lib/swift/macosx/prebuilt-modules/26.5/DataDetection.swiftmodule/x86_64-apple-macos.swiftmodule /Applications/Xcode.app/Contents/Developer/Toolchains/XcodeDefault.xctoolchain/usr/lib/swift/macosx/prebuilt-modules/26.5/CoreVideo.swiftmodule/x86_64-apple-macos.swiftmodule /Applications/Xcode.app/Contents/Developer/Toolchains/XcodeDefault.xctoolchain/usr/lib/swift/macosx/prebuilt-modules/26.5/Metal.swiftmodule/x86_64-apple-macos.swiftmodule /Applications/Xcode.app/Contents/Developer/Toolchains/XcodeDefault.xctoolchain/usr/lib/swift/macosx/prebuilt-modules/26.5/_StringProcessing.swiftmodule/x86_64-apple-macos.swiftmodule /Applications/Xcode.app/Contents/Developer/Toolchains/XcodeDefault.xctoolchain/usr/lib/swift/macosx/prebuilt-modules/26.5/_DarwinFoundation1.swiftmodule/x86_64-apple-macos.swiftmodule /Applications/Xcode.app/Contents/Developer/Toolchains/XcodeDefault.xctoolchain/usr/lib/swift/macosx/prebuilt-modules/26.5/AppKit.swiftmodule/x86_64-apple-macos.swiftmodule /Users/argus/Programming/pdf-reader/.build/xcode-derived/Build/Products/Release/PDFReaderCore.framework/Modules/PDFReaderCore.swiftmodule/x86_64-apple-macos.swiftmodule /Applications/Xcode.app/Contents/Developer/Toolchains/XcodeDefault.xctoolchain/usr/lib/swift/macosx/prebuilt-modules/26.5/Accessibility.swiftmodule/x86_64-apple-macos.swiftmodule /Applications/Xcode.app/Contents/Developer/Toolchains/XcodeDefault.xctoolchain/usr/lib/swift/macosx/prebuilt-modules/26.5/CoreData.swiftmodule/x86_64-apple-macos.swiftmodule /Applications/Xcode.app/Contents/Developer/Toolchains/XcodeDefault.xctoolchain/usr/lib/swift/macosx/prebuilt-modules/26.5/CoreFoundation.swiftmodule/x86_64-apple-macos.swiftmodule /Applications/Xcode.app/Contents/Developer/Toolchains/XcodeDefault.xctoolchain/usr/lib/swift/macosx/prebuilt-modules/26.5/os.swiftmodule/x86_64-apple-macos.swiftmodule /Applications/Xcode.app/Contents/Developer/Toolchains/XcodeDefault.xctoolchain/usr/lib/swift/macosx/prebuilt-modules/26.5/Foundation.swiftmodule/x86_64-apple-macos.swiftmodule /Applications/Xcode.app/Contents/Developer/Toolchains/XcodeDefault.xctoolchain/usr/lib/swift/macosx/prebuilt-modules/26.5/_DarwinFoundation2.swiftmodule/x86_64-apple-macos.swiftmodule /Applications/Xcode.app/Contents/Developer/Toolchains/XcodeDefault.xctoolchain/usr/lib/swift/macosx/prebuilt-modules/26.5/ObjectiveC.swiftmodule/x86_64-apple-macos.swiftmodule /Applications/Xcode.app/Contents/Developer/Toolchains/XcodeDefault.xctoolchain/usr/lib/swift/macosx/prebuilt-modules/26.5/Symbols.swiftmodule/x86_64-apple-macos.swiftmodule /Applications/Xcode.app/Contents/Developer/Toolchains/XcodeDefault.xctoolchain/usr/lib/swift/macosx/prebuilt-modules/26.5/XPC.swiftmodule/x86_64-apple-macos.swiftmodule /Applications/Xcode.app/Contents/Developer/Toolchains/XcodeDefault.xctoolchain/usr/lib/swift/macosx/prebuilt-modules/26.5/simd.swiftmodule/x86_64-apple-macos.swiftmodule /Applications/Xcode.app/Contents/Developer/Toolchains/XcodeDefault.xctoolchain/usr/lib/swift/macosx/prebuilt-modules/26.5/Combine.swiftmodule/x86_64-apple-macos.swiftmodule /Users/argus/Programming/pdf-reader/.build/xcode-derived/Build/Products/Release/TOMLDecoder.swiftmodule/x86_64-apple-macos.swiftmodule /Applications/Xcode.app/Contents/Developer/Toolchains/XcodeDefault.xctoolchain/usr/lib/swift/macosx/prebuilt-modules/26.5/QuartzCore.swiftmodule/x86_64-apple-macos.swiftmodule /Applications/Xcode.app/Contents/Developer/Toolchains/XcodeDefault.xctoolchain/usr/lib/swift/macosx/prebuilt-modules/26.5/CoreText.swiftmodule/x86_64-apple-macos.swiftmodule /Users/argus/Programming/pdf-reader/.build/xcode-derived/ModuleCache.noindex/os_object-A75KQRJ28VL68ZOWQEQ6ZULH6.pcm /Users/argus/Programming/pdf-reader/.build/xcode-derived/ModuleCache.noindex/ApplicationServices-63Y0G13C799A9Q43ONBUOZ35Y.pcm /Users/argus/Programming/pdf-reader/.build/xcode-derived/ModuleCache.noindex/_AvailabilityInternal-1569OHSQB76VXTMAGZ2UM3MIM.pcm /Users/argus/Programming/pdf-reader/.build/xcode-derived/ModuleCache.noindex/_Builtin_stdarg-B7J421KNTSJEOR0TK29C56FD2.pcm /Users/argus/Programming/pdf-reader/.build/xcode-derived/ModuleCache.noindex/CoreGraphics-9LGMQ8MR3HEWW8G3J6VPQF42M.pcm /Users/argus/Programming/pdf-reader/.build/xcode-derived/ModuleCache.noindex/launch-2ZZK2N8ZOS0YWS5L10S9RU8LH.pcm /Users/argus/Programming/pdf-reader/.build/xcode-derived/ModuleCache.noindex/Metal-9BWBYDB5K2R4C8SSLSM745RFD.pcm /Users/argus/Programming/pdf-reader/.build/xcode-derived/ModuleCache.noindex/CFNetwork-8IVG80F986CSZ68HATSOPURXQ.pcm /Users/argus/Programming/pdf-reader/.build/xcode-derived/ModuleCache.noindex/CoreVideo-720USG0KVYJIMN7RELTQVRM05.pcm /Users/argus/Programming/pdf-reader/.build/xcode-derived/ModuleCache.noindex/_Builtin_stdbool-9RYE8PQQW9UQ8GGPSBSQNYK5C.pcm /Users/argus/Programming/pdf-reader/.build/xcode-derived/ModuleCache.noindex/CoreText-DL4Q5B5PEOOWA25B52K5ZDOLL.pcm /Users/argus/Programming/pdf-reader/.build/xcode-derived/ModuleCache.noindex/Dispatch-1N7II65797UZCSQ9ZQCQSZFOX.pcm /Users/argus/Programming/pdf-reader/.build/xcode-derived/ModuleCache.noindex/libDER-78ID2RG67E6ZFG0H5I0FSP02F.pcm /Users/argus/Programming/pdf-reader/.build/xcode-derived/ModuleCache.noindex/SwiftShims-1NLF87ZJ1JPM8A74OI9V9TJ1J.pcm /Users/argus/Programming/pdf-reader/.build/xcode-derived/ModuleCache.noindex/ObjectiveC-E020QZZFHHY0YU3AVUJ2A7QM5.pcm /Users/argus/Programming/pdf-reader/.build/xcode-derived/ModuleCache.noindex/CUPS-87OWHHVCCC5NHILYNCHEX0QSS.pcm /Users/argus/Programming/pdf-reader/.build/xcode-derived/ModuleCache.noindex/ColorSync-DLMI3BWJNVA5QDUX2V2EQ04ZS.pcm /Users/argus/Programming/pdf-reader/.build/xcode-derived/ModuleCache.noindex/CoreTransferable-4J3B5EKL09HIEGMIT1VX9QDZB.pcm /Users/argus/Programming/pdf-reader/.build/xcode-derived/ModuleCache.noindex/Accessibility-CK4GG1KM0P6WJMW0A02JMRD33.pcm /Users/argus/Programming/pdf-reader/.build/xcode-derived/ModuleCache.noindex/os-C7R9VGFZT9ES9W27KCYDDV1WM.pcm /Users/argus/Programming/pdf-reader/.build/xcode-derived/ModuleCache.noindex/_Builtin_float-E1B3M0SK9RGOP2AZE0CL5A05W.pcm /Users/argus/Programming/pdf-reader/.build/xcode-derived/ModuleCache.noindex/_Builtin_tgmath-E75JXBJUCA33X40LKFLB3IPTZ.pcm /Users/argus/Programming/pdf-reader/.build/xcode-derived/ModuleCache.noindex/Spatial-E4EBTBEBHJ3B8AUSB4MOMVZMH.pcm /Users/argus/Programming/pdf-reader/.build/xcode-derived/ModuleCache.noindex/UniformTypeIdentifiers-3GF8FAH623ACYQBOPOOYG6TDP.pcm /Users/argus/Programming/pdf-reader/.build/xcode-derived/ModuleCache.noindex/QuartzCore-587YCLPXT8FM6HEKIT5BO9V0M.pcm /Users/argus/Programming/pdf-reader/.build/xcode-derived/ModuleCache.noindex/IOKit-9VS4TV4LUR9JBA65BT5KUL6RR.pcm /Users/argus/Programming/pdf-reader/.build/xcode-derived/ModuleCache.noindex/Darwin-40P53G3W293OKMRWZMCIBH7CA.pcm /Users/argus/Programming/pdf-reader/.build/xcode-derived/ModuleCache.noindex/_DarwinFoundation1-2XAV97JCIGVIKIRUNELXRZIDQ.pcm /Users/argus/Programming/pdf-reader/.build/xcode-derived/ModuleCache.noindex/_DarwinFoundation2-4YTLE2ETIMS9KFF51Q8PISKFN.pcm /Users/argus/Programming/pdf-reader/.build/xcode-derived/ModuleCache.noindex/DataDetection-9EHKA3F07JX79MHAFMEV0KNM5.pcm /Users/argus/Programming/pdf-reader/.build/xcode-derived/ModuleCache.noindex/simd-BQCCW0AG2G14TK30ZOKD9SF38.pcm /Users/argus/Programming/pdf-reader/.build/xcode-derived/ModuleCache.noindex/AppKit-9JTWDL9TC2OMWAFH0TM44MOG1.pcm /Users/argus/Programming/pdf-reader/.build/xcode-derived/ModuleCache.noindex/_Builtin_stdint-88L3YE0HTVX22XA4WK6EPM2VC.pcm /Users/argus/Programming/pdf-reader/.build/xcode-derived/ModuleCache.noindex/_Builtin_intrinsics-1HZWYH3D4MPXAWYLY32JJC8T9.pcm /Users/argus/Programming/pdf-reader/.build/xcode-derived/ModuleCache.noindex/_DarwinFoundation3-37UXATA325AJ34OXH9QTTXNUD.pcm /Users/argus/Programming/pdf-reader/.build/xcode-derived/ModuleCache.noindex/CoreData-3D2R8QSLDO8K6M69NVPK3G19K.pcm /Users/argus/Programming/pdf-reader/.build/xcode-derived/ModuleCache.noindex/IOSurface-ACL97VDRTLBEYODA2IVDB2K0M.pcm /Users/argus/Programming/pdf-reader/.build/xcode-derived/ModuleCache.noindex/libkern-5FTCU7B82EDG091I8GQ6PFLG9.pcm /Users/argus/Programming/pdf-reader/.build/xcode-derived/ModuleCache.noindex/_Builtin_stddef-64ZAU6GUQZL4XSJRWGRRZH5BA.pcm /Users/argus/Programming/pdf-reader/.build/xcode-derived/ModuleCache.noindex/ImageIO-DTMWTW5LQZHT83F0ZKJHMC7R8.pcm /Users/argus/Programming/pdf-reader/.build/xcode-derived/ModuleCache.noindex/_Builtin_limits-7C4R801HPBCD2XWZA0AKPS0NY.pcm /Users/argus/Programming/pdf-reader/.build/xcode-derived/ModuleCache.noindex/os_workgroup-5EFTDUPJG45EHXZUU67WC3O2C.pcm /Users/argus/Programming/pdf-reader/.build/xcode-derived/ModuleCache.noindex/CoreFoundation-46D220WV8B0MHFGEABNF3UA2O.pcm /Users/argus/Programming/pdf-reader/.build/xcode-derived/ModuleCache.noindex/XPC-881SFFIOPV4NLVTA3ZQ498QXP.pcm /Users/argus/Programming/pdf-reader/.build/xcode-derived/ModuleCache.noindex/OpenGL-K7DUF13VKITS644XP0FVT1ME.pcm /Users/argus/Programming/pdf-reader/.build/xcode-derived/ModuleCache.noindex/_Builtin_stdatomic-6YLVM9EZJOOJHWQFN1A8ZTWHH.pcm /Users/argus/Programming/pdf-reader/.build/xcode-derived/ModuleCache.noindex/_SwiftConcurrencyShims-91A3T8UWZ1621L4UUC7QCXPY4.pcm /Users/argus/Programming/pdf-reader/.build/xcode-derived/ModuleCache.noindex/SwiftUICore-5DR0A2V3546BEFOCRLHRL2MWR.pcm /Users/argus/Programming/pdf-reader/.build/xcode-derived/ModuleCache.noindex/ptrauth-DUP42YZHSOAFPQ33GHCDOFJ8G.pcm /Users/argus/Programming/pdf-reader/.build/xcode-derived/ModuleCache.noindex/ptrcheck-3DNHPFI6GAHOKNX3VEF4ZS4O.pcm /Users/argus/Programming/pdf-reader/.build/xcode-derived/ModuleCache.noindex/MachO-9NQ30RM1ZRYZNCSMWISRCBDHP.pcm /Users/argus/Programming/pdf-reader/.build/xcode-derived/ModuleCache.noindex/OSLog-E714OCDJVEZ8T6J2WZXOYXZC2.pcm /Users/argus/Programming/pdf-reader/.build/xcode-derived/ModuleCache.noindex/DiskArbitration-C1C264QKU8Y9YV792AEAEO60N.pcm /Users/argus/Programming/pdf-reader/.build/xcode-derived/ModuleCache.noindex/Security-CFCLJIN3SZEJBE3KB5PVWNT12.pcm /Users/argus/Programming/pdf-reader/.build/xcode-derived/ModuleCache.noindex/_Builtin_inttypes-2FXDXB0AKGLEFPLR0SM8BWL6I.pcm /Users/argus/Programming/pdf-reader/.build/xcode-derived/ModuleCache.noindex/CoreServices-1O7PMSTUCV8KDJV2HI9YV2EHG.pcm /Users/argus/Programming/pdf-reader/.build/xcode-derived/ModuleCache.noindex/Foundation-87GE24Z89ND97AQBVLAJ7153.pcm /Users/argus/Programming/pdf-reader/.build/xcode-derived/ModuleCache.noindex/CoreImage-2P9NT43UUYAMLQPF213MAXY5H.pcm /Users/argus/Programming/pdf-reader/.build/xcode-derived/ModuleCache.noindex/sys_types-2I765WXGUCRSTNWX2HBNDTCD8.pcm /Users/argus/Programming/pdf-reader/.build/xcode-derived/ModuleCache.noindex/DeveloperToolsSupport-9EKCEVDJ70IW5SS4VERT5C97Z.pcm /Users/argus/Programming/pdf-reader/.build/xcode-derived/ModuleCache.noindex/Symbols-1R0BE3U8W0XRPEBQR12SQVY7Q.pcm /Users/argus/Programming/pdf-reader/.build/xcode-derived/Build/Intermediates.noindex/PDFReader.build/Release/PDFReaderApp.build/Objects-normal/x86_64/PDFReaderApp-dependencies-1.json (in target 'PDFReaderApp' from project 'PDFReader')
CompileSwift normal x86_64 (in target 'PDFReaderApp' from project 'PDFReader')
    cd /Users/argus/Programming/pdf-reader
    

SwiftDriver\ Compilation PDFReaderApp normal x86_64 com.apple.xcode.tools.swift.compiler (in target 'PDFReaderApp' from project 'PDFReader')
    cd /Users/argus/Programming/pdf-reader
    builtin-Swift-Compilation -- /Applications/Xcode.app/Contents/Developer/Toolchains/XcodeDefault.xctoolchain/usr/bin/swiftc -module-name PDFReaderApp -O -whole-module-optimization @/Users/argus/Programming/pdf-reader/.build/xcode-derived/Build/Intermediates.noindex/PDFReader.build/Release/PDFReaderApp.build/Objects-normal/x86_64/PDFReader.SwiftFileList -enable-experimental-feature DebugDescriptionMacro -sdk /Applications/Xcode.app/Contents/Developer/Platforms/MacOSX.platform/Developer/SDKs/MacOSX26.5.sdk -target x86_64-apple-macos14.0 -g -module-cache-path /Users/argus/Programming/pdf-reader/.build/xcode-derived/ModuleCache.noindex -Xfrontend -serialize-debugging-options -swift-version 6 -I /Users/argus/Programming/pdf-reader/.build/xcode-derived/Build/Products/Release -F /Users/argus/Programming/pdf-reader/.build/xcode-derived/Build/Products/Release/PackageFrameworks -F /Users/argus/Programming/pdf-reader/.build/xcode-derived/Build/Products/Release -c -num-threads 10 -Xcc -ivfsstatcache -Xcc /Users/argus/Programming/pdf-reader/.build/xcode-derived/SDKStatCaches.noindex/macosx26.5-25F70-e082c4a02f00227109f4ed75e425c832.sdkstatcache -output-file-map /Users/argus/Programming/pdf-reader/.build/xcode-derived/Build/Intermediates.noindex/PDFReader.build/Release/PDFReaderApp.build/Objects-normal/x86_64/PDFReaderApp-OutputFileMap.json -use-frontend-parseable-output -save-temps -no-color-diagnostics -explicit-module-build -module-cache-path /Users/argus/Programming/pdf-reader/.build/xcode-derived/Build/Intermediates.noindex/SwiftExplicitPrecompiledModules -clang-scanner-module-cache-path /Users/argus/Programming/pdf-reader/.build/xcode-derived/ModuleCache.noindex -sdk-module-cache-path /Users/argus/Programming/pdf-reader/.build/xcode-derived/ModuleCache.noindex -serialize-diagnostics -emit-dependencies -emit-module -emit-module-path /Users/argus/Programming/pdf-reader/.build/xcode-derived/Build/Intermediates.noindex/PDFReader.build/Release/PDFReaderApp.build/Objects-normal/x86_64/PDFReaderApp.swiftmodule -validate-clang-modules-once -clang-build-session-file /Users/argus/Programming/pdf-reader/.build/xcode-derived/ModuleCache.noindex/Session.modulevalidation -Xcc -I/Users/argus/Programming/pdf-reader/.build/xcode-derived/Build/Intermediates.noindex/PDFReader.build/Release/PDFReaderApp.build/swift-overrides.hmap -emit-const-values -Xfrontend -const-gather-protocols-file -Xfrontend /Users/argus/Programming/pdf-reader/.build/xcode-derived/Build/Intermediates.noindex/PDFReader.build/Release/PDFReaderApp.build/Objects-normal/x86_64/PDFReaderApp_const_extract_protocols.json -Xcc -iquote -Xcc /Users/argus/Programming/pdf-reader/.build/xcode-derived/Build/Intermediates.noindex/PDFReader.build/Release/PDFReaderApp.build/PDFReader-generated-files.hmap -Xcc -I/Users/argus/Programming/pdf-reader/.build/xcode-derived/Build/Intermediates.noindex/PDFReader.build/Release/PDFReaderApp.build/PDFReader-own-target-headers.hmap -Xcc -I/Users/argus/Programming/pdf-reader/.build/xcode-derived/Build/Intermediates.noindex/PDFReader.build/Release/PDFReaderApp.build/PDFReader-all-non-framework-target-headers.hmap -Xcc -ivfsoverlay -Xcc /Users/argus/Programming/pdf-reader/.build/xcode-derived/Build/Intermediates.noindex/PDFReader.build/Release/PDFReader-5ed3f8c2d107e937755ff9345addb7ff-VFS/all-product-headers.yaml -Xcc -iquote -Xcc /Users/argus/Programming/pdf-reader/.build/xcode-derived/Build/Intermediates.noindex/PDFReader.build/Release/PDFReaderApp.build/PDFReader-project-headers.hmap -Xcc -I/Users/argus/Programming/pdf-reader/.build/xcode-derived/Build/Products/Release/include -Xcc -I/Users/argus/Programming/pdf-reader/.build/xcode-derived/Build/Intermediates.noindex/PDFReader.build/Release/PDFReaderApp.build/DerivedSources-normal/x86_64 -Xcc -I/Users/argus/Programming/pdf-reader/.build/xcode-derived/Build/Intermediates.noindex/PDFReader.build/Release/PDFReaderApp.build/DerivedSources/x86_64 -Xcc -I/Users/argus/Programming/pdf-reader/.build/xcode-derived/Build/Intermediates.noindex/PDFReader.build/Release/PDFReaderApp.build/DerivedSources -emit-objc-header -emit-objc-header-path /Users/argus/Programming/pdf-reader/.build/xcode-derived/Build/Intermediates.noindex/PDFReader.build/Release/PDFReaderApp.build/Objects-normal/x86_64/PDFReaderApp-Swift.h -working-directory /Users/argus/Programming/pdf-reader -no-emit-module-separately-wmo

RegisterExecutionPolicyException /Users/argus/Programming/pdf-reader/.build/xcode-derived/Build/Products/Release/PDFReaderCore.framework (in target 'PDFReaderCore' from project 'PDFReader')
    cd /Users/argus/Programming/pdf-reader
    builtin-RegisterExecutionPolicyException /Users/argus/Programming/pdf-reader/.build/xcode-derived/Build/Products/Release/PDFReaderCore.framework

Touch /Users/argus/Programming/pdf-reader/.build/xcode-derived/Build/Products/Release/PDFReaderCore.framework (in target 'PDFReaderCore' from project 'PDFReader')
    cd /Users/argus/Programming/pdf-reader
    /usr/bin/touch -c /Users/argus/Programming/pdf-reader/.build/xcode-derived/Build/Products/Release/PDFReaderCore.framework

SymLink /Users/argus/Programming/pdf-reader/.build/xcode-derived/Build/Intermediates.noindex/EagerLinkingTBDs/Release/PDFReaderCore.framework/PDFReaderCore.tbd /Users/argus/Programming/pdf-reader/.build/xcode-derived/Build/Intermediates.noindex/EagerLinkingTBDs/Release/PDFReaderCore.framework/Versions/A/PDFReaderCore.tbd (in target 'PDFReaderCore' from project 'PDFReader')
    cd /Users/argus/Programming/pdf-reader
    /bin/ln -sfh /Users/argus/Programming/pdf-reader/.build/xcode-derived/Build/Intermediates.noindex/EagerLinkingTBDs/Release/PDFReaderCore.framework/Versions/A/PDFReaderCore.tbd /Users/argus/Programming/pdf-reader/.build/xcode-derived/Build/Intermediates.noindex/EagerLinkingTBDs/Release/PDFReaderCore.framework/PDFReaderCore.tbd

CpResource /Users/argus/Programming/pdf-reader/.build/xcode-derived/Build/Products/Release/PDFReader.app/Contents/Resources/DefaultConfig.toml /Users/argus/Programming/pdf-reader/PDFReaderApp/Resources/DefaultConfig.toml (in target 'PDFReaderApp' from project 'PDFReader')
    cd /Users/argus/Programming/pdf-reader
    builtin-copy -exclude .DS_Store -exclude CVS -exclude .svn -exclude .git -exclude .hg -resolve-src-symlinks /Users/argus/Programming/pdf-reader/PDFReaderApp/Resources/DefaultConfig.toml /Users/argus/Programming/pdf-reader/.build/xcode-derived/Build/Products/Release/PDFReader.app/Contents/Resources

SwiftDriverJobDiscovery normal arm64 Compiling ConfigFileSource.swift, ConfigService.swift, TOMLConfigDecoder.swift, AppDelegate.swift (in target 'PDFReaderApp' from project 'PDFReader')

SwiftDriver\ Compilation\ Requirements PDFReaderApp normal arm64 com.apple.xcode.tools.swift.compiler (in target 'PDFReaderApp' from project 'PDFReader')
    cd /Users/argus/Programming/pdf-reader
    builtin-Swift-Compilation-Requirements -- /Applications/Xcode.app/Contents/Developer/Toolchains/XcodeDefault.xctoolchain/usr/bin/swiftc -module-name PDFReaderApp -O -whole-module-optimization @/Users/argus/Programming/pdf-reader/.build/xcode-derived/Build/Intermediates.noindex/PDFReader.build/Release/PDFReaderApp.build/Objects-normal/arm64/PDFReader.SwiftFileList -enable-experimental-feature DebugDescriptionMacro -sdk /Applications/Xcode.app/Contents/Developer/Platforms/MacOSX.platform/Developer/SDKs/MacOSX26.5.sdk -target arm64-apple-macos14.0 -g -module-cache-path /Users/argus/Programming/pdf-reader/.build/xcode-derived/ModuleCache.noindex -Xfrontend -serialize-debugging-options -swift-version 6 -I /Users/argus/Programming/pdf-reader/.build/xcode-derived/Build/Products/Release -F /Users/argus/Programming/pdf-reader/.build/xcode-derived/Build/Products/Release/PackageFrameworks -F /Users/argus/Programming/pdf-reader/.build/xcode-derived/Build/Products/Release -c -num-threads 10 -Xcc -ivfsstatcache -Xcc /Users/argus/Programming/pdf-reader/.build/xcode-derived/SDKStatCaches.noindex/macosx26.5-25F70-e082c4a02f00227109f4ed75e425c832.sdkstatcache -output-file-map /Users/argus/Programming/pdf-reader/.build/xcode-derived/Build/Intermediates.noindex/PDFReader.build/Release/PDFReaderApp.build/Objects-normal/arm64/PDFReaderApp-OutputFileMap.json -use-frontend-parseable-output -save-temps -no-color-diagnostics -explicit-module-build -module-cache-path /Users/argus/Programming/pdf-reader/.build/xcode-derived/Build/Intermediates.noindex/SwiftExplicitPrecompiledModules -clang-scanner-module-cache-path /Users/argus/Programming/pdf-reader/.build/xcode-derived/ModuleCache.noindex -sdk-module-cache-path /Users/argus/Programming/pdf-reader/.build/xcode-derived/ModuleCache.noindex -serialize-diagnostics -emit-dependencies -emit-module -emit-module-path /Users/argus/Programming/pdf-reader/.build/xcode-derived/Build/Intermediates.noindex/PDFReader.build/Release/PDFReaderApp.build/Objects-normal/arm64/PDFReaderApp.swiftmodule -validate-clang-modules-once -clang-build-session-file /Users/argus/Programming/pdf-reader/.build/xcode-derived/ModuleCache.noindex/Session.modulevalidation -Xcc -I/Users/argus/Programming/pdf-reader/.build/xcode-derived/Build/Intermediates.noindex/PDFReader.build/Release/PDFReaderApp.build/swift-overrides.hmap -emit-const-values -Xfrontend -const-gather-protocols-file -Xfrontend /Users/argus/Programming/pdf-reader/.build/xcode-derived/Build/Intermediates.noindex/PDFReader.build/Release/PDFReaderApp.build/Objects-normal/arm64/PDFReaderApp_const_extract_protocols.json -Xcc -iquote -Xcc /Users/argus/Programming/pdf-reader/.build/xcode-derived/Build/Intermediates.noindex/PDFReader.build/Release/PDFReaderApp.build/PDFReader-generated-files.hmap -Xcc -I/Users/argus/Programming/pdf-reader/.build/xcode-derived/Build/Intermediates.noindex/PDFReader.build/Release/PDFReaderApp.build/PDFReader-own-target-headers.hmap -Xcc -I/Users/argus/Programming/pdf-reader/.build/xcode-derived/Build/Intermediates.noindex/PDFReader.build/Release/PDFReaderApp.build/PDFReader-all-non-framework-target-headers.hmap -Xcc -ivfsoverlay -Xcc /Users/argus/Programming/pdf-reader/.build/xcode-derived/Build/Intermediates.noindex/PDFReader.build/Release/PDFReader-5ed3f8c2d107e937755ff9345addb7ff-VFS/all-product-headers.yaml -Xcc -iquote -Xcc /Users/argus/Programming/pdf-reader/.build/xcode-derived/Build/Intermediates.noindex/PDFReader.build/Release/PDFReaderApp.build/PDFReader-project-headers.hmap -Xcc -I/Users/argus/Programming/pdf-reader/.build/xcode-derived/Build/Products/Release/include -Xcc -I/Users/argus/Programming/pdf-reader/.build/xcode-derived/Build/Intermediates.noindex/PDFReader.build/Release/PDFReaderApp.build/DerivedSources-normal/arm64 -Xcc -I/Users/argus/Programming/pdf-reader/.build/xcode-derived/Build/Intermediates.noindex/PDFReader.build/Release/PDFReaderApp.build/DerivedSources/arm64 -Xcc -I/Users/argus/Programming/pdf-reader/.build/xcode-derived/Build/Intermediates.noindex/PDFReader.build/Release/PDFReaderApp.build/DerivedSources -emit-objc-header -emit-objc-header-path /Users/argus/Programming/pdf-reader/.build/xcode-derived/Build/Intermediates.noindex/PDFReader.build/Release/PDFReaderApp.build/Objects-normal/arm64/PDFReaderApp-Swift.h -working-directory /Users/argus/Programming/pdf-reader -no-emit-module-separately-wmo

SwiftDriverJobDiscovery normal x86_64 Compiling ConfigFileSource.swift, ConfigService.swift, TOMLConfigDecoder.swift, AppDelegate.swift (in target 'PDFReaderApp' from project 'PDFReader')

SwiftDriver\ Compilation\ Requirements PDFReaderApp normal x86_64 com.apple.xcode.tools.swift.compiler (in target 'PDFReaderApp' from project 'PDFReader')
    cd /Users/argus/Programming/pdf-reader
    builtin-Swift-Compilation-Requirements -- /Applications/Xcode.app/Contents/Developer/Toolchains/XcodeDefault.xctoolchain/usr/bin/swiftc -module-name PDFReaderApp -O -whole-module-optimization @/Users/argus/Programming/pdf-reader/.build/xcode-derived/Build/Intermediates.noindex/PDFReader.build/Release/PDFReaderApp.build/Objects-normal/x86_64/PDFReader.SwiftFileList -enable-experimental-feature DebugDescriptionMacro -sdk /Applications/Xcode.app/Contents/Developer/Platforms/MacOSX.platform/Developer/SDKs/MacOSX26.5.sdk -target x86_64-apple-macos14.0 -g -module-cache-path /Users/argus/Programming/pdf-reader/.build/xcode-derived/ModuleCache.noindex -Xfrontend -serialize-debugging-options -swift-version 6 -I /Users/argus/Programming/pdf-reader/.build/xcode-derived/Build/Products/Release -F /Users/argus/Programming/pdf-reader/.build/xcode-derived/Build/Products/Release/PackageFrameworks -F /Users/argus/Programming/pdf-reader/.build/xcode-derived/Build/Products/Release -c -num-threads 10 -Xcc -ivfsstatcache -Xcc /Users/argus/Programming/pdf-reader/.build/xcode-derived/SDKStatCaches.noindex/macosx26.5-25F70-e082c4a02f00227109f4ed75e425c832.sdkstatcache -output-file-map /Users/argus/Programming/pdf-reader/.build/xcode-derived/Build/Intermediates.noindex/PDFReader.build/Release/PDFReaderApp.build/Objects-normal/x86_64/PDFReaderApp-OutputFileMap.json -use-frontend-parseable-output -save-temps -no-color-diagnostics -explicit-module-build -module-cache-path /Users/argus/Programming/pdf-reader/.build/xcode-derived/Build/Intermediates.noindex/SwiftExplicitPrecompiledModules -clang-scanner-module-cache-path /Users/argus/Programming/pdf-reader/.build/xcode-derived/ModuleCache.noindex -sdk-module-cache-path /Users/argus/Programming/pdf-reader/.build/xcode-derived/ModuleCache.noindex -serialize-diagnostics -emit-dependencies -emit-module -emit-module-path /Users/argus/Programming/pdf-reader/.build/xcode-derived/Build/Intermediates.noindex/PDFReader.build/Release/PDFReaderApp.build/Objects-normal/x86_64/PDFReaderApp.swiftmodule -validate-clang-modules-once -clang-build-session-file /Users/argus/Programming/pdf-reader/.build/xcode-derived/ModuleCache.noindex/Session.modulevalidation -Xcc -I/Users/argus/Programming/pdf-reader/.build/xcode-derived/Build/Intermediates.noindex/PDFReader.build/Release/PDFReaderApp.build/swift-overrides.hmap -emit-const-values -Xfrontend -const-gather-protocols-file -Xfrontend /Users/argus/Programming/pdf-reader/.build/xcode-derived/Build/Intermediates.noindex/PDFReader.build/Release/PDFReaderApp.build/Objects-normal/x86_64/PDFReaderApp_const_extract_protocols.json -Xcc -iquote -Xcc /Users/argus/Programming/pdf-reader/.build/xcode-derived/Build/Intermediates.noindex/PDFReader.build/Release/PDFReaderApp.build/PDFReader-generated-files.hmap -Xcc -I/Users/argus/Programming/pdf-reader/.build/xcode-derived/Build/Intermediates.noindex/PDFReader.build/Release/PDFReaderApp.build/PDFReader-own-target-headers.hmap -Xcc -I/Users/argus/Programming/pdf-reader/.build/xcode-derived/Build/Intermediates.noindex/PDFReader.build/Release/PDFReaderApp.build/PDFReader-all-non-framework-target-headers.hmap -Xcc -ivfsoverlay -Xcc /Users/argus/Programming/pdf-reader/.build/xcode-derived/Build/Intermediates.noindex/PDFReader.build/Release/PDFReader-5ed3f8c2d107e937755ff9345addb7ff-VFS/all-product-headers.yaml -Xcc -iquote -Xcc /Users/argus/Programming/pdf-reader/.build/xcode-derived/Build/Intermediates.noindex/PDFReader.build/Release/PDFReaderApp.build/PDFReader-project-headers.hmap -Xcc -I/Users/argus/Programming/pdf-reader/.build/xcode-derived/Build/Products/Release/include -Xcc -I/Users/argus/Programming/pdf-reader/.build/xcode-derived/Build/Intermediates.noindex/PDFReader.build/Release/PDFReaderApp.build/DerivedSources-normal/x86_64 -Xcc -I/Users/argus/Programming/pdf-reader/.build/xcode-derived/Build/Intermediates.noindex/PDFReader.build/Release/PDFReaderApp.build/DerivedSources/x86_64 -Xcc -I/Users/argus/Programming/pdf-reader/.build/xcode-derived/Build/Intermediates.noindex/PDFReader.build/Release/PDFReaderApp.build/DerivedSources -emit-objc-header -emit-objc-header-path /Users/argus/Programming/pdf-reader/.build/xcode-derived/Build/Intermediates.noindex/PDFReader.build/Release/PDFReaderApp.build/Objects-normal/x86_64/PDFReaderApp-Swift.h -working-directory /Users/argus/Programming/pdf-reader -no-emit-module-separately-wmo

Copy /Users/argus/Programming/pdf-reader/.build/xcode-derived/Build/Products/Release/PDFReaderApp.swiftmodule/arm64-apple-macos.abi.json /Users/argus/Programming/pdf-reader/.build/xcode-derived/Build/Intermediates.noindex/PDFReader.build/Release/PDFReaderApp.build/Objects-normal/arm64/PDFReaderApp.abi.json (in target 'PDFReaderApp' from project 'PDFReader')
    cd /Users/argus/Programming/pdf-reader
    builtin-copy -exclude .DS_Store -exclude CVS -exclude .svn -exclude .git -exclude .hg -resolve-src-symlinks -rename /Users/argus/Programming/pdf-reader/.build/xcode-derived/Build/Intermediates.noindex/PDFReader.build/Release/PDFReaderApp.build/Objects-normal/arm64/PDFReaderApp.abi.json /Users/argus/Programming/pdf-reader/.build/xcode-derived/Build/Products/Release/PDFReaderApp.swiftmodule/arm64-apple-macos.abi.json

Copy /Users/argus/Programming/pdf-reader/.build/xcode-derived/Build/Products/Release/PDFReaderApp.swiftmodule/arm64-apple-macos.swiftdoc /Users/argus/Programming/pdf-reader/.build/xcode-derived/Build/Intermediates.noindex/PDFReader.build/Release/PDFReaderApp.build/Objects-normal/arm64/PDFReaderApp.swiftdoc (in target 'PDFReaderApp' from project 'PDFReader')
    cd /Users/argus/Programming/pdf-reader
    builtin-copy -exclude .DS_Store -exclude CVS -exclude .svn -exclude .git -exclude .hg -resolve-src-symlinks -rename /Users/argus/Programming/pdf-reader/.build/xcode-derived/Build/Intermediates.noindex/PDFReader.build/Release/PDFReaderApp.build/Objects-normal/arm64/PDFReaderApp.swiftdoc /Users/argus/Programming/pdf-reader/.build/xcode-derived/Build/Products/Release/PDFReaderApp.swiftmodule/arm64-apple-macos.swiftdoc

Copy /Users/argus/Programming/pdf-reader/.build/xcode-derived/Build/Products/Release/PDFReaderApp.swiftmodule/arm64-apple-macos.swiftmodule /Users/argus/Programming/pdf-reader/.build/xcode-derived/Build/Intermediates.noindex/PDFReader.build/Release/PDFReaderApp.build/Objects-normal/arm64/PDFReaderApp.swiftmodule (in target 'PDFReaderApp' from project 'PDFReader')
    cd /Users/argus/Programming/pdf-reader
    builtin-copy -exclude .DS_Store -exclude CVS -exclude .svn -exclude .git -exclude .hg -resolve-src-symlinks -rename /Users/argus/Programming/pdf-reader/.build/xcode-derived/Build/Intermediates.noindex/PDFReader.build/Release/PDFReaderApp.build/Objects-normal/arm64/PDFReaderApp.swiftmodule /Users/argus/Programming/pdf-reader/.build/xcode-derived/Build/Products/Release/PDFReaderApp.swiftmodule/arm64-apple-macos.swiftmodule

Copy /Users/argus/Programming/pdf-reader/.build/xcode-derived/Build/Products/Release/PDFReaderApp.swiftmodule/Project/arm64-apple-macos.swiftsourceinfo /Users/argus/Programming/pdf-reader/.build/xcode-derived/Build/Intermediates.noindex/PDFReader.build/Release/PDFReaderApp.build/Objects-normal/arm64/PDFReaderApp.swiftsourceinfo (in target 'PDFReaderApp' from project 'PDFReader')
    cd /Users/argus/Programming/pdf-reader
    builtin-copy -exclude .DS_Store -exclude CVS -exclude .svn -exclude .git -exclude .hg -resolve-src-symlinks -rename /Users/argus/Programming/pdf-reader/.build/xcode-derived/Build/Intermediates.noindex/PDFReader.build/Release/PDFReaderApp.build/Objects-normal/arm64/PDFReaderApp.swiftsourceinfo /Users/argus/Programming/pdf-reader/.build/xcode-derived/Build/Products/Release/PDFReaderApp.swiftmodule/Project/arm64-apple-macos.swiftsourceinfo

Copy /Users/argus/Programming/pdf-reader/.build/xcode-derived/Build/Products/Release/PDFReaderApp.swiftmodule/x86_64-apple-macos.abi.json /Users/argus/Programming/pdf-reader/.build/xcode-derived/Build/Intermediates.noindex/PDFReader.build/Release/PDFReaderApp.build/Objects-normal/x86_64/PDFReaderApp.abi.json (in target 'PDFReaderApp' from project 'PDFReader')
    cd /Users/argus/Programming/pdf-reader
    builtin-copy -exclude .DS_Store -exclude CVS -exclude .svn -exclude .git -exclude .hg -resolve-src-symlinks -rename /Users/argus/Programming/pdf-reader/.build/xcode-derived/Build/Intermediates.noindex/PDFReader.build/Release/PDFReaderApp.build/Objects-normal/x86_64/PDFReaderApp.abi.json /Users/argus/Programming/pdf-reader/.build/xcode-derived/Build/Products/Release/PDFReaderApp.swiftmodule/x86_64-apple-macos.abi.json

Copy /Users/argus/Programming/pdf-reader/.build/xcode-derived/Build/Products/Release/PDFReaderApp.swiftmodule/x86_64-apple-macos.swiftdoc /Users/argus/Programming/pdf-reader/.build/xcode-derived/Build/Intermediates.noindex/PDFReader.build/Release/PDFReaderApp.build/Objects-normal/x86_64/PDFReaderApp.swiftdoc (in target 'PDFReaderApp' from project 'PDFReader')
    cd /Users/argus/Programming/pdf-reader
    builtin-copy -exclude .DS_Store -exclude CVS -exclude .svn -exclude .git -exclude .hg -resolve-src-symlinks -rename /Users/argus/Programming/pdf-reader/.build/xcode-derived/Build/Intermediates.noindex/PDFReader.build/Release/PDFReaderApp.build/Objects-normal/x86_64/PDFReaderApp.swiftdoc /Users/argus/Programming/pdf-reader/.build/xcode-derived/Build/Products/Release/PDFReaderApp.swiftmodule/x86_64-apple-macos.swiftdoc

SwiftMergeGeneratedHeaders /Users/argus/Programming/pdf-reader/.build/xcode-derived/Build/Intermediates.noindex/PDFReader.build/Release/PDFReaderApp.build/DerivedSources/PDFReaderApp-Swift.h /Users/argus/Programming/pdf-reader/.build/xcode-derived/Build/Intermediates.noindex/PDFReader.build/Release/PDFReaderApp.build/Objects-normal/arm64/PDFReaderApp-Swift.h /Users/argus/Programming/pdf-reader/.build/xcode-derived/Build/Intermediates.noindex/PDFReader.build/Release/PDFReaderApp.build/Objects-normal/x86_64/PDFReaderApp-Swift.h (in target 'PDFReaderApp' from project 'PDFReader')
    cd /Users/argus/Programming/pdf-reader
    builtin-swiftHeaderTool -arch arm64 /Users/argus/Programming/pdf-reader/.build/xcode-derived/Build/Intermediates.noindex/PDFReader.build/Release/PDFReaderApp.build/Objects-normal/arm64/PDFReaderApp-Swift.h -arch x86_64 /Users/argus/Programming/pdf-reader/.build/xcode-derived/Build/Intermediates.noindex/PDFReader.build/Release/PDFReaderApp.build/Objects-normal/x86_64/PDFReaderApp-Swift.h -o /Users/argus/Programming/pdf-reader/.build/xcode-derived/Build/Intermediates.noindex/PDFReader.build/Release/PDFReaderApp.build/DerivedSources/PDFReaderApp-Swift.h

Copy /Users/argus/Programming/pdf-reader/.build/xcode-derived/Build/Products/Release/PDFReaderApp.swiftmodule/Project/x86_64-apple-macos.swiftsourceinfo /Users/argus/Programming/pdf-reader/.build/xcode-derived/Build/Intermediates.noindex/PDFReader.build/Release/PDFReaderApp.build/Objects-normal/x86_64/PDFReaderApp.swiftsourceinfo (in target 'PDFReaderApp' from project 'PDFReader')
    cd /Users/argus/Programming/pdf-reader
    builtin-copy -exclude .DS_Store -exclude CVS -exclude .svn -exclude .git -exclude .hg -resolve-src-symlinks -rename /Users/argus/Programming/pdf-reader/.build/xcode-derived/Build/Intermediates.noindex/PDFReader.build/Release/PDFReaderApp.build/Objects-normal/x86_64/PDFReaderApp.swiftsourceinfo /Users/argus/Programming/pdf-reader/.build/xcode-derived/Build/Products/Release/PDFReaderApp.swiftmodule/Project/x86_64-apple-macos.swiftsourceinfo

Copy /Users/argus/Programming/pdf-reader/.build/xcode-derived/Build/Products/Release/PDFReaderApp.swiftmodule/x86_64-apple-macos.swiftmodule /Users/argus/Programming/pdf-reader/.build/xcode-derived/Build/Intermediates.noindex/PDFReader.build/Release/PDFReaderApp.build/Objects-normal/x86_64/PDFReaderApp.swiftmodule (in target 'PDFReaderApp' from project 'PDFReader')
    cd /Users/argus/Programming/pdf-reader
    builtin-copy -exclude .DS_Store -exclude CVS -exclude .svn -exclude .git -exclude .hg -resolve-src-symlinks -rename /Users/argus/Programming/pdf-reader/.build/xcode-derived/Build/Intermediates.noindex/PDFReader.build/Release/PDFReaderApp.build/Objects-normal/x86_64/PDFReaderApp.swiftmodule /Users/argus/Programming/pdf-reader/.build/xcode-derived/Build/Products/Release/PDFReaderApp.swiftmodule/x86_64-apple-macos.swiftmodule

Ld /Users/argus/Programming/pdf-reader/.build/xcode-derived/Build/Intermediates.noindex/PDFReader.build/Release/PDFReaderApp.build/Objects-normal/x86_64/Binary/PDFReader normal x86_64 (in target 'PDFReaderApp' from project 'PDFReader')
    cd /Users/argus/Programming/pdf-reader
    /Applications/Xcode.app/Contents/Developer/Toolchains/XcodeDefault.xctoolchain/usr/bin/clang -Xlinker -reproducible -target x86_64-apple-macos14.0 -isysroot /Applications/Xcode.app/Contents/Developer/Platforms/MacOSX.platform/Developer/SDKs/MacOSX26.5.sdk -Os -L/Users/argus/Programming/pdf-reader/.build/xcode-derived/Build/Intermediates.noindex/EagerLinkingTBDs/Release -L/Users/argus/Programming/pdf-reader/.build/xcode-derived/Build/Products/Release -F/Users/argus/Programming/pdf-reader/.build/xcode-derived/Build/Intermediates.noindex/EagerLinkingTBDs/Release -F/Users/argus/Programming/pdf-reader/.build/xcode-derived/Build/Products/Release/PackageFrameworks -F/Users/argus/Programming/pdf-reader/.build/xcode-derived/Build/Products/Release -filelist /Users/argus/Programming/pdf-reader/.build/xcode-derived/Build/Intermediates.noindex/PDFReader.build/Release/PDFReaderApp.build/Objects-normal/x86_64/PDFReader.LinkFileList -Xlinker -rpath -Xlinker /usr/lib/swift -Xlinker -rpath -Xlinker @executable_path/../Frameworks -Xlinker -object_path_lto -Xlinker /Users/argus/Programming/pdf-reader/.build/xcode-derived/Build/Intermediates.noindex/PDFReader.build/Release/PDFReaderApp.build/Objects-normal/x86_64/PDFReader_lto.o -Xlinker -dependency_info -Xlinker /Users/argus/Programming/pdf-reader/.build/xcode-derived/Build/Intermediates.noindex/PDFReader.build/Release/PDFReaderApp.build/Objects-normal/x86_64/PDFReader_dependency_info.dat -fobjc-link-runtime -L/Applications/Xcode.app/Contents/Developer/Toolchains/XcodeDefault.xctoolchain/usr/lib/swift/macosx -L/usr/lib/swift -Xlinker -add_ast_path -Xlinker /Users/argus/Programming/pdf-reader/.build/xcode-derived/Build/Intermediates.noindex/PDFReader.build/Release/PDFReaderApp.build/Objects-normal/x86_64/PDFReaderApp.swiftmodule @/Users/argus/Programming/pdf-reader/.build/xcode-derived/Build/Intermediates.noindex/PDFReader.build/Release/PDFReaderApp.build/Objects-normal/x86_64/PDFReaderApp-linker-args.resp -Wl,-no_warn_duplicate_libraries -framework PDFReaderCore -o /Users/argus/Programming/pdf-reader/.build/xcode-derived/Build/Intermediates.noindex/PDFReader.build/Release/PDFReaderApp.build/Objects-normal/x86_64/Binary/PDFReader -Xlinker -add_ast_path -Xlinker /Users/argus/Programming/pdf-reader/.build/xcode-derived/Build/Intermediates.noindex/TOMLDecoder.build/Release/TOMLDecoder.build/Objects-normal/x86_64/TOMLDecoder.swiftmodule @/Users/argus/Programming/pdf-reader/.build/xcode-derived/Build/Intermediates.noindex/TOMLDecoder.build/Release/TOMLDecoder.build/Objects-normal/x86_64/TOMLDecoder-linker-args.resp

Ld /Users/argus/Programming/pdf-reader/.build/xcode-derived/Build/Intermediates.noindex/PDFReader.build/Release/PDFReaderApp.build/Objects-normal/arm64/Binary/PDFReader normal arm64 (in target 'PDFReaderApp' from project 'PDFReader')
    cd /Users/argus/Programming/pdf-reader
    /Applications/Xcode.app/Contents/Developer/Toolchains/XcodeDefault.xctoolchain/usr/bin/clang -Xlinker -reproducible -target arm64-apple-macos14.0 -isysroot /Applications/Xcode.app/Contents/Developer/Platforms/MacOSX.platform/Developer/SDKs/MacOSX26.5.sdk -Os -L/Users/argus/Programming/pdf-reader/.build/xcode-derived/Build/Intermediates.noindex/EagerLinkingTBDs/Release -L/Users/argus/Programming/pdf-reader/.build/xcode-derived/Build/Products/Release -F/Users/argus/Programming/pdf-reader/.build/xcode-derived/Build/Intermediates.noindex/EagerLinkingTBDs/Release -F/Users/argus/Programming/pdf-reader/.build/xcode-derived/Build/Products/Release/PackageFrameworks -F/Users/argus/Programming/pdf-reader/.build/xcode-derived/Build/Products/Release -filelist /Users/argus/Programming/pdf-reader/.build/xcode-derived/Build/Intermediates.noindex/PDFReader.build/Release/PDFReaderApp.build/Objects-normal/arm64/PDFReader.LinkFileList -Xlinker -rpath -Xlinker /usr/lib/swift -Xlinker -rpath -Xlinker @executable_path/../Frameworks -Xlinker -object_path_lto -Xlinker /Users/argus/Programming/pdf-reader/.build/xcode-derived/Build/Intermediates.noindex/PDFReader.build/Release/PDFReaderApp.build/Objects-normal/arm64/PDFReader_lto.o -Xlinker -dependency_info -Xlinker /Users/argus/Programming/pdf-reader/.build/xcode-derived/Build/Intermediates.noindex/PDFReader.build/Release/PDFReaderApp.build/Objects-normal/arm64/PDFReader_dependency_info.dat -fobjc-link-runtime -L/Applications/Xcode.app/Contents/Developer/Toolchains/XcodeDefault.xctoolchain/usr/lib/swift/macosx -L/usr/lib/swift -Xlinker -add_ast_path -Xlinker /Users/argus/Programming/pdf-reader/.build/xcode-derived/Build/Intermediates.noindex/PDFReader.build/Release/PDFReaderApp.build/Objects-normal/arm64/PDFReaderApp.swiftmodule @/Users/argus/Programming/pdf-reader/.build/xcode-derived/Build/Intermediates.noindex/PDFReader.build/Release/PDFReaderApp.build/Objects-normal/arm64/PDFReaderApp-linker-args.resp -Wl,-no_warn_duplicate_libraries -framework PDFReaderCore -o /Users/argus/Programming/pdf-reader/.build/xcode-derived/Build/Intermediates.noindex/PDFReader.build/Release/PDFReaderApp.build/Objects-normal/arm64/Binary/PDFReader -Xlinker -add_ast_path -Xlinker /Users/argus/Programming/pdf-reader/.build/xcode-derived/Build/Intermediates.noindex/TOMLDecoder.build/Release/TOMLDecoder.build/Objects-normal/arm64/TOMLDecoder.swiftmodule @/Users/argus/Programming/pdf-reader/.build/xcode-derived/Build/Intermediates.noindex/TOMLDecoder.build/Release/TOMLDecoder.build/Objects-normal/arm64/TOMLDecoder-linker-args.resp

CreateUniversalBinary /Users/argus/Programming/pdf-reader/.build/xcode-derived/Build/Products/Release/PDFReader.app/Contents/MacOS/PDFReader normal arm64\ x86_64 (in target 'PDFReaderApp' from project 'PDFReader')
    cd /Users/argus/Programming/pdf-reader
    /Applications/Xcode.app/Contents/Developer/Toolchains/XcodeDefault.xctoolchain/usr/bin/lipo -create /Users/argus/Programming/pdf-reader/.build/xcode-derived/Build/Intermediates.noindex/PDFReader.build/Release/PDFReaderApp.build/Objects-normal/arm64/Binary/PDFReader /Users/argus/Programming/pdf-reader/.build/xcode-derived/Build/Intermediates.noindex/PDFReader.build/Release/PDFReaderApp.build/Objects-normal/x86_64/Binary/PDFReader -output /Users/argus/Programming/pdf-reader/.build/xcode-derived/Build/Products/Release/PDFReader.app/Contents/MacOS/PDFReader

Copy /Users/argus/Programming/pdf-reader/.build/xcode-derived/Build/Products/Release/PDFReader.app/Contents/Frameworks/PDFReaderCore.framework /Users/argus/Programming/pdf-reader/.build/xcode-derived/Build/Products/Release/PDFReaderCore.framework (in target 'PDFReaderApp' from project 'PDFReader')
    cd /Users/argus/Programming/pdf-reader
    builtin-copy -exclude .DS_Store -exclude CVS -exclude .svn -exclude .git -exclude .hg -exclude Headers -exclude PrivateHeaders -exclude Modules -exclude \*.tbd -resolve-src-symlinks -remove-static-executable /Users/argus/Programming/pdf-reader/.build/xcode-derived/Build/Products/Release/PDFReaderCore.framework /Users/argus/Programming/pdf-reader/.build/xcode-derived/Build/Products/Release/PDFReader.app/Contents/Frameworks

ProcessInfoPlistFile /Users/argus/Programming/pdf-reader/.build/xcode-derived/Build/Products/Release/PDFReader.app/Contents/Info.plist /Users/argus/Programming/pdf-reader/.build/xcode-derived/Build/Intermediates.noindex/PDFReader.build/Release/PDFReaderApp.build/empty-PDFReader.plist (in target 'PDFReaderApp' from project 'PDFReader')
    cd /Users/argus/Programming/pdf-reader
    builtin-infoPlistUtility /Users/argus/Programming/pdf-reader/.build/xcode-derived/Build/Intermediates.noindex/PDFReader.build/Release/PDFReaderApp.build/empty-PDFReader.plist -producttype com.apple.product-type.application -genpkginfo /Users/argus/Programming/pdf-reader/.build/xcode-derived/Build/Products/Release/PDFReader.app/Contents/PkgInfo -expandbuildsettings -platform macosx -scanforprivacyfile /Users/argus/Programming/pdf-reader/.build/xcode-derived/Build/Products/Release/PDFReader.app/Contents/Frameworks/PDFReaderCore.framework -o /Users/argus/Programming/pdf-reader/.build/xcode-derived/Build/Products/Release/PDFReader.app/Contents/Info.plist

CopySwiftLibs /Users/argus/Programming/pdf-reader/.build/xcode-derived/Build/Products/Release/PDFReader.app (in target 'PDFReaderApp' from project 'PDFReader')
    cd /Users/argus/Programming/pdf-reader
    builtin-swiftStdLibTool --copy --verbose --scan-executable /Users/argus/Programming/pdf-reader/.build/xcode-derived/Build/Products/Release/PDFReader.app/Contents/MacOS/PDFReader --scan-folder /Users/argus/Programming/pdf-reader/.build/xcode-derived/Build/Products/Release/PDFReader.app/Contents/Frameworks --scan-folder /Users/argus/Programming/pdf-reader/.build/xcode-derived/Build/Products/Release/PDFReader.app/Contents/PlugIns --scan-folder /Users/argus/Programming/pdf-reader/.build/xcode-derived/Build/Products/Release/PDFReader.app/Contents/Library/SystemExtensions --scan-folder /Users/argus/Programming/pdf-reader/.build/xcode-derived/Build/Products/Release/PDFReader.app/Contents/Extensions --scan-folder /Users/argus/Programming/pdf-reader/.build/xcode-derived/Build/Products/Release/PDFReaderCore.framework --platform macosx --toolchain /Applications/Xcode.app/Contents/Developer/Toolchains/XcodeDefault.xctoolchain --destination /Users/argus/Programming/pdf-reader/.build/xcode-derived/Build/Products/Release/PDFReader.app/Contents/Frameworks --strip-bitcode --strip-bitcode-tool /Applications/Xcode.app/Contents/Developer/Toolchains/XcodeDefault.xctoolchain/usr/bin/bitcode_strip --emit-dependency-info /Users/argus/Programming/pdf-reader/.build/xcode-derived/Build/Intermediates.noindex/PDFReader.build/Release/PDFReaderApp.build/SwiftStdLibToolInputDependencies.dep --filter-for-swift-os --back-deploy-swift-span
Ignoring --strip-bitcode because --sign was not passed

ExtractAppIntentsMetadata (in target 'PDFReaderApp' from project 'PDFReader')
    cd /Users/argus/Programming/pdf-reader
    /Applications/Xcode.app/Contents/Developer/Toolchains/XcodeDefault.xctoolchain/usr/bin/appintentsmetadataprocessor --toolchain-dir /Applications/Xcode.app/Contents/Developer/Toolchains/XcodeDefault.xctoolchain --module-name PDFReaderApp --sdk-root /Applications/Xcode.app/Contents/Developer/Platforms/MacOSX.platform/Developer/SDKs/MacOSX26.5.sdk --xcode-version 17F113 --platform-family macOS --deployment-target 14.0 --bundle-identifier com.argus.pdfreader --output /Users/argus/Programming/pdf-reader/.build/xcode-derived/Build/Products/Release/PDFReader.app/Contents/Resources --target-triple arm64-apple-macos14.0 --target-triple x86_64-apple-macos14.0 --binary-file /Users/argus/Programming/pdf-reader/.build/xcode-derived/Build/Products/Release/PDFReader.app/Contents/MacOS/PDFReader --dependency-file /Users/argus/Programming/pdf-reader/.build/xcode-derived/Build/Intermediates.noindex/PDFReader.build/Release/PDFReaderApp.build/Objects-normal/arm64/PDFReader_dependency_info.dat --dependency-file /Users/argus/Programming/pdf-reader/.build/xcode-derived/Build/Intermediates.noindex/PDFReader.build/Release/PDFReaderApp.build/Objects-normal/x86_64/PDFReader_dependency_info.dat --stringsdata-file /Users/argus/Programming/pdf-reader/.build/xcode-derived/Build/Intermediates.noindex/PDFReader.build/Release/PDFReaderApp.build/Objects-normal/arm64/ExtractedAppShortcutsMetadata.stringsdata --stringsdata-file /Users/argus/Programming/pdf-reader/.build/xcode-derived/Build/Intermediates.noindex/PDFReader.build/Release/PDFReaderApp.build/Objects-normal/x86_64/ExtractedAppShortcutsMetadata.stringsdata --source-file-list /Users/argus/Programming/pdf-reader/.build/xcode-derived/Build/Intermediates.noindex/PDFReader.build/Release/PDFReaderApp.build/Objects-normal/arm64/PDFReader.SwiftFileList --source-file-list /Users/argus/Programming/pdf-reader/.build/xcode-derived/Build/Intermediates.noindex/PDFReader.build/Release/PDFReaderApp.build/Objects-normal/x86_64/PDFReader.SwiftFileList --metadata-file-list /Users/argus/Programming/pdf-reader/.build/xcode-derived/Build/Intermediates.noindex/PDFReader.build/Release/PDFReaderApp.build/PDFReader.DependencyMetadataFileList --static-metadata-file-list /Users/argus/Programming/pdf-reader/.build/xcode-derived/Build/Intermediates.noindex/PDFReader.build/Release/PDFReaderApp.build/PDFReader.DependencyStaticMetadataFileList --swift-const-vals-list /Users/argus/Programming/pdf-reader/.build/xcode-derived/Build/Intermediates.noindex/PDFReader.build/Release/PDFReaderApp.build/Objects-normal/arm64/PDFReader.SwiftConstValuesFileList --swift-const-vals-list /Users/argus/Programming/pdf-reader/.build/xcode-derived/Build/Intermediates.noindex/PDFReader.build/Release/PDFReaderApp.build/Objects-normal/x86_64/PDFReader.SwiftConstValuesFileList --compile-time-extraction --deployment-aware-processing --validate-assistant-intents --no-app-shortcuts-localization
2026-07-22 13:47:02.601 appintentsmetadataprocessor[60954:280255665] Starting appintentsmetadataprocessor export
2026-07-22 13:47:02.604 appintentsmetadataprocessor[60954:280255665] warning: Metadata extraction skipped. No AppIntents.framework dependency found.

GenerateDSYMFile /Users/argus/Programming/pdf-reader/.build/xcode-derived/Build/Products/Release/PDFReader.app.dSYM /Users/argus/Programming/pdf-reader/.build/xcode-derived/Build/Products/Release/PDFReader.app/Contents/MacOS/PDFReader (in target 'PDFReaderApp' from project 'PDFReader')
    cd /Users/argus/Programming/pdf-reader
    /Applications/Xcode.app/Contents/Developer/Toolchains/XcodeDefault.xctoolchain/usr/bin/dsymutil /Users/argus/Programming/pdf-reader/.build/xcode-derived/Build/Products/Release/PDFReader.app/Contents/MacOS/PDFReader -o /Users/argus/Programming/pdf-reader/.build/xcode-derived/Build/Products/Release/PDFReader.app.dSYM

RegisterExecutionPolicyException /Users/argus/Programming/pdf-reader/.build/xcode-derived/Build/Products/Release/PDFReader.app (in target 'PDFReaderApp' from project 'PDFReader')
    cd /Users/argus/Programming/pdf-reader
    builtin-RegisterExecutionPolicyException /Users/argus/Programming/pdf-reader/.build/xcode-derived/Build/Products/Release/PDFReader.app

Validate /Users/argus/Programming/pdf-reader/.build/xcode-derived/Build/Products/Release/PDFReader.app (in target 'PDFReaderApp' from project 'PDFReader')
    cd /Users/argus/Programming/pdf-reader
    builtin-validationUtility /Users/argus/Programming/pdf-reader/.build/xcode-derived/Build/Products/Release/PDFReader.app -no-validate-extension -infoplist-subpath Contents/Info.plist

Touch /Users/argus/Programming/pdf-reader/.build/xcode-derived/Build/Products/Release/PDFReader.app (in target 'PDFReaderApp' from project 'PDFReader')
    cd /Users/argus/Programming/pdf-reader
    /usr/bin/touch -c /Users/argus/Programming/pdf-reader/.build/xcode-derived/Build/Products/Release/PDFReader.app

RegisterWithLaunchServices /Users/argus/Programming/pdf-reader/.build/xcode-derived/Build/Products/Release/PDFReader.app (in target 'PDFReaderApp' from project 'PDFReader')
    cd /Users/argus/Programming/pdf-reader
    /System/Library/Frameworks/CoreServices.framework/Versions/Current/Frameworks/LaunchServices.framework/Versions/Current/Support/lsregister -f -R -trusted /Users/argus/Programming/pdf-reader/.build/xcode-derived/Build/Products/Release/PDFReader.app

** BUILD SUCCEEDED **

