Command line invocation:
    /tmp/pdfreader-xcodebuild.p0gGik/xcodebuild -project PDFReader.xcodeproj -scheme PDFReader -configuration Release -destination generic/platform=macOS -derivedDataPath .build/xcode-derived-release CODE_SIGNING_ALLOWED=NO "ARCHS=arm64 x86_64" ONLY_ACTIVE_ARCH=NO build

Build settings from command line:
    ARCHS = arm64 x86_64
    CODE_SIGNING_ALLOWED = NO
    ONLY_ACTIVE_ARCH = NO

2026-07-22 14:03:37.734 xcodebuild[25092:280343098]  IDEDownloadableMetalToolchainCoordinator: Failed to remount the Metal Toolchain: No downloaded assets found: Failed querying assets for assetType (com.apple.MobileAsset.MetalToolchain), queryDict ({
}), installedOnly (1)
Resolve Package Graph

Fetching from https://github.com/dduan/TOMLDecoder.git (cached)

Creating working copy of package ‘TOMLDecoder’

Checking out 0.4.5 of package ‘TOMLDecoder’


Resolved source packages:
  TOMLDecoder: https://github.com/dduan/TOMLDecoder.git @ 0.4.5

ComputePackagePrebuildTargetDependencyGraph

Prepare packages

CreateBuildRequest

SendProjectDescription

CreateBuildOperation

ComputeTargetDependencyGraph
note: Building targets in dependency order
note: Target dependency graph (4 targets)
    Target 'PDFReaderApp' in project 'PDFReader'
        ➜ Explicit dependency on target 'PDFReaderCore' in project 'PDFReader'
        ➜ Explicit dependency on target 'TOMLDecoder' in project 'TOMLDecoder'
    Target 'TOMLDecoder' in project 'TOMLDecoder'
        ➜ Explicit dependency on target 'TOMLDecoder' in project 'TOMLDecoder'
    Target 'TOMLDecoder' in project 'TOMLDecoder' (no dependencies)
    Target 'PDFReaderCore' in project 'PDFReader' (no dependencies)

GatherProvisioningInputs

CreateBuildDescription

ExecuteExternalTool /Applications/Xcode.app/Contents/Developer/Toolchains/XcodeDefault.xctoolchain/usr/bin/swiftc --version

ExecuteExternalTool /Applications/Xcode.app/Contents/Developer/Toolchains/XcodeDefault.xctoolchain/usr/bin/clang -v -E -dM -isysroot /Applications/Xcode.app/Contents/Developer/Platforms/MacOSX.platform/Developer/SDKs/MacOSX26.5.sdk -x c -c /dev/null

ExecuteExternalTool /Applications/Xcode.app/Contents/Developer/Toolchains/XcodeDefault.xctoolchain/usr/bin/ld -version_details

ReadFileContents /Applications/Xcode.app/Contents/Developer/Toolchains/XcodeDefault.xctoolchain/usr/share/docc/features.json

Build description signature: f9aec45571476d9e069ecf2444116920
Build description path: /Users/argus/Programming/pdf-reader/.build/xcode-derived-release/Build/Intermediates.noindex/XCBuildData/f9aec45571476d9e069ecf2444116920.xcbuilddata
ClangStatCache /Applications/Xcode.app/Contents/Developer/Toolchains/XcodeDefault.xctoolchain/usr/bin/clang-stat-cache /Applications/Xcode.app/Contents/Developer/Platforms/MacOSX.platform/Developer/SDKs/MacOSX26.5.sdk /Users/argus/Programming/pdf-reader/.build/xcode-derived-release/SDKStatCaches.noindex/macosx26.5-25F70-e082c4a02f00227109f4ed75e425c832.sdkstatcache
    cd /Users/argus/Programming/pdf-reader/PDFReader.xcodeproj
    /Applications/Xcode.app/Contents/Developer/Toolchains/XcodeDefault.xctoolchain/usr/bin/clang-stat-cache /Applications/Xcode.app/Contents/Developer/Platforms/MacOSX.platform/Developer/SDKs/MacOSX26.5.sdk -o /Users/argus/Programming/pdf-reader/.build/xcode-derived-release/SDKStatCaches.noindex/macosx26.5-25F70-e082c4a02f00227109f4ed75e425c832.sdkstatcache

CreateBuildDirectory /Users/argus/Programming/pdf-reader/.build/xcode-derived-release/Build/Products
    cd /Users/argus/Programming/pdf-reader/PDFReader.xcodeproj
    builtin-create-build-directory /Users/argus/Programming/pdf-reader/.build/xcode-derived-release/Build/Products

CreateBuildDirectory /Users/argus/Programming/pdf-reader/.build/xcode-derived-release/Build/Intermediates.noindex
    cd /Users/argus/Programming/pdf-reader/PDFReader.xcodeproj
    builtin-create-build-directory /Users/argus/Programming/pdf-reader/.build/xcode-derived-release/Build/Intermediates.noindex

CreateBuildDirectory /Users/argus/Programming/pdf-reader/.build/xcode-derived-release/Build/Products/Release
    cd /Users/argus/Programming/pdf-reader/PDFReader.xcodeproj
    builtin-create-build-directory /Users/argus/Programming/pdf-reader/.build/xcode-derived-release/Build/Products/Release

CreateBuildDirectory /Users/argus/Programming/pdf-reader/.build/xcode-derived-release/Build/Intermediates.noindex/SwiftExplicitPrecompiledModules
    cd /Users/argus/Programming/pdf-reader/PDFReader.xcodeproj
    builtin-create-build-directory /Users/argus/Programming/pdf-reader/.build/xcode-derived-release/Build/Intermediates.noindex/SwiftExplicitPrecompiledModules

CreateBuildDirectory /Users/argus/Programming/pdf-reader/.build/xcode-derived-release/Build/Intermediates.noindex/ExplicitPrecompiledModules
    cd /Users/argus/Programming/pdf-reader/PDFReader.xcodeproj
    builtin-create-build-directory /Users/argus/Programming/pdf-reader/.build/xcode-derived-release/Build/Intermediates.noindex/ExplicitPrecompiledModules

CreateBuildDirectory /Users/argus/Programming/pdf-reader/.build/xcode-derived-release/Build/Intermediates.noindex/EagerLinkingTBDs/Release
    cd /Users/argus/Programming/pdf-reader/PDFReader.xcodeproj
    builtin-create-build-directory /Users/argus/Programming/pdf-reader/.build/xcode-derived-release/Build/Intermediates.noindex/EagerLinkingTBDs/Release

WriteAuxiliaryFile /Users/argus/Programming/pdf-reader/.build/xcode-derived-release/Build/Intermediates.noindex/PDFReader.build/Release/PDFReader-5ed3f8c2d107e937755ff9345addb7ff-VFS/all-product-headers.yaml
    cd /Users/argus/Programming/pdf-reader/PDFReader.xcodeproj
    write-file /Users/argus/Programming/pdf-reader/.build/xcode-derived-release/Build/Intermediates.noindex/PDFReader.build/Release/PDFReader-5ed3f8c2d107e937755ff9345addb7ff-VFS/all-product-headers.yaml

CreateBuildDirectory /Users/argus/Programming/pdf-reader/.build/xcode-derived-release/Build/Products/Release/PackageFrameworks
    cd /Users/argus/Programming/pdf-reader/PDFReader.xcodeproj
    builtin-create-build-directory /Users/argus/Programming/pdf-reader/.build/xcode-derived-release/Build/Products/Release/PackageFrameworks

WriteAuxiliaryFile /Users/argus/Programming/pdf-reader/.build/xcode-derived-release/Build/Intermediates.noindex/TOMLDecoder.build/Release/TOMLDecoder.build/TOMLDecoder.DependencyStaticMetadataFileList (in target 'TOMLDecoder' from project 'TOMLDecoder')
    cd /Users/argus/Programming/pdf-reader/.build/xcode-derived-release/SourcePackages/checkouts/TOMLDecoder
    write-file /Users/argus/Programming/pdf-reader/.build/xcode-derived-release/Build/Intermediates.noindex/TOMLDecoder.build/Release/TOMLDecoder.build/TOMLDecoder.DependencyStaticMetadataFileList

WriteAuxiliaryFile /Users/argus/Programming/pdf-reader/.build/xcode-derived-release/Build/Intermediates.noindex/TOMLDecoder.build/Release/TOMLDecoder.build/TOMLDecoder.modulemap (in target 'TOMLDecoder' from project 'TOMLDecoder')
    cd /Users/argus/Programming/pdf-reader/.build/xcode-derived-release/SourcePackages/checkouts/TOMLDecoder
    write-file /Users/argus/Programming/pdf-reader/.build/xcode-derived-release/Build/Intermediates.noindex/TOMLDecoder.build/Release/TOMLDecoder.build/TOMLDecoder.modulemap

WriteAuxiliaryFile /Users/argus/Programming/pdf-reader/.build/xcode-derived-release/Build/Intermediates.noindex/TOMLDecoder.build/Release/TOMLDecoder.build/TOMLDecoder.DependencyMetadataFileList (in target 'TOMLDecoder' from project 'TOMLDecoder')
    cd /Users/argus/Programming/pdf-reader/.build/xcode-derived-release/SourcePackages/checkouts/TOMLDecoder
    write-file /Users/argus/Programming/pdf-reader/.build/xcode-derived-release/Build/Intermediates.noindex/TOMLDecoder.build/Release/TOMLDecoder.build/TOMLDecoder.DependencyMetadataFileList

WriteAuxiliaryFile /Users/argus/Programming/pdf-reader/.build/xcode-derived-release/Build/Intermediates.noindex/TOMLDecoder.build/Release/TOMLDecoder.build/Objects-normal/x86_64/TOMLDecoder_const_extract_protocols.json (in target 'TOMLDecoder' from project 'TOMLDecoder')
    cd /Users/argus/Programming/pdf-reader/.build/xcode-derived-release/SourcePackages/checkouts/TOMLDecoder
    write-file /Users/argus/Programming/pdf-reader/.build/xcode-derived-release/Build/Intermediates.noindex/TOMLDecoder.build/Release/TOMLDecoder.build/Objects-normal/x86_64/TOMLDecoder_const_extract_protocols.json

WriteAuxiliaryFile /Users/argus/Programming/pdf-reader/.build/xcode-derived-release/Build/Intermediates.noindex/TOMLDecoder.build/Release/TOMLDecoder.build/Objects-normal/x86_64/TOMLDecoder.SwiftConstValuesFileList (in target 'TOMLDecoder' from project 'TOMLDecoder')
    cd /Users/argus/Programming/pdf-reader/.build/xcode-derived-release/SourcePackages/checkouts/TOMLDecoder
    write-file /Users/argus/Programming/pdf-reader/.build/xcode-derived-release/Build/Intermediates.noindex/TOMLDecoder.build/Release/TOMLDecoder.build/Objects-normal/x86_64/TOMLDecoder.SwiftConstValuesFileList

WriteAuxiliaryFile /Users/argus/Programming/pdf-reader/.build/xcode-derived-release/Build/Intermediates.noindex/TOMLDecoder.build/Release/TOMLDecoder.build/Objects-normal/x86_64/TOMLDecoder.SwiftFileList (in target 'TOMLDecoder' from project 'TOMLDecoder')
    cd /Users/argus/Programming/pdf-reader/.build/xcode-derived-release/SourcePackages/checkouts/TOMLDecoder
    write-file /Users/argus/Programming/pdf-reader/.build/xcode-derived-release/Build/Intermediates.noindex/TOMLDecoder.build/Release/TOMLDecoder.build/Objects-normal/x86_64/TOMLDecoder.SwiftFileList

WriteAuxiliaryFile /Users/argus/Programming/pdf-reader/.build/xcode-derived-release/Build/Intermediates.noindex/TOMLDecoder.build/Release/TOMLDecoder.build/Objects-normal/x86_64/TOMLDecoder.LinkFileList (in target 'TOMLDecoder' from project 'TOMLDecoder')
    cd /Users/argus/Programming/pdf-reader/.build/xcode-derived-release/SourcePackages/checkouts/TOMLDecoder
    write-file /Users/argus/Programming/pdf-reader/.build/xcode-derived-release/Build/Intermediates.noindex/TOMLDecoder.build/Release/TOMLDecoder.build/Objects-normal/x86_64/TOMLDecoder.LinkFileList

WriteAuxiliaryFile /Users/argus/Programming/pdf-reader/.build/xcode-derived-release/Build/Intermediates.noindex/TOMLDecoder.build/Release/TOMLDecoder.build/Objects-normal/x86_64/TOMLDecoder-OutputFileMap.json (in target 'TOMLDecoder' from project 'TOMLDecoder')
    cd /Users/argus/Programming/pdf-reader/.build/xcode-derived-release/SourcePackages/checkouts/TOMLDecoder
    write-file /Users/argus/Programming/pdf-reader/.build/xcode-derived-release/Build/Intermediates.noindex/TOMLDecoder.build/Release/TOMLDecoder.build/Objects-normal/x86_64/TOMLDecoder-OutputFileMap.json

WriteAuxiliaryFile /Users/argus/Programming/pdf-reader/.build/xcode-derived-release/Build/Intermediates.noindex/TOMLDecoder.build/Release/TOMLDecoder.build/Objects-normal/arm64/TOMLDecoder_const_extract_protocols.json (in target 'TOMLDecoder' from project 'TOMLDecoder')
    cd /Users/argus/Programming/pdf-reader/.build/xcode-derived-release/SourcePackages/checkouts/TOMLDecoder
    write-file /Users/argus/Programming/pdf-reader/.build/xcode-derived-release/Build/Intermediates.noindex/TOMLDecoder.build/Release/TOMLDecoder.build/Objects-normal/arm64/TOMLDecoder_const_extract_protocols.json

WriteAuxiliaryFile /Users/argus/Programming/pdf-reader/.build/xcode-derived-release/Build/Intermediates.noindex/TOMLDecoder.build/Release/TOMLDecoder.build/Objects-normal/arm64/TOMLDecoder.SwiftFileList (in target 'TOMLDecoder' from project 'TOMLDecoder')
    cd /Users/argus/Programming/pdf-reader/.build/xcode-derived-release/SourcePackages/checkouts/TOMLDecoder
    write-file /Users/argus/Programming/pdf-reader/.build/xcode-derived-release/Build/Intermediates.noindex/TOMLDecoder.build/Release/TOMLDecoder.build/Objects-normal/arm64/TOMLDecoder.SwiftFileList

WriteAuxiliaryFile /Users/argus/Programming/pdf-reader/.build/xcode-derived-release/Build/Intermediates.noindex/TOMLDecoder.build/Release/TOMLDecoder.build/Objects-normal/arm64/TOMLDecoder.SwiftConstValuesFileList (in target 'TOMLDecoder' from project 'TOMLDecoder')
    cd /Users/argus/Programming/pdf-reader/.build/xcode-derived-release/SourcePackages/checkouts/TOMLDecoder
    write-file /Users/argus/Programming/pdf-reader/.build/xcode-derived-release/Build/Intermediates.noindex/TOMLDecoder.build/Release/TOMLDecoder.build/Objects-normal/arm64/TOMLDecoder.SwiftConstValuesFileList

WriteAuxiliaryFile /Users/argus/Programming/pdf-reader/.build/xcode-derived-release/Build/Intermediates.noindex/TOMLDecoder.build/Release/TOMLDecoder.build/Objects-normal/arm64/TOMLDecoder.LinkFileList (in target 'TOMLDecoder' from project 'TOMLDecoder')
    cd /Users/argus/Programming/pdf-reader/.build/xcode-derived-release/SourcePackages/checkouts/TOMLDecoder
    write-file /Users/argus/Programming/pdf-reader/.build/xcode-derived-release/Build/Intermediates.noindex/TOMLDecoder.build/Release/TOMLDecoder.build/Objects-normal/arm64/TOMLDecoder.LinkFileList

WriteAuxiliaryFile /Users/argus/Programming/pdf-reader/.build/xcode-derived-release/Build/Intermediates.noindex/TOMLDecoder.build/Release/TOMLDecoder.build/Objects-normal/arm64/TOMLDecoder-OutputFileMap.json (in target 'TOMLDecoder' from project 'TOMLDecoder')
    cd /Users/argus/Programming/pdf-reader/.build/xcode-derived-release/SourcePackages/checkouts/TOMLDecoder
    write-file /Users/argus/Programming/pdf-reader/.build/xcode-derived-release/Build/Intermediates.noindex/TOMLDecoder.build/Release/TOMLDecoder.build/Objects-normal/arm64/TOMLDecoder-OutputFileMap.json

Copy /Users/argus/Programming/pdf-reader/.build/xcode-derived-release/Build/Intermediates.noindex/GeneratedModuleMaps/TOMLDecoder.modulemap /Users/argus/Programming/pdf-reader/.build/xcode-derived-release/Build/Intermediates.noindex/TOMLDecoder.build/Release/TOMLDecoder.build/TOMLDecoder.modulemap (in target 'TOMLDecoder' from project 'TOMLDecoder')
    cd /Users/argus/Programming/pdf-reader/.build/xcode-derived-release/SourcePackages/checkouts/TOMLDecoder
    builtin-copy -exclude .DS_Store -exclude CVS -exclude .svn -exclude .git -exclude .hg -strip-unsigned-binaries -strip-deterministic -strip-tool /Applications/Xcode.app/Contents/Developer/Toolchains/XcodeDefault.xctoolchain/usr/bin/strip -resolve-src-symlinks /Users/argus/Programming/pdf-reader/.build/xcode-derived-release/Build/Intermediates.noindex/TOMLDecoder.build/Release/TOMLDecoder.build/TOMLDecoder.modulemap /Users/argus/Programming/pdf-reader/.build/xcode-derived-release/Build/Intermediates.noindex/GeneratedModuleMaps

WriteAuxiliaryFile /Users/argus/Programming/pdf-reader/.build/xcode-derived-release/Build/Intermediates.noindex/PDFReader.build/Release/PDFReaderCore.build/empty-PDFReaderCore.plist (in target 'PDFReaderCore' from project 'PDFReader')
    cd /Users/argus/Programming/pdf-reader
    write-file /Users/argus/Programming/pdf-reader/.build/xcode-derived-release/Build/Intermediates.noindex/PDFReader.build/Release/PDFReaderCore.build/empty-PDFReaderCore.plist

WriteAuxiliaryFile /Users/argus/Programming/pdf-reader/.build/xcode-derived-release/Build/Intermediates.noindex/PDFReader.build/Release/PDFReaderCore.build/PDFReaderCore.hmap (in target 'PDFReaderCore' from project 'PDFReader')
    cd /Users/argus/Programming/pdf-reader
    write-file /Users/argus/Programming/pdf-reader/.build/xcode-derived-release/Build/Intermediates.noindex/PDFReader.build/Release/PDFReaderCore.build/PDFReaderCore.hmap

WriteAuxiliaryFile /Users/argus/Programming/pdf-reader/.build/xcode-derived-release/Build/Intermediates.noindex/PDFReader.build/Release/PDFReaderCore.build/PDFReaderCore.DependencyStaticMetadataFileList (in target 'PDFReaderCore' from project 'PDFReader')
    cd /Users/argus/Programming/pdf-reader
    write-file /Users/argus/Programming/pdf-reader/.build/xcode-derived-release/Build/Intermediates.noindex/PDFReader.build/Release/PDFReaderCore.build/PDFReaderCore.DependencyStaticMetadataFileList

WriteAuxiliaryFile /Users/argus/Programming/pdf-reader/.build/xcode-derived-release/Build/Intermediates.noindex/PDFReader.build/Release/PDFReaderCore.build/module.modulemap (in target 'PDFReaderCore' from project 'PDFReader')
    cd /Users/argus/Programming/pdf-reader
    write-file /Users/argus/Programming/pdf-reader/.build/xcode-derived-release/Build/Intermediates.noindex/PDFReader.build/Release/PDFReaderCore.build/module.modulemap

WriteAuxiliaryFile /Users/argus/Programming/pdf-reader/.build/xcode-derived-release/Build/Intermediates.noindex/PDFReader.build/Release/PDFReaderCore.build/PDFReaderCore.DependencyMetadataFileList (in target 'PDFReaderCore' from project 'PDFReader')
    cd /Users/argus/Programming/pdf-reader
    write-file /Users/argus/Programming/pdf-reader/.build/xcode-derived-release/Build/Intermediates.noindex/PDFReader.build/Release/PDFReaderCore.build/PDFReaderCore.DependencyMetadataFileList

WriteAuxiliaryFile /Users/argus/Programming/pdf-reader/.build/xcode-derived-release/Build/Intermediates.noindex/PDFReader.build/Release/PDFReaderCore.build/PDFReaderCore-project-headers.hmap (in target 'PDFReaderCore' from project 'PDFReader')
    cd /Users/argus/Programming/pdf-reader
    write-file /Users/argus/Programming/pdf-reader/.build/xcode-derived-release/Build/Intermediates.noindex/PDFReader.build/Release/PDFReaderCore.build/PDFReaderCore-project-headers.hmap

WriteAuxiliaryFile /Users/argus/Programming/pdf-reader/.build/xcode-derived-release/Build/Intermediates.noindex/PDFReader.build/Release/PDFReaderCore.build/PDFReaderCore-own-target-headers.hmap (in target 'PDFReaderCore' from project 'PDFReader')
    cd /Users/argus/Programming/pdf-reader
    write-file /Users/argus/Programming/pdf-reader/.build/xcode-derived-release/Build/Intermediates.noindex/PDFReader.build/Release/PDFReaderCore.build/PDFReaderCore-own-target-headers.hmap

WriteAuxiliaryFile /Users/argus/Programming/pdf-reader/.build/xcode-derived-release/Build/Intermediates.noindex/PDFReader.build/Release/PDFReaderCore.build/PDFReaderCore-generated-files.hmap (in target 'PDFReaderCore' from project 'PDFReader')
    cd /Users/argus/Programming/pdf-reader
    write-file /Users/argus/Programming/pdf-reader/.build/xcode-derived-release/Build/Intermediates.noindex/PDFReader.build/Release/PDFReaderCore.build/PDFReaderCore-generated-files.hmap

WriteAuxiliaryFile /Users/argus/Programming/pdf-reader/.build/xcode-derived-release/Build/Intermediates.noindex/PDFReader.build/Release/PDFReaderCore.build/PDFReaderCore-all-target-headers.hmap (in target 'PDFReaderCore' from project 'PDFReader')
    cd /Users/argus/Programming/pdf-reader
    write-file /Users/argus/Programming/pdf-reader/.build/xcode-derived-release/Build/Intermediates.noindex/PDFReader.build/Release/PDFReaderCore.build/PDFReaderCore-all-target-headers.hmap

WriteAuxiliaryFile /Users/argus/Programming/pdf-reader/.build/xcode-derived-release/Build/Intermediates.noindex/PDFReader.build/Release/PDFReaderCore.build/PDFReaderCore-all-non-framework-target-headers.hmap (in target 'PDFReaderCore' from project 'PDFReader')
    cd /Users/argus/Programming/pdf-reader
    write-file /Users/argus/Programming/pdf-reader/.build/xcode-derived-release/Build/Intermediates.noindex/PDFReader.build/Release/PDFReaderCore.build/PDFReaderCore-all-non-framework-target-headers.hmap

WriteAuxiliaryFile /Users/argus/Programming/pdf-reader/.build/xcode-derived-release/Build/Intermediates.noindex/PDFReader.build/Release/PDFReaderCore.build/Objects-normal/x86_64/PDFReaderCore_const_extract_protocols.json (in target 'PDFReaderCore' from project 'PDFReader')
    cd /Users/argus/Programming/pdf-reader
    write-file /Users/argus/Programming/pdf-reader/.build/xcode-derived-release/Build/Intermediates.noindex/PDFReader.build/Release/PDFReaderCore.build/Objects-normal/x86_64/PDFReaderCore_const_extract_protocols.json

WriteAuxiliaryFile /Users/argus/Programming/pdf-reader/.build/xcode-derived-release/Build/Intermediates.noindex/PDFReader.build/Release/PDFReaderCore.build/Objects-normal/x86_64/PDFReaderCore.SwiftFileList (in target 'PDFReaderCore' from project 'PDFReader')
    cd /Users/argus/Programming/pdf-reader
    write-file /Users/argus/Programming/pdf-reader/.build/xcode-derived-release/Build/Intermediates.noindex/PDFReader.build/Release/PDFReaderCore.build/Objects-normal/x86_64/PDFReaderCore.SwiftFileList

WriteAuxiliaryFile /Users/argus/Programming/pdf-reader/.build/xcode-derived-release/Build/Intermediates.noindex/PDFReader.build/Release/PDFReaderCore.build/Objects-normal/x86_64/PDFReaderCore.SwiftConstValuesFileList (in target 'PDFReaderCore' from project 'PDFReader')
    cd /Users/argus/Programming/pdf-reader
    write-file /Users/argus/Programming/pdf-reader/.build/xcode-derived-release/Build/Intermediates.noindex/PDFReader.build/Release/PDFReaderCore.build/Objects-normal/x86_64/PDFReaderCore.SwiftConstValuesFileList

WriteAuxiliaryFile /Users/argus/Programming/pdf-reader/.build/xcode-derived-release/Build/Intermediates.noindex/PDFReader.build/Release/PDFReaderCore.build/Objects-normal/x86_64/PDFReaderCore.LinkFileList (in target 'PDFReaderCore' from project 'PDFReader')
    cd /Users/argus/Programming/pdf-reader
    write-file /Users/argus/Programming/pdf-reader/.build/xcode-derived-release/Build/Intermediates.noindex/PDFReader.build/Release/PDFReaderCore.build/Objects-normal/x86_64/PDFReaderCore.LinkFileList

WriteAuxiliaryFile /Users/argus/Programming/pdf-reader/.build/xcode-derived-release/Build/Intermediates.noindex/PDFReader.build/Release/PDFReaderCore.build/Objects-normal/x86_64/PDFReaderCore-OutputFileMap.json (in target 'PDFReaderCore' from project 'PDFReader')
    cd /Users/argus/Programming/pdf-reader
    write-file /Users/argus/Programming/pdf-reader/.build/xcode-derived-release/Build/Intermediates.noindex/PDFReader.build/Release/PDFReaderCore.build/Objects-normal/x86_64/PDFReaderCore-OutputFileMap.json

WriteAuxiliaryFile /Users/argus/Programming/pdf-reader/.build/xcode-derived-release/Build/Intermediates.noindex/PDFReader.build/Release/PDFReaderCore.build/Objects-normal/arm64/PDFReaderCore_const_extract_protocols.json (in target 'PDFReaderCore' from project 'PDFReader')
    cd /Users/argus/Programming/pdf-reader
    write-file /Users/argus/Programming/pdf-reader/.build/xcode-derived-release/Build/Intermediates.noindex/PDFReader.build/Release/PDFReaderCore.build/Objects-normal/arm64/PDFReaderCore_const_extract_protocols.json

WriteAuxiliaryFile /Users/argus/Programming/pdf-reader/.build/xcode-derived-release/Build/Intermediates.noindex/PDFReader.build/Release/PDFReaderCore.build/Objects-normal/arm64/PDFReaderCore.SwiftFileList (in target 'PDFReaderCore' from project 'PDFReader')
    cd /Users/argus/Programming/pdf-reader
    write-file /Users/argus/Programming/pdf-reader/.build/xcode-derived-release/Build/Intermediates.noindex/PDFReader.build/Release/PDFReaderCore.build/Objects-normal/arm64/PDFReaderCore.SwiftFileList

WriteAuxiliaryFile /Users/argus/Programming/pdf-reader/.build/xcode-derived-release/Build/Intermediates.noindex/PDFReader.build/Release/PDFReaderCore.build/Objects-normal/arm64/PDFReaderCore.SwiftConstValuesFileList (in target 'PDFReaderCore' from project 'PDFReader')
    cd /Users/argus/Programming/pdf-reader
    write-file /Users/argus/Programming/pdf-reader/.build/xcode-derived-release/Build/Intermediates.noindex/PDFReader.build/Release/PDFReaderCore.build/Objects-normal/arm64/PDFReaderCore.SwiftConstValuesFileList

WriteAuxiliaryFile /Users/argus/Programming/pdf-reader/.build/xcode-derived-release/Build/Intermediates.noindex/PDFReader.build/Release/PDFReaderCore.build/Objects-normal/arm64/PDFReaderCore.LinkFileList (in target 'PDFReaderCore' from project 'PDFReader')
    cd /Users/argus/Programming/pdf-reader
    write-file /Users/argus/Programming/pdf-reader/.build/xcode-derived-release/Build/Intermediates.noindex/PDFReader.build/Release/PDFReaderCore.build/Objects-normal/arm64/PDFReaderCore.LinkFileList

WriteAuxiliaryFile /Users/argus/Programming/pdf-reader/.build/xcode-derived-release/Build/Intermediates.noindex/PDFReader.build/Release/PDFReaderCore.build/Objects-normal/arm64/PDFReaderCore-OutputFileMap.json (in target 'PDFReaderCore' from project 'PDFReader')
    cd /Users/argus/Programming/pdf-reader
    write-file /Users/argus/Programming/pdf-reader/.build/xcode-derived-release/Build/Intermediates.noindex/PDFReader.build/Release/PDFReaderCore.build/Objects-normal/arm64/PDFReaderCore-OutputFileMap.json

WriteAuxiliaryFile /Users/argus/Programming/pdf-reader/.build/xcode-derived-release/Build/Intermediates.noindex/PDFReader.build/Release/PDFReaderApp.build/empty-PDFReader.plist (in target 'PDFReaderApp' from project 'PDFReader')
    cd /Users/argus/Programming/pdf-reader
    write-file /Users/argus/Programming/pdf-reader/.build/xcode-derived-release/Build/Intermediates.noindex/PDFReader.build/Release/PDFReaderApp.build/empty-PDFReader.plist

Copy /Users/argus/Programming/pdf-reader/.build/xcode-derived-release/Build/Products/Release/PDFReaderCore.framework/Versions/A/Modules/module.modulemap /Users/argus/Programming/pdf-reader/.build/xcode-derived-release/Build/Intermediates.noindex/PDFReader.build/Release/PDFReaderCore.build/module.modulemap (in target 'PDFReaderCore' from project 'PDFReader')
    cd /Users/argus/Programming/pdf-reader
    builtin-copy -exclude .DS_Store -exclude CVS -exclude .svn -exclude .git -exclude .hg -resolve-src-symlinks /Users/argus/Programming/pdf-reader/.build/xcode-derived-release/Build/Intermediates.noindex/PDFReader.build/Release/PDFReaderCore.build/module.modulemap /Users/argus/Programming/pdf-reader/.build/xcode-derived-release/Build/Products/Release/PDFReaderCore.framework/Versions/A/Modules

WriteAuxiliaryFile /Users/argus/Programming/pdf-reader/.build/xcode-derived-release/Build/Intermediates.noindex/PDFReader.build/Release/PDFReaderApp.build/PDFReader.hmap (in target 'PDFReaderApp' from project 'PDFReader')
    cd /Users/argus/Programming/pdf-reader
    write-file /Users/argus/Programming/pdf-reader/.build/xcode-derived-release/Build/Intermediates.noindex/PDFReader.build/Release/PDFReaderApp.build/PDFReader.hmap

WriteAuxiliaryFile /Users/argus/Programming/pdf-reader/.build/xcode-derived-release/Build/Intermediates.noindex/PDFReader.build/Release/PDFReaderApp.build/PDFReader.DependencyStaticMetadataFileList (in target 'PDFReaderApp' from project 'PDFReader')
    cd /Users/argus/Programming/pdf-reader
    write-file /Users/argus/Programming/pdf-reader/.build/xcode-derived-release/Build/Intermediates.noindex/PDFReader.build/Release/PDFReaderApp.build/PDFReader.DependencyStaticMetadataFileList

WriteAuxiliaryFile /Users/argus/Programming/pdf-reader/.build/xcode-derived-release/Build/Intermediates.noindex/PDFReader.build/Release/PDFReaderApp.build/PDFReader.DependencyMetadataFileList (in target 'PDFReaderApp' from project 'PDFReader')
    cd /Users/argus/Programming/pdf-reader
    write-file /Users/argus/Programming/pdf-reader/.build/xcode-derived-release/Build/Intermediates.noindex/PDFReader.build/Release/PDFReaderApp.build/PDFReader.DependencyMetadataFileList

WriteAuxiliaryFile /Users/argus/Programming/pdf-reader/.build/xcode-derived-release/Build/Intermediates.noindex/PDFReader.build/Release/PDFReaderApp.build/PDFReader-project-headers.hmap (in target 'PDFReaderApp' from project 'PDFReader')
    cd /Users/argus/Programming/pdf-reader
    write-file /Users/argus/Programming/pdf-reader/.build/xcode-derived-release/Build/Intermediates.noindex/PDFReader.build/Release/PDFReaderApp.build/PDFReader-project-headers.hmap

WriteAuxiliaryFile /Users/argus/Programming/pdf-reader/.build/xcode-derived-release/Build/Intermediates.noindex/PDFReader.build/Release/PDFReaderApp.build/PDFReader-own-target-headers.hmap (in target 'PDFReaderApp' from project 'PDFReader')
    cd /Users/argus/Programming/pdf-reader
    write-file /Users/argus/Programming/pdf-reader/.build/xcode-derived-release/Build/Intermediates.noindex/PDFReader.build/Release/PDFReaderApp.build/PDFReader-own-target-headers.hmap

WriteAuxiliaryFile /Users/argus/Programming/pdf-reader/.build/xcode-derived-release/Build/Intermediates.noindex/PDFReader.build/Release/PDFReaderApp.build/PDFReader-generated-files.hmap (in target 'PDFReaderApp' from project 'PDFReader')
    cd /Users/argus/Programming/pdf-reader
    write-file /Users/argus/Programming/pdf-reader/.build/xcode-derived-release/Build/Intermediates.noindex/PDFReader.build/Release/PDFReaderApp.build/PDFReader-generated-files.hmap

WriteAuxiliaryFile /Users/argus/Programming/pdf-reader/.build/xcode-derived-release/Build/Intermediates.noindex/PDFReader.build/Release/PDFReaderApp.build/PDFReader-all-target-headers.hmap (in target 'PDFReaderApp' from project 'PDFReader')
    cd /Users/argus/Programming/pdf-reader
    write-file /Users/argus/Programming/pdf-reader/.build/xcode-derived-release/Build/Intermediates.noindex/PDFReader.build/Release/PDFReaderApp.build/PDFReader-all-target-headers.hmap

WriteAuxiliaryFile /Users/argus/Programming/pdf-reader/.build/xcode-derived-release/Build/Intermediates.noindex/PDFReader.build/Release/PDFReaderApp.build/PDFReader-all-non-framework-target-headers.hmap (in target 'PDFReaderApp' from project 'PDFReader')
    cd /Users/argus/Programming/pdf-reader
    write-file /Users/argus/Programming/pdf-reader/.build/xcode-derived-release/Build/Intermediates.noindex/PDFReader.build/Release/PDFReaderApp.build/PDFReader-all-non-framework-target-headers.hmap

WriteAuxiliaryFile /Users/argus/Programming/pdf-reader/.build/xcode-derived-release/Build/Intermediates.noindex/PDFReader.build/Release/PDFReaderApp.build/Objects-normal/x86_64/PDFReaderApp_const_extract_protocols.json (in target 'PDFReaderApp' from project 'PDFReader')
    cd /Users/argus/Programming/pdf-reader
    write-file /Users/argus/Programming/pdf-reader/.build/xcode-derived-release/Build/Intermediates.noindex/PDFReader.build/Release/PDFReaderApp.build/Objects-normal/x86_64/PDFReaderApp_const_extract_protocols.json

WriteAuxiliaryFile /Users/argus/Programming/pdf-reader/.build/xcode-derived-release/Build/Intermediates.noindex/PDFReader.build/Release/PDFReaderApp.build/Objects-normal/x86_64/PDFReaderApp-OutputFileMap.json (in target 'PDFReaderApp' from project 'PDFReader')
    cd /Users/argus/Programming/pdf-reader
    write-file /Users/argus/Programming/pdf-reader/.build/xcode-derived-release/Build/Intermediates.noindex/PDFReader.build/Release/PDFReaderApp.build/Objects-normal/x86_64/PDFReaderApp-OutputFileMap.json

WriteAuxiliaryFile /Users/argus/Programming/pdf-reader/.build/xcode-derived-release/Build/Intermediates.noindex/PDFReader.build/Release/PDFReaderApp.build/Objects-normal/x86_64/PDFReader.SwiftFileList (in target 'PDFReaderApp' from project 'PDFReader')
    cd /Users/argus/Programming/pdf-reader
    write-file /Users/argus/Programming/pdf-reader/.build/xcode-derived-release/Build/Intermediates.noindex/PDFReader.build/Release/PDFReaderApp.build/Objects-normal/x86_64/PDFReader.SwiftFileList

WriteAuxiliaryFile /Users/argus/Programming/pdf-reader/.build/xcode-derived-release/Build/Intermediates.noindex/PDFReader.build/Release/PDFReaderApp.build/Objects-normal/x86_64/PDFReader.SwiftConstValuesFileList (in target 'PDFReaderApp' from project 'PDFReader')
    cd /Users/argus/Programming/pdf-reader
    write-file /Users/argus/Programming/pdf-reader/.build/xcode-derived-release/Build/Intermediates.noindex/PDFReader.build/Release/PDFReaderApp.build/Objects-normal/x86_64/PDFReader.SwiftConstValuesFileList

WriteAuxiliaryFile /Users/argus/Programming/pdf-reader/.build/xcode-derived-release/Build/Intermediates.noindex/PDFReader.build/Release/PDFReaderApp.build/Objects-normal/x86_64/PDFReader.LinkFileList (in target 'PDFReaderApp' from project 'PDFReader')
    cd /Users/argus/Programming/pdf-reader
    write-file /Users/argus/Programming/pdf-reader/.build/xcode-derived-release/Build/Intermediates.noindex/PDFReader.build/Release/PDFReaderApp.build/Objects-normal/x86_64/PDFReader.LinkFileList

WriteAuxiliaryFile /Users/argus/Programming/pdf-reader/.build/xcode-derived-release/Build/Intermediates.noindex/PDFReader.build/Release/PDFReaderApp.build/Objects-normal/arm64/PDFReaderApp-OutputFileMap.json (in target 'PDFReaderApp' from project 'PDFReader')
    cd /Users/argus/Programming/pdf-reader
    write-file /Users/argus/Programming/pdf-reader/.build/xcode-derived-release/Build/Intermediates.noindex/PDFReader.build/Release/PDFReaderApp.build/Objects-normal/arm64/PDFReaderApp-OutputFileMap.json

WriteAuxiliaryFile /Users/argus/Programming/pdf-reader/.build/xcode-derived-release/Build/Intermediates.noindex/PDFReader.build/Release/PDFReaderApp.build/Objects-normal/arm64/PDFReaderApp_const_extract_protocols.json (in target 'PDFReaderApp' from project 'PDFReader')
    cd /Users/argus/Programming/pdf-reader
    write-file /Users/argus/Programming/pdf-reader/.build/xcode-derived-release/Build/Intermediates.noindex/PDFReader.build/Release/PDFReaderApp.build/Objects-normal/arm64/PDFReaderApp_const_extract_protocols.json

WriteAuxiliaryFile /Users/argus/Programming/pdf-reader/.build/xcode-derived-release/Build/Intermediates.noindex/PDFReader.build/Release/PDFReaderApp.build/Objects-normal/arm64/PDFReader.SwiftFileList (in target 'PDFReaderApp' from project 'PDFReader')
    cd /Users/argus/Programming/pdf-reader
    write-file /Users/argus/Programming/pdf-reader/.build/xcode-derived-release/Build/Intermediates.noindex/PDFReader.build/Release/PDFReaderApp.build/Objects-normal/arm64/PDFReader.SwiftFileList

WriteAuxiliaryFile /Users/argus/Programming/pdf-reader/.build/xcode-derived-release/Build/Intermediates.noindex/PDFReader.build/Release/PDFReaderApp.build/Objects-normal/arm64/PDFReader.SwiftConstValuesFileList (in target 'PDFReaderApp' from project 'PDFReader')
    cd /Users/argus/Programming/pdf-reader
    write-file /Users/argus/Programming/pdf-reader/.build/xcode-derived-release/Build/Intermediates.noindex/PDFReader.build/Release/PDFReaderApp.build/Objects-normal/arm64/PDFReader.SwiftConstValuesFileList

WriteAuxiliaryFile /Users/argus/Programming/pdf-reader/.build/xcode-derived-release/Build/Intermediates.noindex/PDFReader.build/Release/PDFReaderApp.build/Objects-normal/arm64/PDFReader.LinkFileList (in target 'PDFReaderApp' from project 'PDFReader')
    cd /Users/argus/Programming/pdf-reader
    write-file /Users/argus/Programming/pdf-reader/.build/xcode-derived-release/Build/Intermediates.noindex/PDFReader.build/Release/PDFReaderApp.build/Objects-normal/arm64/PDFReader.LinkFileList

SymLink /Users/argus/Programming/pdf-reader/.build/xcode-derived-release/Build/Products/Release/PDFReaderCore.framework/Versions/Current A (in target 'PDFReaderCore' from project 'PDFReader')
    cd /Users/argus/Programming/pdf-reader
    /bin/ln -sfh A /Users/argus/Programming/pdf-reader/.build/xcode-derived-release/Build/Products/Release/PDFReaderCore.framework/Versions/Current

SymLink /Users/argus/Programming/pdf-reader/.build/xcode-derived-release/Build/Products/Release/PDFReaderCore.framework/Resources Versions/Current/Resources (in target 'PDFReaderCore' from project 'PDFReader')
    cd /Users/argus/Programming/pdf-reader
    /bin/ln -sfh Versions/Current/Resources /Users/argus/Programming/pdf-reader/.build/xcode-derived-release/Build/Products/Release/PDFReaderCore.framework/Resources

SymLink /Users/argus/Programming/pdf-reader/.build/xcode-derived-release/Build/Products/Release/PDFReaderCore.framework/PDFReaderCore Versions/Current/PDFReaderCore (in target 'PDFReaderCore' from project 'PDFReader')
    cd /Users/argus/Programming/pdf-reader
    /bin/ln -sfh Versions/Current/PDFReaderCore /Users/argus/Programming/pdf-reader/.build/xcode-derived-release/Build/Products/Release/PDFReaderCore.framework/PDFReaderCore

SymLink /Users/argus/Programming/pdf-reader/.build/xcode-derived-release/Build/Products/Release/PDFReaderCore.framework/Modules Versions/Current/Modules (in target 'PDFReaderCore' from project 'PDFReader')
    cd /Users/argus/Programming/pdf-reader
    /bin/ln -sfh Versions/Current/Modules /Users/argus/Programming/pdf-reader/.build/xcode-derived-release/Build/Products/Release/PDFReaderCore.framework/Modules

SymLink /Users/argus/Programming/pdf-reader/.build/xcode-derived-release/Build/Products/Release/PDFReaderCore.framework/Headers Versions/Current/Headers (in target 'PDFReaderCore' from project 'PDFReader')
    cd /Users/argus/Programming/pdf-reader
    /bin/ln -sfh Versions/Current/Headers /Users/argus/Programming/pdf-reader/.build/xcode-derived-release/Build/Products/Release/PDFReaderCore.framework/Headers

MkDir /Users/argus/Programming/pdf-reader/.build/xcode-derived-release/Build/Products/Release/PDFReaderCore.framework/Versions/A/Resources (in target 'PDFReaderCore' from project 'PDFReader')
    cd /Users/argus/Programming/pdf-reader
    /bin/mkdir -p /Users/argus/Programming/pdf-reader/.build/xcode-derived-release/Build/Products/Release/PDFReaderCore.framework/Versions/A/Resources

MkDir /Users/argus/Programming/pdf-reader/.build/xcode-derived-release/Build/Products/Release/PDFReaderCore.framework/Versions/A (in target 'PDFReaderCore' from project 'PDFReader')
    cd /Users/argus/Programming/pdf-reader
    /bin/mkdir -p /Users/argus/Programming/pdf-reader/.build/xcode-derived-release/Build/Products/Release/PDFReaderCore.framework/Versions/A

MkDir /Users/argus/Programming/pdf-reader/.build/xcode-derived-release/Build/Products/Release/PDFReaderCore.framework/Versions/A/Headers (in target 'PDFReaderCore' from project 'PDFReader')
    cd /Users/argus/Programming/pdf-reader
    /bin/mkdir -p /Users/argus/Programming/pdf-reader/.build/xcode-derived-release/Build/Products/Release/PDFReaderCore.framework/Versions/A/Headers

MkDir /Users/argus/Programming/pdf-reader/.build/xcode-derived-release/Build/Products/Release/PDFReaderCore.framework/Versions (in target 'PDFReaderCore' from project 'PDFReader')
    cd /Users/argus/Programming/pdf-reader
    /bin/mkdir -p /Users/argus/Programming/pdf-reader/.build/xcode-derived-release/Build/Products/Release/PDFReaderCore.framework/Versions

MkDir /Users/argus/Programming/pdf-reader/.build/xcode-derived-release/Build/Products/Release/PDFReaderCore.framework (in target 'PDFReaderCore' from project 'PDFReader')
    cd /Users/argus/Programming/pdf-reader
    /bin/mkdir -p /Users/argus/Programming/pdf-reader/.build/xcode-derived-release/Build/Products/Release/PDFReaderCore.framework

MkDir /Users/argus/Programming/pdf-reader/.build/xcode-derived-release/Build/Products/Release/PDFReader.app/Contents/Resources (in target 'PDFReaderApp' from project 'PDFReader')
    cd /Users/argus/Programming/pdf-reader
    /bin/mkdir -p /Users/argus/Programming/pdf-reader/.build/xcode-derived-release/Build/Products/Release/PDFReader.app/Contents/Resources

MkDir /Users/argus/Programming/pdf-reader/.build/xcode-derived-release/Build/Products/Release/PDFReader.app/Contents/MacOS (in target 'PDFReaderApp' from project 'PDFReader')
    cd /Users/argus/Programming/pdf-reader
    /bin/mkdir -p /Users/argus/Programming/pdf-reader/.build/xcode-derived-release/Build/Products/Release/PDFReader.app/Contents/MacOS

MkDir /Users/argus/Programming/pdf-reader/.build/xcode-derived-release/Build/Products/Release/PDFReader.app/Contents/Frameworks (in target 'PDFReaderApp' from project 'PDFReader')
    cd /Users/argus/Programming/pdf-reader
    /bin/mkdir -p /Users/argus/Programming/pdf-reader/.build/xcode-derived-release/Build/Products/Release/PDFReader.app/Contents/Frameworks

MkDir /Users/argus/Programming/pdf-reader/.build/xcode-derived-release/Build/Products/Release/PDFReader.app/Contents (in target 'PDFReaderApp' from project 'PDFReader')
    cd /Users/argus/Programming/pdf-reader
    /bin/mkdir -p /Users/argus/Programming/pdf-reader/.build/xcode-derived-release/Build/Products/Release/PDFReader.app/Contents

MkDir /Users/argus/Programming/pdf-reader/.build/xcode-derived-release/Build/Products/Release/PDFReader.app (in target 'PDFReaderApp' from project 'PDFReader')
    cd /Users/argus/Programming/pdf-reader
    /bin/mkdir -p /Users/argus/Programming/pdf-reader/.build/xcode-derived-release/Build/Products/Release/PDFReader.app

ProcessInfoPlistFile /Users/argus/Programming/pdf-reader/.build/xcode-derived-release/Build/Products/Release/PDFReaderCore.framework/Versions/A/Resources/Info.plist /Users/argus/Programming/pdf-reader/.build/xcode-derived-release/Build/Intermediates.noindex/PDFReader.build/Release/PDFReaderCore.build/empty-PDFReaderCore.plist (in target 'PDFReaderCore' from project 'PDFReader')
    cd /Users/argus/Programming/pdf-reader
    builtin-infoPlistUtility /Users/argus/Programming/pdf-reader/.build/xcode-derived-release/Build/Intermediates.noindex/PDFReader.build/Release/PDFReaderCore.build/empty-PDFReaderCore.plist -producttype com.apple.product-type.framework -expandbuildsettings -platform macosx -o /Users/argus/Programming/pdf-reader/.build/xcode-derived-release/Build/Products/Release/PDFReaderCore.framework/Versions/A/Resources/Info.plist

SwiftDriver TOMLDecoder normal arm64 com.apple.xcode.tools.swift.compiler (in target 'TOMLDecoder' from project 'TOMLDecoder')
    cd /Users/argus/Programming/pdf-reader/PDFReader.xcodeproj
    builtin-SwiftDriver -- /Applications/Xcode.app/Contents/Developer/Toolchains/XcodeDefault.xctoolchain/usr/bin/swiftc -module-name TOMLDecoder -O -whole-module-optimization @/Users/argus/Programming/pdf-reader/.build/xcode-derived-release/Build/Intermediates.noindex/TOMLDecoder.build/Release/TOMLDecoder.build/Objects-normal/arm64/TOMLDecoder.SwiftFileList -DSWIFT_PACKAGE -DSWIFT_MODULE_RESOURCE_BUNDLE_UNAVAILABLE -DXcode -enable-upcoming-feature ExistentialAny -enable-upcoming-feature InternalImportsByDefault -enable-upcoming-feature MemberImportVisibility -plugin-path /Applications/Xcode.app/Contents/Developer/Toolchains/XcodeDefault.xctoolchain/usr/lib/swift/host/plugins/testing -enable-experimental-feature DebugDescriptionMacro -sdk /Applications/Xcode.app/Contents/Developer/Platforms/MacOSX.platform/Developer/SDKs/MacOSX26.5.sdk -target arm64-apple-macos10.15 -g -module-cache-path /Users/argus/Programming/pdf-reader/.build/xcode-derived-release/ModuleCache.noindex -Xfrontend -serialize-debugging-options -suppress-warnings -swift-version 6 -I /Users/argus/Programming/pdf-reader/.build/xcode-derived-release/Build/Products/Release -Isystem /Applications/Xcode.app/Contents/Developer/Platforms/MacOSX.platform/Developer/usr/lib -F /Users/argus/Programming/pdf-reader/.build/xcode-derived-release/Build/Products/Release -F /Applications/Xcode.app/Contents/Developer/Platforms/MacOSX.platform/Developer/Library/Frameworks -c -num-threads 10 -Xcc -ivfsstatcache -Xcc /Users/argus/Programming/pdf-reader/.build/xcode-derived-release/SDKStatCaches.noindex/macosx26.5-25F70-e082c4a02f00227109f4ed75e425c832.sdkstatcache -output-file-map /Users/argus/Programming/pdf-reader/.build/xcode-derived-release/Build/Intermediates.noindex/TOMLDecoder.build/Release/TOMLDecoder.build/Objects-normal/arm64/TOMLDecoder-OutputFileMap.json -use-frontend-parseable-output -save-temps -no-color-diagnostics -explicit-module-build -module-cache-path /Users/argus/Programming/pdf-reader/.build/xcode-derived-release/Build/Intermediates.noindex/SwiftExplicitPrecompiledModules -clang-scanner-module-cache-path /Users/argus/Programming/pdf-reader/.build/xcode-derived-release/ModuleCache.noindex -sdk-module-cache-path /Users/argus/Programming/pdf-reader/.build/xcode-derived-release/ModuleCache.noindex -serialize-diagnostics -emit-dependencies -emit-module -emit-module-path /Users/argus/Programming/pdf-reader/.build/xcode-derived-release/Build/Intermediates.noindex/TOMLDecoder.build/Release/TOMLDecoder.build/Objects-normal/arm64/TOMLDecoder.swiftmodule -user-module-version 0.4.5 -validate-clang-modules-once -clang-build-session-file /Users/argus/Programming/pdf-reader/.build/xcode-derived-release/ModuleCache.noindex/Session.modulevalidation -package-name tomldecoder -Xcc -I/Users/argus/Programming/pdf-reader/.build/xcode-derived-release/Build/Intermediates.noindex/TOMLDecoder.build/Release/TOMLDecoder.build/swift-overrides.hmap -emit-const-values -Xfrontend -const-gather-protocols-file -Xfrontend /Users/argus/Programming/pdf-reader/.build/xcode-derived-release/Build/Intermediates.noindex/TOMLDecoder.build/Release/TOMLDecoder.build/Objects-normal/arm64/TOMLDecoder_const_extract_protocols.json -Xcc -I/Users/argus/Programming/pdf-reader/.build/xcode-derived-release/Build/Products/Release/include -Xcc -I/Users/argus/Programming/pdf-reader/.build/xcode-derived-release/Build/Intermediates.noindex/TOMLDecoder.build/Release/TOMLDecoder.build/DerivedSources-normal/arm64 -Xcc -I/Users/argus/Programming/pdf-reader/.build/xcode-derived-release/Build/Intermediates.noindex/TOMLDecoder.build/Release/TOMLDecoder.build/DerivedSources/arm64 -Xcc -I/Users/argus/Programming/pdf-reader/.build/xcode-derived-release/Build/Intermediates.noindex/TOMLDecoder.build/Release/TOMLDecoder.build/DerivedSources -Xcc -DSWIFT_PACKAGE -emit-objc-header -emit-objc-header-path /Users/argus/Programming/pdf-reader/.build/xcode-derived-release/Build/Intermediates.noindex/TOMLDecoder.build/Release/TOMLDecoder.build/Objects-normal/arm64/TOMLDecoder-Swift.h -working-directory /Users/argus/Programming/pdf-reader/PDFReader.xcodeproj -no-emit-module-separately-wmo

SwiftDriver PDFReaderCore normal arm64 com.apple.xcode.tools.swift.compiler (in target 'PDFReaderCore' from project 'PDFReader')
    cd /Users/argus/Programming/pdf-reader
    builtin-SwiftDriver -- /Applications/Xcode.app/Contents/Developer/Toolchains/XcodeDefault.xctoolchain/usr/bin/swiftc -module-name PDFReaderCore -O -whole-module-optimization @/Users/argus/Programming/pdf-reader/.build/xcode-derived-release/Build/Intermediates.noindex/PDFReader.build/Release/PDFReaderCore.build/Objects-normal/arm64/PDFReaderCore.SwiftFileList -enable-experimental-feature DebugDescriptionMacro -sdk /Applications/Xcode.app/Contents/Developer/Platforms/MacOSX.platform/Developer/SDKs/MacOSX26.5.sdk -target arm64-apple-macos14.0 -g -module-cache-path /Users/argus/Programming/pdf-reader/.build/xcode-derived-release/ModuleCache.noindex -Xfrontend -serialize-debugging-options -swift-version 6 -I /Users/argus/Programming/pdf-reader/.build/xcode-derived-release/Build/Products/Release -F /Users/argus/Programming/pdf-reader/.build/xcode-derived-release/Build/Products/Release -c -num-threads 10 -Xcc -ivfsstatcache -Xcc /Users/argus/Programming/pdf-reader/.build/xcode-derived-release/SDKStatCaches.noindex/macosx26.5-25F70-e082c4a02f00227109f4ed75e425c832.sdkstatcache -output-file-map /Users/argus/Programming/pdf-reader/.build/xcode-derived-release/Build/Intermediates.noindex/PDFReader.build/Release/PDFReaderCore.build/Objects-normal/arm64/PDFReaderCore-OutputFileMap.json -use-frontend-parseable-output -save-temps -no-color-diagnostics -explicit-module-build -module-cache-path /Users/argus/Programming/pdf-reader/.build/xcode-derived-release/Build/Intermediates.noindex/SwiftExplicitPrecompiledModules -clang-scanner-module-cache-path /Users/argus/Programming/pdf-reader/.build/xcode-derived-release/ModuleCache.noindex -sdk-module-cache-path /Users/argus/Programming/pdf-reader/.build/xcode-derived-release/ModuleCache.noindex -serialize-diagnostics -emit-dependencies -emit-module -emit-module-path /Users/argus/Programming/pdf-reader/.build/xcode-derived-release/Build/Intermediates.noindex/PDFReader.build/Release/PDFReaderCore.build/Objects-normal/arm64/PDFReaderCore.swiftmodule -validate-clang-modules-once -clang-build-session-file /Users/argus/Programming/pdf-reader/.build/xcode-derived-release/ModuleCache.noindex/Session.modulevalidation -Xcc -I/Users/argus/Programming/pdf-reader/.build/xcode-derived-release/Build/Intermediates.noindex/PDFReader.build/Release/PDFReaderCore.build/swift-overrides.hmap -emit-const-values -Xfrontend -const-gather-protocols-file -Xfrontend /Users/argus/Programming/pdf-reader/.build/xcode-derived-release/Build/Intermediates.noindex/PDFReader.build/Release/PDFReaderCore.build/Objects-normal/arm64/PDFReaderCore_const_extract_protocols.json -Xcc -iquote -Xcc /Users/argus/Programming/pdf-reader/.build/xcode-derived-release/Build/Intermediates.noindex/PDFReader.build/Release/PDFReaderCore.build/PDFReaderCore-generated-files.hmap -Xcc -I/Users/argus/Programming/pdf-reader/.build/xcode-derived-release/Build/Intermediates.noindex/PDFReader.build/Release/PDFReaderCore.build/PDFReaderCore-own-target-headers.hmap -Xcc -I/Users/argus/Programming/pdf-reader/.build/xcode-derived-release/Build/Intermediates.noindex/PDFReader.build/Release/PDFReaderCore.build/PDFReaderCore-all-non-framework-target-headers.hmap -Xcc -ivfsoverlay -Xcc /Users/argus/Programming/pdf-reader/.build/xcode-derived-release/Build/Intermediates.noindex/PDFReader.build/Release/PDFReader-5ed3f8c2d107e937755ff9345addb7ff-VFS/all-product-headers.yaml -Xcc -iquote -Xcc /Users/argus/Programming/pdf-reader/.build/xcode-derived-release/Build/Intermediates.noindex/PDFReader.build/Release/PDFReaderCore.build/PDFReaderCore-project-headers.hmap -Xcc -I/Users/argus/Programming/pdf-reader/.build/xcode-derived-release/Build/Products/Release/include -Xcc -I/Users/argus/Programming/pdf-reader/.build/xcode-derived-release/Build/Intermediates.noindex/PDFReader.build/Release/PDFReaderCore.build/DerivedSources-normal/arm64 -Xcc -I/Users/argus/Programming/pdf-reader/.build/xcode-derived-release/Build/Intermediates.noindex/PDFReader.build/Release/PDFReaderCore.build/DerivedSources/arm64 -Xcc -I/Users/argus/Programming/pdf-reader/.build/xcode-derived-release/Build/Intermediates.noindex/PDFReader.build/Release/PDFReaderCore.build/DerivedSources -emit-objc-header -emit-objc-header-path /Users/argus/Programming/pdf-reader/.build/xcode-derived-release/Build/Intermediates.noindex/PDFReader.build/Release/PDFReaderCore.build/Objects-normal/arm64/PDFReaderCore-Swift.h -working-directory /Users/argus/Programming/pdf-reader -no-emit-module-separately-wmo

SwiftDriver TOMLDecoder normal x86_64 com.apple.xcode.tools.swift.compiler (in target 'TOMLDecoder' from project 'TOMLDecoder')
    cd /Users/argus/Programming/pdf-reader/PDFReader.xcodeproj
    builtin-SwiftDriver -- /Applications/Xcode.app/Contents/Developer/Toolchains/XcodeDefault.xctoolchain/usr/bin/swiftc -module-name TOMLDecoder -O -whole-module-optimization @/Users/argus/Programming/pdf-reader/.build/xcode-derived-release/Build/Intermediates.noindex/TOMLDecoder.build/Release/TOMLDecoder.build/Objects-normal/x86_64/TOMLDecoder.SwiftFileList -DSWIFT_PACKAGE -DSWIFT_MODULE_RESOURCE_BUNDLE_UNAVAILABLE -DXcode -enable-upcoming-feature ExistentialAny -enable-upcoming-feature InternalImportsByDefault -enable-upcoming-feature MemberImportVisibility -plugin-path /Applications/Xcode.app/Contents/Developer/Toolchains/XcodeDefault.xctoolchain/usr/lib/swift/host/plugins/testing -enable-experimental-feature DebugDescriptionMacro -sdk /Applications/Xcode.app/Contents/Developer/Platforms/MacOSX.platform/Developer/SDKs/MacOSX26.5.sdk -target x86_64-apple-macos10.15 -g -module-cache-path /Users/argus/Programming/pdf-reader/.build/xcode-derived-release/ModuleCache.noindex -Xfrontend -serialize-debugging-options -suppress-warnings -swift-version 6 -I /Users/argus/Programming/pdf-reader/.build/xcode-derived-release/Build/Products/Release -Isystem /Applications/Xcode.app/Contents/Developer/Platforms/MacOSX.platform/Developer/usr/lib -F /Users/argus/Programming/pdf-reader/.build/xcode-derived-release/Build/Products/Release -F /Applications/Xcode.app/Contents/Developer/Platforms/MacOSX.platform/Developer/Library/Frameworks -c -num-threads 10 -Xcc -ivfsstatcache -Xcc /Users/argus/Programming/pdf-reader/.build/xcode-derived-release/SDKStatCaches.noindex/macosx26.5-25F70-e082c4a02f00227109f4ed75e425c832.sdkstatcache -output-file-map /Users/argus/Programming/pdf-reader/.build/xcode-derived-release/Build/Intermediates.noindex/TOMLDecoder.build/Release/TOMLDecoder.build/Objects-normal/x86_64/TOMLDecoder-OutputFileMap.json -use-frontend-parseable-output -save-temps -no-color-diagnostics -explicit-module-build -module-cache-path /Users/argus/Programming/pdf-reader/.build/xcode-derived-release/Build/Intermediates.noindex/SwiftExplicitPrecompiledModules -clang-scanner-module-cache-path /Users/argus/Programming/pdf-reader/.build/xcode-derived-release/ModuleCache.noindex -sdk-module-cache-path /Users/argus/Programming/pdf-reader/.build/xcode-derived-release/ModuleCache.noindex -serialize-diagnostics -emit-dependencies -emit-module -emit-module-path /Users/argus/Programming/pdf-reader/.build/xcode-derived-release/Build/Intermediates.noindex/TOMLDecoder.build/Release/TOMLDecoder.build/Objects-normal/x86_64/TOMLDecoder.swiftmodule -user-module-version 0.4.5 -validate-clang-modules-once -clang-build-session-file /Users/argus/Programming/pdf-reader/.build/xcode-derived-release/ModuleCache.noindex/Session.modulevalidation -package-name tomldecoder -Xcc -I/Users/argus/Programming/pdf-reader/.build/xcode-derived-release/Build/Intermediates.noindex/TOMLDecoder.build/Release/TOMLDecoder.build/swift-overrides.hmap -emit-const-values -Xfrontend -const-gather-protocols-file -Xfrontend /Users/argus/Programming/pdf-reader/.build/xcode-derived-release/Build/Intermediates.noindex/TOMLDecoder.build/Release/TOMLDecoder.build/Objects-normal/x86_64/TOMLDecoder_const_extract_protocols.json -Xcc -I/Users/argus/Programming/pdf-reader/.build/xcode-derived-release/Build/Products/Release/include -Xcc -I/Users/argus/Programming/pdf-reader/.build/xcode-derived-release/Build/Intermediates.noindex/TOMLDecoder.build/Release/TOMLDecoder.build/DerivedSources-normal/x86_64 -Xcc -I/Users/argus/Programming/pdf-reader/.build/xcode-derived-release/Build/Intermediates.noindex/TOMLDecoder.build/Release/TOMLDecoder.build/DerivedSources/x86_64 -Xcc -I/Users/argus/Programming/pdf-reader/.build/xcode-derived-release/Build/Intermediates.noindex/TOMLDecoder.build/Release/TOMLDecoder.build/DerivedSources -Xcc -DSWIFT_PACKAGE -emit-objc-header -emit-objc-header-path /Users/argus/Programming/pdf-reader/.build/xcode-derived-release/Build/Intermediates.noindex/TOMLDecoder.build/Release/TOMLDecoder.build/Objects-normal/x86_64/TOMLDecoder-Swift.h -working-directory /Users/argus/Programming/pdf-reader/PDFReader.xcodeproj -no-emit-module-separately-wmo

SwiftDriver PDFReaderCore normal x86_64 com.apple.xcode.tools.swift.compiler (in target 'PDFReaderCore' from project 'PDFReader')
    cd /Users/argus/Programming/pdf-reader
    builtin-SwiftDriver -- /Applications/Xcode.app/Contents/Developer/Toolchains/XcodeDefault.xctoolchain/usr/bin/swiftc -module-name PDFReaderCore -O -whole-module-optimization @/Users/argus/Programming/pdf-reader/.build/xcode-derived-release/Build/Intermediates.noindex/PDFReader.build/Release/PDFReaderCore.build/Objects-normal/x86_64/PDFReaderCore.SwiftFileList -enable-experimental-feature DebugDescriptionMacro -sdk /Applications/Xcode.app/Contents/Developer/Platforms/MacOSX.platform/Developer/SDKs/MacOSX26.5.sdk -target x86_64-apple-macos14.0 -g -module-cache-path /Users/argus/Programming/pdf-reader/.build/xcode-derived-release/ModuleCache.noindex -Xfrontend -serialize-debugging-options -swift-version 6 -I /Users/argus/Programming/pdf-reader/.build/xcode-derived-release/Build/Products/Release -F /Users/argus/Programming/pdf-reader/.build/xcode-derived-release/Build/Products/Release -c -num-threads 10 -Xcc -ivfsstatcache -Xcc /Users/argus/Programming/pdf-reader/.build/xcode-derived-release/SDKStatCaches.noindex/macosx26.5-25F70-e082c4a02f00227109f4ed75e425c832.sdkstatcache -output-file-map /Users/argus/Programming/pdf-reader/.build/xcode-derived-release/Build/Intermediates.noindex/PDFReader.build/Release/PDFReaderCore.build/Objects-normal/x86_64/PDFReaderCore-OutputFileMap.json -use-frontend-parseable-output -save-temps -no-color-diagnostics -explicit-module-build -module-cache-path /Users/argus/Programming/pdf-reader/.build/xcode-derived-release/Build/Intermediates.noindex/SwiftExplicitPrecompiledModules -clang-scanner-module-cache-path /Users/argus/Programming/pdf-reader/.build/xcode-derived-release/ModuleCache.noindex -sdk-module-cache-path /Users/argus/Programming/pdf-reader/.build/xcode-derived-release/ModuleCache.noindex -serialize-diagnostics -emit-dependencies -emit-module -emit-module-path /Users/argus/Programming/pdf-reader/.build/xcode-derived-release/Build/Intermediates.noindex/PDFReader.build/Release/PDFReaderCore.build/Objects-normal/x86_64/PDFReaderCore.swiftmodule -validate-clang-modules-once -clang-build-session-file /Users/argus/Programming/pdf-reader/.build/xcode-derived-release/ModuleCache.noindex/Session.modulevalidation -Xcc -I/Users/argus/Programming/pdf-reader/.build/xcode-derived-release/Build/Intermediates.noindex/PDFReader.build/Release/PDFReaderCore.build/swift-overrides.hmap -emit-const-values -Xfrontend -const-gather-protocols-file -Xfrontend /Users/argus/Programming/pdf-reader/.build/xcode-derived-release/Build/Intermediates.noindex/PDFReader.build/Release/PDFReaderCore.build/Objects-normal/x86_64/PDFReaderCore_const_extract_protocols.json -Xcc -iquote -Xcc /Users/argus/Programming/pdf-reader/.build/xcode-derived-release/Build/Intermediates.noindex/PDFReader.build/Release/PDFReaderCore.build/PDFReaderCore-generated-files.hmap -Xcc -I/Users/argus/Programming/pdf-reader/.build/xcode-derived-release/Build/Intermediates.noindex/PDFReader.build/Release/PDFReaderCore.build/PDFReaderCore-own-target-headers.hmap -Xcc -I/Users/argus/Programming/pdf-reader/.build/xcode-derived-release/Build/Intermediates.noindex/PDFReader.build/Release/PDFReaderCore.build/PDFReaderCore-all-non-framework-target-headers.hmap -Xcc -ivfsoverlay -Xcc /Users/argus/Programming/pdf-reader/.build/xcode-derived-release/Build/Intermediates.noindex/PDFReader.build/Release/PDFReader-5ed3f8c2d107e937755ff9345addb7ff-VFS/all-product-headers.yaml -Xcc -iquote -Xcc /Users/argus/Programming/pdf-reader/.build/xcode-derived-release/Build/Intermediates.noindex/PDFReader.build/Release/PDFReaderCore.build/PDFReaderCore-project-headers.hmap -Xcc -I/Users/argus/Programming/pdf-reader/.build/xcode-derived-release/Build/Products/Release/include -Xcc -I/Users/argus/Programming/pdf-reader/.build/xcode-derived-release/Build/Intermediates.noindex/PDFReader.build/Release/PDFReaderCore.build/DerivedSources-normal/x86_64 -Xcc -I/Users/argus/Programming/pdf-reader/.build/xcode-derived-release/Build/Intermediates.noindex/PDFReader.build/Release/PDFReaderCore.build/DerivedSources/x86_64 -Xcc -I/Users/argus/Programming/pdf-reader/.build/xcode-derived-release/Build/Intermediates.noindex/PDFReader.build/Release/PDFReaderCore.build/DerivedSources -emit-objc-header -emit-objc-header-path /Users/argus/Programming/pdf-reader/.build/xcode-derived-release/Build/Intermediates.noindex/PDFReader.build/Release/PDFReaderCore.build/Objects-normal/x86_64/PDFReaderCore-Swift.h -working-directory /Users/argus/Programming/pdf-reader -no-emit-module-separately-wmo

SwiftDriver\ Compilation TOMLDecoder normal x86_64 com.apple.xcode.tools.swift.compiler (in target 'TOMLDecoder' from project 'TOMLDecoder')
    cd /Users/argus/Programming/pdf-reader/PDFReader.xcodeproj
    builtin-Swift-Compilation -- /Applications/Xcode.app/Contents/Developer/Toolchains/XcodeDefault.xctoolchain/usr/bin/swiftc -module-name TOMLDecoder -O -whole-module-optimization @/Users/argus/Programming/pdf-reader/.build/xcode-derived-release/Build/Intermediates.noindex/TOMLDecoder.build/Release/TOMLDecoder.build/Objects-normal/x86_64/TOMLDecoder.SwiftFileList -DSWIFT_PACKAGE -DSWIFT_MODULE_RESOURCE_BUNDLE_UNAVAILABLE -DXcode -enable-upcoming-feature ExistentialAny -enable-upcoming-feature InternalImportsByDefault -enable-upcoming-feature MemberImportVisibility -plugin-path /Applications/Xcode.app/Contents/Developer/Toolchains/XcodeDefault.xctoolchain/usr/lib/swift/host/plugins/testing -enable-experimental-feature DebugDescriptionMacro -sdk /Applications/Xcode.app/Contents/Developer/Platforms/MacOSX.platform/Developer/SDKs/MacOSX26.5.sdk -target x86_64-apple-macos10.15 -g -module-cache-path /Users/argus/Programming/pdf-reader/.build/xcode-derived-release/ModuleCache.noindex -Xfrontend -serialize-debugging-options -suppress-warnings -swift-version 6 -I /Users/argus/Programming/pdf-reader/.build/xcode-derived-release/Build/Products/Release -Isystem /Applications/Xcode.app/Contents/Developer/Platforms/MacOSX.platform/Developer/usr/lib -F /Users/argus/Programming/pdf-reader/.build/xcode-derived-release/Build/Products/Release -F /Applications/Xcode.app/Contents/Developer/Platforms/MacOSX.platform/Developer/Library/Frameworks -c -num-threads 10 -Xcc -ivfsstatcache -Xcc /Users/argus/Programming/pdf-reader/.build/xcode-derived-release/SDKStatCaches.noindex/macosx26.5-25F70-e082c4a02f00227109f4ed75e425c832.sdkstatcache -output-file-map /Users/argus/Programming/pdf-reader/.build/xcode-derived-release/Build/Intermediates.noindex/TOMLDecoder.build/Release/TOMLDecoder.build/Objects-normal/x86_64/TOMLDecoder-OutputFileMap.json -use-frontend-parseable-output -save-temps -no-color-diagnostics -explicit-module-build -module-cache-path /Users/argus/Programming/pdf-reader/.build/xcode-derived-release/Build/Intermediates.noindex/SwiftExplicitPrecompiledModules -clang-scanner-module-cache-path /Users/argus/Programming/pdf-reader/.build/xcode-derived-release/ModuleCache.noindex -sdk-module-cache-path /Users/argus/Programming/pdf-reader/.build/xcode-derived-release/ModuleCache.noindex -serialize-diagnostics -emit-dependencies -emit-module -emit-module-path /Users/argus/Programming/pdf-reader/.build/xcode-derived-release/Build/Intermediates.noindex/TOMLDecoder.build/Release/TOMLDecoder.build/Objects-normal/x86_64/TOMLDecoder.swiftmodule -user-module-version 0.4.5 -validate-clang-modules-once -clang-build-session-file /Users/argus/Programming/pdf-reader/.build/xcode-derived-release/ModuleCache.noindex/Session.modulevalidation -package-name tomldecoder -Xcc -I/Users/argus/Programming/pdf-reader/.build/xcode-derived-release/Build/Intermediates.noindex/TOMLDecoder.build/Release/TOMLDecoder.build/swift-overrides.hmap -emit-const-values -Xfrontend -const-gather-protocols-file -Xfrontend /Users/argus/Programming/pdf-reader/.build/xcode-derived-release/Build/Intermediates.noindex/TOMLDecoder.build/Release/TOMLDecoder.build/Objects-normal/x86_64/TOMLDecoder_const_extract_protocols.json -Xcc -I/Users/argus/Programming/pdf-reader/.build/xcode-derived-release/Build/Products/Release/include -Xcc -I/Users/argus/Programming/pdf-reader/.build/xcode-derived-release/Build/Intermediates.noindex/TOMLDecoder.build/Release/TOMLDecoder.build/DerivedSources-normal/x86_64 -Xcc -I/Users/argus/Programming/pdf-reader/.build/xcode-derived-release/Build/Intermediates.noindex/TOMLDecoder.build/Release/TOMLDecoder.build/DerivedSources/x86_64 -Xcc -I/Users/argus/Programming/pdf-reader/.build/xcode-derived-release/Build/Intermediates.noindex/TOMLDecoder.build/Release/TOMLDecoder.build/DerivedSources -Xcc -DSWIFT_PACKAGE -emit-objc-header -emit-objc-header-path /Users/argus/Programming/pdf-reader/.build/xcode-derived-release/Build/Intermediates.noindex/TOMLDecoder.build/Release/TOMLDecoder.build/Objects-normal/x86_64/TOMLDecoder-Swift.h -working-directory /Users/argus/Programming/pdf-reader/PDFReader.xcodeproj -no-emit-module-separately-wmo

SwiftExplicitDependencyGeneratePcm x86_64 /Users/argus/Programming/pdf-reader/.build/xcode-derived-release/ModuleCache.noindex/ptrcheck-CT4QPJGYALGAV5B3X5JFU0CP2.pcm

SwiftExplicitDependencyGeneratePcm x86_64 /Users/argus/Programming/pdf-reader/.build/xcode-derived-release/ModuleCache.noindex/_Builtin_stdarg-20TVF3VYUNWV8P6WK4GCO3JX0.pcm

SwiftExplicitDependencyGeneratePcm x86_64 /Users/argus/Programming/pdf-reader/.build/xcode-derived-release/ModuleCache.noindex/_SwiftConcurrencyShims-85ZHBP5A42852JA98VPW0WGV8.pcm

SwiftExplicitDependencyGeneratePcm x86_64 /Users/argus/Programming/pdf-reader/.build/xcode-derived-release/ModuleCache.noindex/_AvailabilityInternal-4W3LVOSSKCOPQ7NV57JTDB161.pcm

SwiftExplicitDependencyGeneratePcm x86_64 /Users/argus/Programming/pdf-reader/.build/xcode-derived-release/ModuleCache.noindex/ptrauth-3GJSF1CFXAGBK0KIG6FR02LHH.pcm

SwiftExplicitDependencyGeneratePcm x86_64 /Users/argus/Programming/pdf-reader/.build/xcode-derived-release/ModuleCache.noindex/_Builtin_stddef-7RO5679M3SXYG2DICJ37CYHPD.pcm

SwiftExplicitDependencyGeneratePcm x86_64 /Users/argus/Programming/pdf-reader/.build/xcode-derived-release/ModuleCache.noindex/_Builtin_stdbool-2I8UT1QS8NJSQF6X3KF3HM0JI.pcm

SwiftExplicitDependencyGeneratePcm x86_64 /Users/argus/Programming/pdf-reader/.build/xcode-derived-release/ModuleCache.noindex/SwiftShims-6SHGGQ0HHSZAPIJGOP1HLCRL5.pcm

SwiftExplicitDependencyGeneratePcm x86_64 /Users/argus/Programming/pdf-reader/.build/xcode-derived-release/ModuleCache.noindex/_Builtin_float-AX43PLU6LGG7COJMBPIPLTSOT.pcm

SwiftDriver\ Compilation TOMLDecoder normal arm64 com.apple.xcode.tools.swift.compiler (in target 'TOMLDecoder' from project 'TOMLDecoder')
    cd /Users/argus/Programming/pdf-reader/PDFReader.xcodeproj
    builtin-Swift-Compilation -- /Applications/Xcode.app/Contents/Developer/Toolchains/XcodeDefault.xctoolchain/usr/bin/swiftc -module-name TOMLDecoder -O -whole-module-optimization @/Users/argus/Programming/pdf-reader/.build/xcode-derived-release/Build/Intermediates.noindex/TOMLDecoder.build/Release/TOMLDecoder.build/Objects-normal/arm64/TOMLDecoder.SwiftFileList -DSWIFT_PACKAGE -DSWIFT_MODULE_RESOURCE_BUNDLE_UNAVAILABLE -DXcode -enable-upcoming-feature ExistentialAny -enable-upcoming-feature InternalImportsByDefault -enable-upcoming-feature MemberImportVisibility -plugin-path /Applications/Xcode.app/Contents/Developer/Toolchains/XcodeDefault.xctoolchain/usr/lib/swift/host/plugins/testing -enable-experimental-feature DebugDescriptionMacro -sdk /Applications/Xcode.app/Contents/Developer/Platforms/MacOSX.platform/Developer/SDKs/MacOSX26.5.sdk -target arm64-apple-macos10.15 -g -module-cache-path /Users/argus/Programming/pdf-reader/.build/xcode-derived-release/ModuleCache.noindex -Xfrontend -serialize-debugging-options -suppress-warnings -swift-version 6 -I /Users/argus/Programming/pdf-reader/.build/xcode-derived-release/Build/Products/Release -Isystem /Applications/Xcode.app/Contents/Developer/Platforms/MacOSX.platform/Developer/usr/lib -F /Users/argus/Programming/pdf-reader/.build/xcode-derived-release/Build/Products/Release -F /Applications/Xcode.app/Contents/Developer/Platforms/MacOSX.platform/Developer/Library/Frameworks -c -num-threads 10 -Xcc -ivfsstatcache -Xcc /Users/argus/Programming/pdf-reader/.build/xcode-derived-release/SDKStatCaches.noindex/macosx26.5-25F70-e082c4a02f00227109f4ed75e425c832.sdkstatcache -output-file-map /Users/argus/Programming/pdf-reader/.build/xcode-derived-release/Build/Intermediates.noindex/TOMLDecoder.build/Release/TOMLDecoder.build/Objects-normal/arm64/TOMLDecoder-OutputFileMap.json -use-frontend-parseable-output -save-temps -no-color-diagnostics -explicit-module-build -module-cache-path /Users/argus/Programming/pdf-reader/.build/xcode-derived-release/Build/Intermediates.noindex/SwiftExplicitPrecompiledModules -clang-scanner-module-cache-path /Users/argus/Programming/pdf-reader/.build/xcode-derived-release/ModuleCache.noindex -sdk-module-cache-path /Users/argus/Programming/pdf-reader/.build/xcode-derived-release/ModuleCache.noindex -serialize-diagnostics -emit-dependencies -emit-module -emit-module-path /Users/argus/Programming/pdf-reader/.build/xcode-derived-release/Build/Intermediates.noindex/TOMLDecoder.build/Release/TOMLDecoder.build/Objects-normal/arm64/TOMLDecoder.swiftmodule -user-module-version 0.4.5 -validate-clang-modules-once -clang-build-session-file /Users/argus/Programming/pdf-reader/.build/xcode-derived-release/ModuleCache.noindex/Session.modulevalidation -package-name tomldecoder -Xcc -I/Users/argus/Programming/pdf-reader/.build/xcode-derived-release/Build/Intermediates.noindex/TOMLDecoder.build/Release/TOMLDecoder.build/swift-overrides.hmap -emit-const-values -Xfrontend -const-gather-protocols-file -Xfrontend /Users/argus/Programming/pdf-reader/.build/xcode-derived-release/Build/Intermediates.noindex/TOMLDecoder.build/Release/TOMLDecoder.build/Objects-normal/arm64/TOMLDecoder_const_extract_protocols.json -Xcc -I/Users/argus/Programming/pdf-reader/.build/xcode-derived-release/Build/Products/Release/include -Xcc -I/Users/argus/Programming/pdf-reader/.build/xcode-derived-release/Build/Intermediates.noindex/TOMLDecoder.build/Release/TOMLDecoder.build/DerivedSources-normal/arm64 -Xcc -I/Users/argus/Programming/pdf-reader/.build/xcode-derived-release/Build/Intermediates.noindex/TOMLDecoder.build/Release/TOMLDecoder.build/DerivedSources/arm64 -Xcc -I/Users/argus/Programming/pdf-reader/.build/xcode-derived-release/Build/Intermediates.noindex/TOMLDecoder.build/Release/TOMLDecoder.build/DerivedSources -Xcc -DSWIFT_PACKAGE -emit-objc-header -emit-objc-header-path /Users/argus/Programming/pdf-reader/.build/xcode-derived-release/Build/Intermediates.noindex/TOMLDecoder.build/Release/TOMLDecoder.build/Objects-normal/arm64/TOMLDecoder-Swift.h -working-directory /Users/argus/Programming/pdf-reader/PDFReader.xcodeproj -no-emit-module-separately-wmo

SwiftDriver\ Compilation PDFReaderCore normal x86_64 com.apple.xcode.tools.swift.compiler (in target 'PDFReaderCore' from project 'PDFReader')
    cd /Users/argus/Programming/pdf-reader
    builtin-Swift-Compilation -- /Applications/Xcode.app/Contents/Developer/Toolchains/XcodeDefault.xctoolchain/usr/bin/swiftc -module-name PDFReaderCore -O -whole-module-optimization @/Users/argus/Programming/pdf-reader/.build/xcode-derived-release/Build/Intermediates.noindex/PDFReader.build/Release/PDFReaderCore.build/Objects-normal/x86_64/PDFReaderCore.SwiftFileList -enable-experimental-feature DebugDescriptionMacro -sdk /Applications/Xcode.app/Contents/Developer/Platforms/MacOSX.platform/Developer/SDKs/MacOSX26.5.sdk -target x86_64-apple-macos14.0 -g -module-cache-path /Users/argus/Programming/pdf-reader/.build/xcode-derived-release/ModuleCache.noindex -Xfrontend -serialize-debugging-options -swift-version 6 -I /Users/argus/Programming/pdf-reader/.build/xcode-derived-release/Build/Products/Release -F /Users/argus/Programming/pdf-reader/.build/xcode-derived-release/Build/Products/Release -c -num-threads 10 -Xcc -ivfsstatcache -Xcc /Users/argus/Programming/pdf-reader/.build/xcode-derived-release/SDKStatCaches.noindex/macosx26.5-25F70-e082c4a02f00227109f4ed75e425c832.sdkstatcache -output-file-map /Users/argus/Programming/pdf-reader/.build/xcode-derived-release/Build/Intermediates.noindex/PDFReader.build/Release/PDFReaderCore.build/Objects-normal/x86_64/PDFReaderCore-OutputFileMap.json -use-frontend-parseable-output -save-temps -no-color-diagnostics -explicit-module-build -module-cache-path /Users/argus/Programming/pdf-reader/.build/xcode-derived-release/Build/Intermediates.noindex/SwiftExplicitPrecompiledModules -clang-scanner-module-cache-path /Users/argus/Programming/pdf-reader/.build/xcode-derived-release/ModuleCache.noindex -sdk-module-cache-path /Users/argus/Programming/pdf-reader/.build/xcode-derived-release/ModuleCache.noindex -serialize-diagnostics -emit-dependencies -emit-module -emit-module-path /Users/argus/Programming/pdf-reader/.build/xcode-derived-release/Build/Intermediates.noindex/PDFReader.build/Release/PDFReaderCore.build/Objects-normal/x86_64/PDFReaderCore.swiftmodule -validate-clang-modules-once -clang-build-session-file /Users/argus/Programming/pdf-reader/.build/xcode-derived-release/ModuleCache.noindex/Session.modulevalidation -Xcc -I/Users/argus/Programming/pdf-reader/.build/xcode-derived-release/Build/Intermediates.noindex/PDFReader.build/Release/PDFReaderCore.build/swift-overrides.hmap -emit-const-values -Xfrontend -const-gather-protocols-file -Xfrontend /Users/argus/Programming/pdf-reader/.build/xcode-derived-release/Build/Intermediates.noindex/PDFReader.build/Release/PDFReaderCore.build/Objects-normal/x86_64/PDFReaderCore_const_extract_protocols.json -Xcc -iquote -Xcc /Users/argus/Programming/pdf-reader/.build/xcode-derived-release/Build/Intermediates.noindex/PDFReader.build/Release/PDFReaderCore.build/PDFReaderCore-generated-files.hmap -Xcc -I/Users/argus/Programming/pdf-reader/.build/xcode-derived-release/Build/Intermediates.noindex/PDFReader.build/Release/PDFReaderCore.build/PDFReaderCore-own-target-headers.hmap -Xcc -I/Users/argus/Programming/pdf-reader/.build/xcode-derived-release/Build/Intermediates.noindex/PDFReader.build/Release/PDFReaderCore.build/PDFReaderCore-all-non-framework-target-headers.hmap -Xcc -ivfsoverlay -Xcc /Users/argus/Programming/pdf-reader/.build/xcode-derived-release/Build/Intermediates.noindex/PDFReader.build/Release/PDFReader-5ed3f8c2d107e937755ff9345addb7ff-VFS/all-product-headers.yaml -Xcc -iquote -Xcc /Users/argus/Programming/pdf-reader/.build/xcode-derived-release/Build/Intermediates.noindex/PDFReader.build/Release/PDFReaderCore.build/PDFReaderCore-project-headers.hmap -Xcc -I/Users/argus/Programming/pdf-reader/.build/xcode-derived-release/Build/Products/Release/include -Xcc -I/Users/argus/Programming/pdf-reader/.build/xcode-derived-release/Build/Intermediates.noindex/PDFReader.build/Release/PDFReaderCore.build/DerivedSources-normal/x86_64 -Xcc -I/Users/argus/Programming/pdf-reader/.build/xcode-derived-release/Build/Intermediates.noindex/PDFReader.build/Release/PDFReaderCore.build/DerivedSources/x86_64 -Xcc -I/Users/argus/Programming/pdf-reader/.build/xcode-derived-release/Build/Intermediates.noindex/PDFReader.build/Release/PDFReaderCore.build/DerivedSources -emit-objc-header -emit-objc-header-path /Users/argus/Programming/pdf-reader/.build/xcode-derived-release/Build/Intermediates.noindex/PDFReader.build/Release/PDFReaderCore.build/Objects-normal/x86_64/PDFReaderCore-Swift.h -working-directory /Users/argus/Programming/pdf-reader -no-emit-module-separately-wmo

SwiftDriver\ Compilation PDFReaderCore normal arm64 com.apple.xcode.tools.swift.compiler (in target 'PDFReaderCore' from project 'PDFReader')
    cd /Users/argus/Programming/pdf-reader
    builtin-Swift-Compilation -- /Applications/Xcode.app/Contents/Developer/Toolchains/XcodeDefault.xctoolchain/usr/bin/swiftc -module-name PDFReaderCore -O -whole-module-optimization @/Users/argus/Programming/pdf-reader/.build/xcode-derived-release/Build/Intermediates.noindex/PDFReader.build/Release/PDFReaderCore.build/Objects-normal/arm64/PDFReaderCore.SwiftFileList -enable-experimental-feature DebugDescriptionMacro -sdk /Applications/Xcode.app/Contents/Developer/Platforms/MacOSX.platform/Developer/SDKs/MacOSX26.5.sdk -target arm64-apple-macos14.0 -g -module-cache-path /Users/argus/Programming/pdf-reader/.build/xcode-derived-release/ModuleCache.noindex -Xfrontend -serialize-debugging-options -swift-version 6 -I /Users/argus/Programming/pdf-reader/.build/xcode-derived-release/Build/Products/Release -F /Users/argus/Programming/pdf-reader/.build/xcode-derived-release/Build/Products/Release -c -num-threads 10 -Xcc -ivfsstatcache -Xcc /Users/argus/Programming/pdf-reader/.build/xcode-derived-release/SDKStatCaches.noindex/macosx26.5-25F70-e082c4a02f00227109f4ed75e425c832.sdkstatcache -output-file-map /Users/argus/Programming/pdf-reader/.build/xcode-derived-release/Build/Intermediates.noindex/PDFReader.build/Release/PDFReaderCore.build/Objects-normal/arm64/PDFReaderCore-OutputFileMap.json -use-frontend-parseable-output -save-temps -no-color-diagnostics -explicit-module-build -module-cache-path /Users/argus/Programming/pdf-reader/.build/xcode-derived-release/Build/Intermediates.noindex/SwiftExplicitPrecompiledModules -clang-scanner-module-cache-path /Users/argus/Programming/pdf-reader/.build/xcode-derived-release/ModuleCache.noindex -sdk-module-cache-path /Users/argus/Programming/pdf-reader/.build/xcode-derived-release/ModuleCache.noindex -serialize-diagnostics -emit-dependencies -emit-module -emit-module-path /Users/argus/Programming/pdf-reader/.build/xcode-derived-release/Build/Intermediates.noindex/PDFReader.build/Release/PDFReaderCore.build/Objects-normal/arm64/PDFReaderCore.swiftmodule -validate-clang-modules-once -clang-build-session-file /Users/argus/Programming/pdf-reader/.build/xcode-derived-release/ModuleCache.noindex/Session.modulevalidation -Xcc -I/Users/argus/Programming/pdf-reader/.build/xcode-derived-release/Build/Intermediates.noindex/PDFReader.build/Release/PDFReaderCore.build/swift-overrides.hmap -emit-const-values -Xfrontend -const-gather-protocols-file -Xfrontend /Users/argus/Programming/pdf-reader/.build/xcode-derived-release/Build/Intermediates.noindex/PDFReader.build/Release/PDFReaderCore.build/Objects-normal/arm64/PDFReaderCore_const_extract_protocols.json -Xcc -iquote -Xcc /Users/argus/Programming/pdf-reader/.build/xcode-derived-release/Build/Intermediates.noindex/PDFReader.build/Release/PDFReaderCore.build/PDFReaderCore-generated-files.hmap -Xcc -I/Users/argus/Programming/pdf-reader/.build/xcode-derived-release/Build/Intermediates.noindex/PDFReader.build/Release/PDFReaderCore.build/PDFReaderCore-own-target-headers.hmap -Xcc -I/Users/argus/Programming/pdf-reader/.build/xcode-derived-release/Build/Intermediates.noindex/PDFReader.build/Release/PDFReaderCore.build/PDFReaderCore-all-non-framework-target-headers.hmap -Xcc -ivfsoverlay -Xcc /Users/argus/Programming/pdf-reader/.build/xcode-derived-release/Build/Intermediates.noindex/PDFReader.build/Release/PDFReader-5ed3f8c2d107e937755ff9345addb7ff-VFS/all-product-headers.yaml -Xcc -iquote -Xcc /Users/argus/Programming/pdf-reader/.build/xcode-derived-release/Build/Intermediates.noindex/PDFReader.build/Release/PDFReaderCore.build/PDFReaderCore-project-headers.hmap -Xcc -I/Users/argus/Programming/pdf-reader/.build/xcode-derived-release/Build/Products/Release/include -Xcc -I/Users/argus/Programming/pdf-reader/.build/xcode-derived-release/Build/Intermediates.noindex/PDFReader.build/Release/PDFReaderCore.build/DerivedSources-normal/arm64 -Xcc -I/Users/argus/Programming/pdf-reader/.build/xcode-derived-release/Build/Intermediates.noindex/PDFReader.build/Release/PDFReaderCore.build/DerivedSources/arm64 -Xcc -I/Users/argus/Programming/pdf-reader/.build/xcode-derived-release/Build/Intermediates.noindex/PDFReader.build/Release/PDFReaderCore.build/DerivedSources -emit-objc-header -emit-objc-header-path /Users/argus/Programming/pdf-reader/.build/xcode-derived-release/Build/Intermediates.noindex/PDFReader.build/Release/PDFReaderCore.build/Objects-normal/arm64/PDFReaderCore-Swift.h -working-directory /Users/argus/Programming/pdf-reader -no-emit-module-separately-wmo

SwiftExplicitDependencyGeneratePcm x86_64 /Users/argus/Programming/pdf-reader/.build/xcode-derived-release/ModuleCache.noindex/_SwiftConcurrencyShims-7LFASGN4O5RRYC8SV7UHYRQT3.pcm

SwiftExplicitDependencyGeneratePcm x86_64 /Users/argus/Programming/pdf-reader/.build/xcode-derived-release/ModuleCache.noindex/ptrauth-43A2HUDOJA1QLHPVJFGWGUT4Y.pcm

SwiftExplicitDependencyGeneratePcm x86_64 /Users/argus/Programming/pdf-reader/.build/xcode-derived-release/ModuleCache.noindex/ptrcheck-UU3C1LHUYUHAODN1KQ90V1LG.pcm

SwiftExplicitDependencyGeneratePcm arm64 /Users/argus/Programming/pdf-reader/.build/xcode-derived-release/ModuleCache.noindex/_SwiftConcurrencyShims-V8T5D8RF4FJN6CZOGNB2KYOD.pcm

SwiftExplicitDependencyGeneratePcm arm64 /Users/argus/Programming/pdf-reader/.build/xcode-derived-release/ModuleCache.noindex/_SwiftConcurrencyShims-3TABQVUQJNJBZNWTFQXHUI19K.pcm

SwiftExplicitDependencyGeneratePcm arm64 /Users/argus/Programming/pdf-reader/.build/xcode-derived-release/ModuleCache.noindex/ptrauth-424PG7I52UGQWOOTXU0GOZJAE.pcm

SwiftExplicitDependencyGeneratePcm arm64 /Users/argus/Programming/pdf-reader/.build/xcode-derived-release/ModuleCache.noindex/SwiftShims-62GAKRGVLDP9BDKIUZRFB48BQ.pcm

SwiftExplicitDependencyGeneratePcm arm64 /Users/argus/Programming/pdf-reader/.build/xcode-derived-release/ModuleCache.noindex/_Builtin_stddef-9X33IQ1VQHTJ144OFVDHSLLQJ.pcm

SwiftExplicitDependencyGeneratePcm arm64 /Users/argus/Programming/pdf-reader/.build/xcode-derived-release/ModuleCache.noindex/ptrauth-62MED5KATPZY3Z0IQXBI65MYO.pcm

SwiftExplicitDependencyGeneratePcm arm64 /Users/argus/Programming/pdf-reader/.build/xcode-derived-release/ModuleCache.noindex/_Builtin_stdarg-682F4EZ3EI4SQ146P3AZ49T2N.pcm

SwiftExplicitDependencyGeneratePcm arm64 /Users/argus/Programming/pdf-reader/.build/xcode-derived-release/ModuleCache.noindex/_Builtin_float-18RRDDLEAEVPW76JWVDPGLGN6.pcm

SwiftExplicitDependencyGeneratePcm arm64 /Users/argus/Programming/pdf-reader/.build/xcode-derived-release/ModuleCache.noindex/_Builtin_stdbool-3QEU800VU81Z8WJCJFSYW236M.pcm

SwiftExplicitDependencyGeneratePcm x86_64 /Users/argus/Programming/pdf-reader/.build/xcode-derived-release/ModuleCache.noindex/_Builtin_stdarg-4FSSV21C28VB7B0NZ2D7EK510.pcm

SwiftExplicitDependencyGeneratePcm x86_64 /Users/argus/Programming/pdf-reader/.build/xcode-derived-release/ModuleCache.noindex/_Builtin_float-15UGSWICR6CKRBITO27CL4MFI.pcm

SwiftExplicitDependencyGeneratePcm arm64 /Users/argus/Programming/pdf-reader/.build/xcode-derived-release/ModuleCache.noindex/_Builtin_stdarg-N7QQBEFV44QGX63JQV69C3DT.pcm

SwiftExplicitDependencyGeneratePcm x86_64 /Users/argus/Programming/pdf-reader/.build/xcode-derived-release/ModuleCache.noindex/_AvailabilityInternal-3PFWENTHKV9KOSBLJU9MFJ6AC.pcm

SwiftExplicitDependencyGeneratePcm x86_64 /Users/argus/Programming/pdf-reader/.build/xcode-derived-release/ModuleCache.noindex/SwiftShims-EV5A39C8ORWUARI9ESZ8LXDYN.pcm

SwiftExplicitDependencyGeneratePcm x86_64 /Users/argus/Programming/pdf-reader/.build/xcode-derived-release/ModuleCache.noindex/_DarwinFoundation1-9NL9GZ2HWYPKV1YDZLFAR0E7W.pcm

SwiftExplicitDependencyGeneratePcm arm64 /Users/argus/Programming/pdf-reader/.build/xcode-derived-release/ModuleCache.noindex/ptrcheck-5SQTFLY6S1QIZEN1929SLNSBW.pcm

SwiftExplicitDependencyGeneratePcm arm64 /Users/argus/Programming/pdf-reader/.build/xcode-derived-release/ModuleCache.noindex/_Builtin_stddef-94G6DAVIVE82Z36U5DD0X64XO.pcm

SwiftExplicitDependencyGeneratePcm arm64 /Users/argus/Programming/pdf-reader/.build/xcode-derived-release/ModuleCache.noindex/_Builtin_stdbool-8PLHRNLTX91XFFNF5UROZN4WM.pcm

SwiftExplicitDependencyGeneratePcm arm64 /Users/argus/Programming/pdf-reader/.build/xcode-derived-release/ModuleCache.noindex/_AvailabilityInternal-4D1EA7EEOH0QSQGCP82NMGHC9.pcm

SwiftExplicitDependencyGeneratePcm arm64 /Users/argus/Programming/pdf-reader/.build/xcode-derived-release/ModuleCache.noindex/_Builtin_float-1SN6AJALNBJLN6FE55615T6O0.pcm

SwiftExplicitDependencyGeneratePcm arm64 /Users/argus/Programming/pdf-reader/.build/xcode-derived-release/ModuleCache.noindex/SwiftShims-BM4862CITTX2RKGVSUCY9JXBH.pcm

SwiftExplicitDependencyGeneratePcm arm64 /Users/argus/Programming/pdf-reader/.build/xcode-derived-release/ModuleCache.noindex/_AvailabilityInternal-EBG3WJ1W2TCGJL9U0Q5STA50J.pcm

SwiftExplicitDependencyGeneratePcm x86_64 /Users/argus/Programming/pdf-reader/.build/xcode-derived-release/ModuleCache.noindex/_Builtin_stddef-ABT2GAHU4OZMQNHA5Y5FMZ5OB.pcm

SwiftExplicitDependencyGeneratePcm x86_64 /Users/argus/Programming/pdf-reader/.build/xcode-derived-release/ModuleCache.noindex/_DarwinFoundation1-9T9UW00ZXSIVY7M6S38QTCYMA.pcm

SwiftExplicitDependencyGeneratePcm arm64 /Users/argus/Programming/pdf-reader/.build/xcode-derived-release/ModuleCache.noindex/ptrcheck-B3R66BJTZ1UPMS6CWOOU2IXES.pcm

SwiftExplicitDependencyGeneratePcm x86_64 /Users/argus/Programming/pdf-reader/.build/xcode-derived-release/ModuleCache.noindex/_Builtin_stdbool-4UYEWRX3HG3CC1N99BVNITWV8.pcm

SwiftExplicitDependencyGeneratePcm x86_64 /Users/argus/Programming/pdf-reader/.build/xcode-derived-release/ModuleCache.noindex/_DarwinFoundation2-1ZC2BJ7BP4QRNVQES1NXY1BMU.pcm

SwiftExplicitDependencyGeneratePcm x86_64 /Users/argus/Programming/pdf-reader/.build/xcode-derived-release/ModuleCache.noindex/_Builtin_limits-7BJ3BR7TCS33AOS1ZWVWCOEJ2.pcm

SwiftExplicitDependencyGeneratePcm arm64 /Users/argus/Programming/pdf-reader/.build/xcode-derived-release/ModuleCache.noindex/_DarwinFoundation1-80QQQVC6W5Q4K7EX52QRAEV71.pcm

SwiftExplicitDependencyGeneratePcm arm64 /Users/argus/Programming/pdf-reader/.build/xcode-derived-release/ModuleCache.noindex/_DarwinFoundation1-8UZASKRNHIGDTG0ZN2HY5SDHU.pcm

SwiftExplicitDependencyGeneratePcm x86_64 /Users/argus/Programming/pdf-reader/.build/xcode-derived-release/ModuleCache.noindex/_DarwinFoundation2-1SRNQMMDP5L5PFVRV2HTSV2V4.pcm

SwiftExplicitDependencyGeneratePcm x86_64 /Users/argus/Programming/pdf-reader/.build/xcode-derived-release/ModuleCache.noindex/_Builtin_limits-9WOLLKMX4JRROT77DNLSK7O1Z.pcm

SwiftExplicitDependencyGeneratePcm arm64 /Users/argus/Programming/pdf-reader/.build/xcode-derived-release/ModuleCache.noindex/_DarwinFoundation2-8GMWUOEDH7LJ3NRHQKRABKZ8G.pcm

SwiftExplicitDependencyGeneratePcm arm64 /Users/argus/Programming/pdf-reader/.build/xcode-derived-release/ModuleCache.noindex/_Builtin_limits-3ANGLVJ40ARYQKJ3NOYA7JO7X.pcm

SwiftExplicitDependencyGeneratePcm x86_64 /Users/argus/Programming/pdf-reader/.build/xcode-derived-release/ModuleCache.noindex/sys_types-79UTMW5UKGIFPIH8D7J12BTNN.pcm

SwiftExplicitDependencyGeneratePcm x86_64 /Users/argus/Programming/pdf-reader/.build/xcode-derived-release/ModuleCache.noindex/_Builtin_stdint-3H1A9SQ355WYFHIDVKQYD9M9O.pcm

SwiftExplicitDependencyGeneratePcm arm64 /Users/argus/Programming/pdf-reader/.build/xcode-derived-release/ModuleCache.noindex/_DarwinFoundation2-74T2QV5DAOHH9YF57XM23T7Z6.pcm

SwiftExplicitDependencyGeneratePcm arm64 /Users/argus/Programming/pdf-reader/.build/xcode-derived-release/ModuleCache.noindex/_Builtin_limits-5Q3CFCTRS6UEGLDC1TKPBVYZZ.pcm

SwiftExplicitDependencyGeneratePcm x86_64 /Users/argus/Programming/pdf-reader/.build/xcode-derived-release/ModuleCache.noindex/_Builtin_stdint-4ZRIIG92ORJ3ISNXIUHD13JNW.pcm

SwiftExplicitDependencyGeneratePcm x86_64 /Users/argus/Programming/pdf-reader/.build/xcode-derived-release/ModuleCache.noindex/sys_types-EGEON3AMOSP61MPS92C1SY8DV.pcm

SwiftExplicitDependencyGeneratePcm x86_64 /Users/argus/Programming/pdf-reader/.build/xcode-derived-release/ModuleCache.noindex/libDER-B9UQG6VBI1O0AW3ATTSRRUZKS.pcm

SwiftExplicitDependencyGeneratePcm x86_64 /Users/argus/Programming/pdf-reader/.build/xcode-derived-release/ModuleCache.noindex/_DarwinFoundation3-C0D4IA8LZ3RI231WZIL6A2W8F.pcm

SwiftExplicitDependencyGeneratePcm arm64 /Users/argus/Programming/pdf-reader/.build/xcode-derived-release/ModuleCache.noindex/_Builtin_stdint-CLKH57A1SWOSV82MSP1MYMKDW.pcm

SwiftExplicitDependencyGeneratePcm arm64 /Users/argus/Programming/pdf-reader/.build/xcode-derived-release/ModuleCache.noindex/sys_types-CFZ9RIFFF50EKR8ZPFCM1Q1LH.pcm

SwiftExplicitDependencyGeneratePcm x86_64 /Users/argus/Programming/pdf-reader/.build/xcode-derived-release/ModuleCache.noindex/_DarwinFoundation3-6IPT8GFZ53OITZ9CUXX5IFYF7.pcm

SwiftExplicitDependencyGeneratePcm x86_64 /Users/argus/Programming/pdf-reader/.build/xcode-derived-release/ModuleCache.noindex/libDER-3B70BLXNJOCIYQL8GR92Q18ZS.pcm

SwiftExplicitDependencyGeneratePcm arm64 /Users/argus/Programming/pdf-reader/.build/xcode-derived-release/ModuleCache.noindex/sys_types-4LXFYFZ1ILL9OMYWC2FTXHTRZ.pcm

SwiftExplicitDependencyGeneratePcm arm64 /Users/argus/Programming/pdf-reader/.build/xcode-derived-release/ModuleCache.noindex/_Builtin_stdint-3MT2PF1MO9VCT72OZSZCO4WP8.pcm

SwiftExplicitDependencyGeneratePcm arm64 /Users/argus/Programming/pdf-reader/.build/xcode-derived-release/ModuleCache.noindex/_DarwinFoundation3-7U7S08IOHFJ56MZY5OBJMIZH3.pcm

SwiftExplicitDependencyGeneratePcm arm64 /Users/argus/Programming/pdf-reader/.build/xcode-derived-release/ModuleCache.noindex/libDER-8NUD0SQPTW56NJAXXUMRCLKPR.pcm

SwiftExplicitDependencyGeneratePcm x86_64 /Users/argus/Programming/pdf-reader/.build/xcode-derived-release/ModuleCache.noindex/_Builtin_inttypes-2VOMML63JGDXD2TBW9DN94G4I.pcm

SwiftExplicitDependencyGeneratePcm x86_64 /Users/argus/Programming/pdf-reader/.build/xcode-derived-release/ModuleCache.noindex/_Builtin_intrinsics-E4WIK4S5R5F4BA0VZB74EXYH.pcm

SwiftExplicitDependencyGeneratePcm arm64 /Users/argus/Programming/pdf-reader/.build/xcode-derived-release/ModuleCache.noindex/_DarwinFoundation3-5TF45V16ULBPZ44OHDWSTWGB7.pcm

SwiftExplicitDependencyGeneratePcm arm64 /Users/argus/Programming/pdf-reader/.build/xcode-derived-release/ModuleCache.noindex/libDER-65BVB0SCTQGGA2XNUXQSP6ZZU.pcm

SwiftExplicitDependencyGeneratePcm x86_64 /Users/argus/Programming/pdf-reader/.build/xcode-derived-release/ModuleCache.noindex/_Builtin_inttypes-3P8ZHOXF0CYT7RVHWBTL42HFV.pcm

SwiftExplicitDependencyGeneratePcm x86_64 /Users/argus/Programming/pdf-reader/.build/xcode-derived-release/ModuleCache.noindex/_Builtin_intrinsics-FLVA9EBVFK233MAN4U1VM2F3.pcm

SwiftExplicitDependencyGeneratePcm x86_64 /Users/argus/Programming/pdf-reader/.build/xcode-derived-release/ModuleCache.noindex/Darwin-5SNHQM91RVFGDISMFSYMDZPFP.pcm

SwiftExplicitDependencyGeneratePcm arm64 /Users/argus/Programming/pdf-reader/.build/xcode-derived-release/ModuleCache.noindex/_Builtin_inttypes-ENW10ECHF8YJK6GRXAXRURYUZ.pcm

SwiftExplicitDependencyGeneratePcm x86_64 /Users/argus/Programming/pdf-reader/.build/xcode-derived-release/ModuleCache.noindex/Darwin-2TI7B0E27KWFQZCC7S5EA82C.pcm

SwiftExplicitDependencyGeneratePcm arm64 /Users/argus/Programming/pdf-reader/.build/xcode-derived-release/ModuleCache.noindex/_Builtin_inttypes-6YCUJ2NKXJEDRKPKL6YHDSM8Y.pcm

SwiftExplicitDependencyGeneratePcm arm64 /Users/argus/Programming/pdf-reader/.build/xcode-derived-release/ModuleCache.noindex/Darwin-7I7P9TH7LCIAZ5B13UVGCZS5V.pcm

SwiftExplicitDependencyGeneratePcm arm64 /Users/argus/Programming/pdf-reader/.build/xcode-derived-release/ModuleCache.noindex/Darwin-467EYGS7GPSAFGBSWPDFVSFXB.pcm

SwiftExplicitDependencyGeneratePcm x86_64 /Users/argus/Programming/pdf-reader/.build/xcode-derived-release/ModuleCache.noindex/launch-215DPB5UK9MCO9355NVQ8IAU5.pcm

SwiftExplicitDependencyGeneratePcm x86_64 /Users/argus/Programming/pdf-reader/.build/xcode-derived-release/ModuleCache.noindex/libkern-9FN313I9N1U3JDCXOXJCDEC1Q.pcm

SwiftExplicitDependencyGeneratePcm x86_64 /Users/argus/Programming/pdf-reader/.build/xcode-derived-release/ModuleCache.noindex/MachO-79ED8GKZZ8SQ93YSE1ZNKBDUW.pcm

SwiftExplicitDependencyGeneratePcm x86_64 /Users/argus/Programming/pdf-reader/.build/xcode-derived-release/ModuleCache.noindex/MachO-C0MY6F2CONY9F1RX0XJ7HYQ1X.pcm

SwiftExplicitDependencyGeneratePcm x86_64 /Users/argus/Programming/pdf-reader/.build/xcode-derived-release/ModuleCache.noindex/launch-7BHBTY523H6JW5NT2690O838Z.pcm

SwiftExplicitDependencyGeneratePcm x86_64 /Users/argus/Programming/pdf-reader/.build/xcode-derived-release/ModuleCache.noindex/libkern-BV1DNLL6FZTKNEISKRPEDIEVB.pcm

SwiftExplicitDependencyGeneratePcm arm64 /Users/argus/Programming/pdf-reader/.build/xcode-derived-release/ModuleCache.noindex/launch-7485DC8SGTPOP6V03LCC87OUS.pcm

SwiftExplicitDependencyGeneratePcm arm64 /Users/argus/Programming/pdf-reader/.build/xcode-derived-release/ModuleCache.noindex/MachO-BZ1GXE2W1BKVSYJ2CNYF9AT6C.pcm

SwiftExplicitDependencyGeneratePcm arm64 /Users/argus/Programming/pdf-reader/.build/xcode-derived-release/ModuleCache.noindex/libkern-1PQ1T91F8KCP1YHYX0B43AVVX.pcm

SwiftExplicitDependencyGeneratePcm arm64 /Users/argus/Programming/pdf-reader/.build/xcode-derived-release/ModuleCache.noindex/launch-8KKPOHZ84K3B2S9PWOO17QAZ3.pcm

SwiftExplicitDependencyGeneratePcm arm64 /Users/argus/Programming/pdf-reader/.build/xcode-derived-release/ModuleCache.noindex/MachO-4U0LUK0FMHQ01RGBRH4OBHAHU.pcm

SwiftExplicitDependencyGeneratePcm arm64 /Users/argus/Programming/pdf-reader/.build/xcode-derived-release/ModuleCache.noindex/libkern-15JBNPHW7ECMAY72467BWV7CK.pcm

SwiftExplicitDependencyGeneratePcm x86_64 /Users/argus/Programming/pdf-reader/.build/xcode-derived-release/ModuleCache.noindex/ObjectiveC-7YT31LSSW2V4K6WQ3ZKCWW3NU.pcm

SwiftExplicitDependencyGeneratePcm x86_64 /Users/argus/Programming/pdf-reader/.build/xcode-derived-release/ModuleCache.noindex/ObjectiveC-BQO6OHYS9DQGT9ZIR4MWPXV9U.pcm

SwiftExplicitDependencyGeneratePcm arm64 /Users/argus/Programming/pdf-reader/.build/xcode-derived-release/ModuleCache.noindex/ObjectiveC-COQX6WXF6NPGAFPFH59JISNVK.pcm

SwiftExplicitDependencyGeneratePcm arm64 /Users/argus/Programming/pdf-reader/.build/xcode-derived-release/ModuleCache.noindex/ObjectiveC-E3VKC2UZPFQX7XLC9S3BDCR0H.pcm

SwiftExplicitDependencyGeneratePcm x86_64 /Users/argus/Programming/pdf-reader/.build/xcode-derived-release/ModuleCache.noindex/os_object-C3TNY9OMNZ8QZI9WYMSSXMV55.pcm

SwiftExplicitDependencyGeneratePcm x86_64 /Users/argus/Programming/pdf-reader/.build/xcode-derived-release/ModuleCache.noindex/os_object-CBZNXY2TXXW8131B2CU2R62RC.pcm

SwiftExplicitDependencyGeneratePcm arm64 /Users/argus/Programming/pdf-reader/.build/xcode-derived-release/ModuleCache.noindex/os_object-C0FWNPQGW0P7CWFACZ54GWSHI.pcm

SwiftExplicitDependencyGeneratePcm arm64 /Users/argus/Programming/pdf-reader/.build/xcode-derived-release/ModuleCache.noindex/os_object-7L7P5M8RL9XBQGKJQXFLGNGNH.pcm

SwiftExplicitDependencyGeneratePcm x86_64 /Users/argus/Programming/pdf-reader/.build/xcode-derived-release/ModuleCache.noindex/os_workgroup-E8DI4OJNR8ILQCLOHUBBFGOVJ.pcm

SwiftExplicitDependencyGeneratePcm x86_64 /Users/argus/Programming/pdf-reader/.build/xcode-derived-release/ModuleCache.noindex/os_workgroup-6W0ZKRP2YSCBBXIFC505O2O75.pcm

SwiftExplicitDependencyGeneratePcm arm64 /Users/argus/Programming/pdf-reader/.build/xcode-derived-release/ModuleCache.noindex/os_workgroup-9VZ07LJ2YPWSB4BR7GDVJKHDS.pcm

SwiftExplicitDependencyGeneratePcm arm64 /Users/argus/Programming/pdf-reader/.build/xcode-derived-release/ModuleCache.noindex/os_workgroup-DBTDX7L2502MQQGKRJVQ4QTJF.pcm

SwiftExplicitDependencyGeneratePcm x86_64 /Users/argus/Programming/pdf-reader/.build/xcode-derived-release/ModuleCache.noindex/Dispatch-6XMFHFMLZI20CLX54A2KUEQFP.pcm

SwiftExplicitDependencyGeneratePcm x86_64 /Users/argus/Programming/pdf-reader/.build/xcode-derived-release/ModuleCache.noindex/Dispatch-AFLEXU4M9ZTUUHM06J7KRO8PK.pcm

SwiftExplicitDependencyGeneratePcm arm64 /Users/argus/Programming/pdf-reader/.build/xcode-derived-release/ModuleCache.noindex/Dispatch-E4UK85I7OJCD4GL3C7NOJ6VC0.pcm

SwiftExplicitDependencyGeneratePcm arm64 /Users/argus/Programming/pdf-reader/.build/xcode-derived-release/ModuleCache.noindex/Dispatch-DQI5BWSPB3PJ12V8R2OE2FGNU.pcm

SwiftExplicitDependencyGeneratePcm x86_64 /Users/argus/Programming/pdf-reader/.build/xcode-derived-release/ModuleCache.noindex/XPC-EKJNJH8ZU26HIUCCXROZ7MPZW.pcm

SwiftExplicitDependencyGeneratePcm x86_64 /Users/argus/Programming/pdf-reader/.build/xcode-derived-release/ModuleCache.noindex/CoreFoundation-SHJJ3JU9N5G70ULP953AWYP6.pcm

SwiftExplicitDependencyGeneratePcm x86_64 /Users/argus/Programming/pdf-reader/.build/xcode-derived-release/ModuleCache.noindex/XPC-DSFSDXGXLRTJGZ5AOKC7OCU3R.pcm

SwiftExplicitDependencyGeneratePcm x86_64 /Users/argus/Programming/pdf-reader/.build/xcode-derived-release/ModuleCache.noindex/CoreFoundation-2A75O4IB4LFI1FPX6DX9H9AF2.pcm

SwiftExplicitDependencyGeneratePcm arm64 /Users/argus/Programming/pdf-reader/.build/xcode-derived-release/ModuleCache.noindex/CoreFoundation-1J95NK2PH339WV7O3KK82BT1L.pcm

SwiftExplicitDependencyGeneratePcm arm64 /Users/argus/Programming/pdf-reader/.build/xcode-derived-release/ModuleCache.noindex/XPC-A6NX0OEF1DNE0SD4RX7I208QC.pcm

SwiftExplicitDependencyGeneratePcm arm64 /Users/argus/Programming/pdf-reader/.build/xcode-derived-release/ModuleCache.noindex/XPC-3ZC1TMK3MBMTH8U7KUYX6O0LP.pcm

SwiftExplicitDependencyGeneratePcm arm64 /Users/argus/Programming/pdf-reader/.build/xcode-derived-release/ModuleCache.noindex/CoreFoundation-CJHBATHSCKKK662HB53AW75A0.pcm

SwiftExplicitDependencyGeneratePcm x86_64 /Users/argus/Programming/pdf-reader/.build/xcode-derived-release/ModuleCache.noindex/Security-7I87F7UC6NOMKAXXB581ELW6L.pcm

SwiftExplicitDependencyGeneratePcm x86_64 /Users/argus/Programming/pdf-reader/.build/xcode-derived-release/ModuleCache.noindex/CFNetwork-81O84QA5QBWYIYKG6R3598YMO.pcm

SwiftExplicitDependencyGeneratePcm x86_64 /Users/argus/Programming/pdf-reader/.build/xcode-derived-release/ModuleCache.noindex/IOKit-7WWUPDB0BD2C6ULXX8O1PAVVB.pcm

SwiftExplicitDependencyGeneratePcm x86_64 /Users/argus/Programming/pdf-reader/.build/xcode-derived-release/ModuleCache.noindex/CFNetwork-F40X3BGIOODYW0BJ74AXZT3RJ.pcm

SwiftExplicitDependencyGeneratePcm x86_64 /Users/argus/Programming/pdf-reader/.build/xcode-derived-release/ModuleCache.noindex/Security-COV3PY0ZB6FNCDMVGGZ8Q2XU8.pcm

SwiftExplicitDependencyGeneratePcm x86_64 /Users/argus/Programming/pdf-reader/.build/xcode-derived-release/ModuleCache.noindex/IOKit-5DW3TM8CRP2EOKC2EDE6T4VOA.pcm

SwiftExplicitDependencyGeneratePcm arm64 /Users/argus/Programming/pdf-reader/.build/xcode-derived-release/ModuleCache.noindex/IOKit-3Z7ZK4POUOY8ZYNL7NS4N97RR.pcm

SwiftExplicitDependencyGeneratePcm arm64 /Users/argus/Programming/pdf-reader/.build/xcode-derived-release/ModuleCache.noindex/CFNetwork-8UN51S4HGGUEE3C7SUHMUO3CA.pcm

SwiftExplicitDependencyGeneratePcm arm64 /Users/argus/Programming/pdf-reader/.build/xcode-derived-release/ModuleCache.noindex/Security-2ST5QMIZQ7DZGWRVGQNRVN1OZ.pcm

SwiftExplicitDependencyGeneratePcm arm64 /Users/argus/Programming/pdf-reader/.build/xcode-derived-release/ModuleCache.noindex/CFNetwork-946PIVWJYYFPOSR51SJG08FP3.pcm

SwiftExplicitDependencyGeneratePcm arm64 /Users/argus/Programming/pdf-reader/.build/xcode-derived-release/ModuleCache.noindex/IOKit-4KZV97PUAE88PTHH1I69M20YT.pcm

SwiftExplicitDependencyGeneratePcm arm64 /Users/argus/Programming/pdf-reader/.build/xcode-derived-release/ModuleCache.noindex/Security-7U31E429ZC0U01H358A3GXI0E.pcm

SwiftExplicitDependencyGeneratePcm x86_64 /Users/argus/Programming/pdf-reader/.build/xcode-derived-release/ModuleCache.noindex/DiskArbitration-F3M9RPJTNWU5JKQU7Q245RLUX.pcm

SwiftExplicitDependencyGeneratePcm x86_64 /Users/argus/Programming/pdf-reader/.build/xcode-derived-release/ModuleCache.noindex/DiskArbitration-95PXP455BOHWAYF3XNDDBBG06.pcm

SwiftExplicitDependencyGeneratePcm x86_64 /Users/argus/Programming/pdf-reader/.build/xcode-derived-release/ModuleCache.noindex/CoreServices-JC2NCBW08K0E579GSFRBPGS9.pcm

SwiftExplicitDependencyGeneratePcm arm64 /Users/argus/Programming/pdf-reader/.build/xcode-derived-release/ModuleCache.noindex/DiskArbitration-1MB98TTMOVSHGWBUHLIRYTZ4R.pcm

SwiftExplicitDependencyGeneratePcm x86_64 /Users/argus/Programming/pdf-reader/.build/xcode-derived-release/ModuleCache.noindex/CoreServices-AK3IVU9XLOKOXLI63O3RQX0KV.pcm

SwiftExplicitDependencyGeneratePcm arm64 /Users/argus/Programming/pdf-reader/.build/xcode-derived-release/ModuleCache.noindex/DiskArbitration-DTF9XSXN63ORA2GU2I5GNMI18.pcm

SwiftExplicitDependencyGeneratePcm arm64 /Users/argus/Programming/pdf-reader/.build/xcode-derived-release/ModuleCache.noindex/CoreServices-7MRSIHUI0E17Q8MQ13R6UCSEO.pcm

SwiftExplicitDependencyGeneratePcm arm64 /Users/argus/Programming/pdf-reader/.build/xcode-derived-release/ModuleCache.noindex/CoreServices-BRKDCMH2CTGBA4VJG5YH37XV1.pcm

SwiftExplicitDependencyGeneratePcm x86_64 /Users/argus/Programming/pdf-reader/.build/xcode-derived-release/ModuleCache.noindex/Foundation-1TR8HZ9XQR1PQHBI9OEYFZOBK.pcm

SwiftExplicitDependencyGeneratePcm x86_64 /Users/argus/Programming/pdf-reader/.build/xcode-derived-release/ModuleCache.noindex/Foundation-CY67Y2W50RA8791689CKDPH2Q.pcm

SwiftExplicitDependencyGeneratePcm arm64 /Users/argus/Programming/pdf-reader/.build/xcode-derived-release/ModuleCache.noindex/Foundation-6X5WGU594JXBQR1A7N5HR34XB.pcm

SwiftExplicitDependencyGeneratePcm arm64 /Users/argus/Programming/pdf-reader/.build/xcode-derived-release/ModuleCache.noindex/Foundation-640219XTC41JHA6Z7SQYV4PJC.pcm

SwiftCompile normal x86_64 Compiling\ DateTime.swift,\ Constants.swift,\ Parser+Finish.swift,\ Parser.swift,\ TOMLDocument.swift,\ Token.swift,\ TOMLArray.swift,\ TOMLDecoder.swift,\ TOMLError.swift,\ TOMLKey.swift,\ TOMLKeyedDecodingContainer.swift,\ TOMLSingleValueDecodingContainer.Generated.swift,\ TOMLTable.swift,\ TOMLUnkeyedDecodingContainer.swift,\ _TOMLDecoder.swift /Users/argus/Programming/pdf-reader/.build/xcode-derived-release/SourcePackages/checkouts/TOMLDecoder/Sources/TOMLDecoder/DateTime.swift /Users/argus/Programming/pdf-reader/.build/xcode-derived-release/SourcePackages/checkouts/TOMLDecoder/Sources/TOMLDecoder/Parsing/Constants.swift /Users/argus/Programming/pdf-reader/.build/xcode-derived-release/SourcePackages/checkouts/TOMLDecoder/Sources/TOMLDecoder/Parsing/Parser+Finish.swift /Users/argus/Programming/pdf-reader/.build/xcode-derived-release/SourcePackages/checkouts/TOMLDecoder/Sources/TOMLDecoder/Parsing/Parser.swift /Users/argus/Programming/pdf-reader/.build/xcode-derived-release/SourcePackages/checkouts/TOMLDecoder/Sources/TOMLDecoder/Parsing/TOMLDocument.swift /Users/argus/Programming/pdf-reader/.build/xcode-derived-release/SourcePackages/checkouts/TOMLDecoder/Sources/TOMLDecoder/Parsing/Token.swift /Users/argus/Programming/pdf-reader/.build/xcode-derived-release/SourcePackages/checkouts/TOMLDecoder/Sources/TOMLDecoder/TOMLArray.swift /Users/argus/Programming/pdf-reader/.build/xcode-derived-release/SourcePackages/checkouts/TOMLDecoder/Sources/TOMLDecoder/TOMLDecoder.swift /Users/argus/Programming/pdf-reader/.build/xcode-derived-release/SourcePackages/checkouts/TOMLDecoder/Sources/TOMLDecoder/TOMLError.swift /Users/argus/Programming/pdf-reader/.build/xcode-derived-release/SourcePackages/checkouts/TOMLDecoder/Sources/TOMLDecoder/TOMLKey.swift /Users/argus/Programming/pdf-reader/.build/xcode-derived-release/SourcePackages/checkouts/TOMLDecoder/Sources/TOMLDecoder/TOMLKeyedDecodingContainer.swift /Users/argus/Programming/pdf-reader/.build/xcode-derived-release/SourcePackages/checkouts/TOMLDecoder/Sources/TOMLDecoder/TOMLSingleValueDecodingContainer.Generated.swift /Users/argus/Programming/pdf-reader/.build/xcode-derived-release/SourcePackages/checkouts/TOMLDecoder/Sources/TOMLDecoder/TOMLTable.swift /Users/argus/Programming/pdf-reader/.build/xcode-derived-release/SourcePackages/checkouts/TOMLDecoder/Sources/TOMLDecoder/TOMLUnkeyedDecodingContainer.swift /Users/argus/Programming/pdf-reader/.build/xcode-derived-release/SourcePackages/checkouts/TOMLDecoder/Sources/TOMLDecoder/_TOMLDecoder.swift /Applications/Xcode.app/Contents/Developer/Toolchains/XcodeDefault.xctoolchain/usr/lib/swift/macosx/prebuilt-modules/26.5/Dispatch.swiftmodule/x86_64-apple-macos.swiftmodule /Applications/Xcode.app/Contents/Developer/Toolchains/XcodeDefault.xctoolchain/usr/lib/swift/macosx/prebuilt-modules/26.5/Observation.swiftmodule/x86_64-apple-macos.swiftmodule /Applications/Xcode.app/Contents/Developer/Toolchains/XcodeDefault.xctoolchain/usr/lib/swift/macosx/prebuilt-modules/26.5/Darwin.swiftmodule/x86_64-apple-macos.swiftmodule /Applications/Xcode.app/Contents/Developer/Toolchains/XcodeDefault.xctoolchain/usr/lib/swift/macosx/prebuilt-modules/26.5/ObjectiveC.swiftmodule/x86_64-apple-macos.swiftmodule /Applications/Xcode.app/Contents/Developer/Toolchains/XcodeDefault.xctoolchain/usr/lib/swift/macosx/prebuilt-modules/26.5/_DarwinFoundation3.swiftmodule/x86_64-apple-macos.swiftmodule /Applications/Xcode.app/Contents/Developer/Toolchains/XcodeDefault.xctoolchain/usr/lib/swift/macosx/prebuilt-modules/26.5/_StringProcessing.swiftmodule/x86_64-apple-macos.swiftmodule /Applications/Xcode.app/Contents/Developer/Toolchains/XcodeDefault.xctoolchain/usr/lib/swift/macosx/prebuilt-modules/26.5/_Builtin_float.swiftmodule/x86_64-apple-macos.swiftmodule /Applications/Xcode.app/Contents/Developer/Toolchains/XcodeDefault.xctoolchain/usr/lib/swift/macosx/prebuilt-modules/26.5/Foundation.swiftmodule/x86_64-apple-macos.swiftmodule /Applications/Xcode.app/Contents/Developer/Toolchains/XcodeDefault.xctoolchain/usr/lib/swift/macosx/prebuilt-modules/26.5/_DarwinFoundation2.swiftmodule/x86_64-apple-macos.swiftmodule /Applications/Xcode.app/Contents/Developer/Toolchains/XcodeDefault.xctoolchain/usr/lib/swift/macosx/prebuilt-modules/26.5/Swift.swiftmodule/x86_64-apple-macos.swiftmodule /Applications/Xcode.app/Contents/Developer/Toolchains/XcodeDefault.xctoolchain/usr/lib/swift/macosx/prebuilt-modules/26.5/System.swiftmodule/x86_64-apple-macos.swiftmodule /Applications/Xcode.app/Contents/Developer/Toolchains/XcodeDefault.xctoolchain/usr/lib/swift/macosx/prebuilt-modules/26.5/IOKit.swiftmodule/x86_64-apple-macos.swiftmodule /Applications/Xcode.app/Contents/Developer/Toolchains/XcodeDefault.xctoolchain/usr/lib/swift/macosx/prebuilt-modules/26.5/_Concurrency.swiftmodule/x86_64-apple-macos.swiftmodule /Applications/Xcode.app/Contents/Developer/Toolchains/XcodeDefault.xctoolchain/usr/lib/swift/macosx/prebuilt-modules/26.5/Combine.swiftmodule/x86_64-apple-macos.swiftmodule /Applications/Xcode.app/Contents/Developer/Toolchains/XcodeDefault.xctoolchain/usr/lib/swift/macosx/prebuilt-modules/26.5/XPC.swiftmodule/x86_64-apple-macos.swiftmodule /Applications/Xcode.app/Contents/Developer/Toolchains/XcodeDefault.xctoolchain/usr/lib/swift/macosx/prebuilt-modules/26.5/_DarwinFoundation1.swiftmodule/x86_64-apple-macos.swiftmodule /Applications/Xcode.app/Contents/Developer/Toolchains/XcodeDefault.xctoolchain/usr/lib/swift/macosx/prebuilt-modules/26.5/CoreFoundation.swiftmodule/x86_64-apple-macos.swiftmodule /Users/argus/Programming/pdf-reader/.build/xcode-derived-release/ModuleCache.noindex/Dispatch-6XMFHFMLZI20CLX54A2KUEQFP.pcm /Users/argus/Programming/pdf-reader/.build/xcode-derived-release/ModuleCache.noindex/Security-7I87F7UC6NOMKAXXB581ELW6L.pcm /Users/argus/Programming/pdf-reader/.build/xcode-derived-release/ModuleCache.noindex/IOKit-7WWUPDB0BD2C6ULXX8O1PAVVB.pcm /Users/argus/Programming/pdf-reader/.build/xcode-derived-release/ModuleCache.noindex/_Builtin_limits-7BJ3BR7TCS33AOS1ZWVWCOEJ2.pcm /Users/argus/Programming/pdf-reader/.build/xcode-derived-release/ModuleCache.noindex/libDER-B9UQG6VBI1O0AW3ATTSRRUZKS.pcm /Users/argus/Programming/pdf-reader/.build/xcode-derived-release/ModuleCache.noindex/Foundation-1TR8HZ9XQR1PQHBI9OEYFZOBK.pcm /Users/argus/Programming/pdf-reader/.build/xcode-derived-release/ModuleCache.noindex/CFNetwork-81O84QA5QBWYIYKG6R3598YMO.pcm /Users/argus/Programming/pdf-reader/.build/xcode-derived-release/ModuleCache.noindex/os_workgroup-E8DI4OJNR8ILQCLOHUBBFGOVJ.pcm /Users/argus/Programming/pdf-reader/.build/xcode-derived-release/ModuleCache.noindex/sys_types-79UTMW5UKGIFPIH8D7J12BTNN.pcm /Users/argus/Programming/pdf-reader/.build/xcode-derived-release/ModuleCache.noindex/_Builtin_intrinsics-E4WIK4S5R5F4BA0VZB74EXYH.pcm /Users/argus/Programming/pdf-reader/.build/xcode-derived-release/ModuleCache.noindex/_DarwinFoundation3-C0D4IA8LZ3RI231WZIL6A2W8F.pcm /Users/argus/Programming/pdf-reader/.build/xcode-derived-release/ModuleCache.noindex/XPC-EKJNJH8ZU26HIUCCXROZ7MPZW.pcm /Users/argus/Programming/pdf-reader/.build/xcode-derived-release/ModuleCache.noindex/_Builtin_stdint-3H1A9SQ355WYFHIDVKQYD9M9O.pcm /Users/argus/Programming/pdf-reader/.build/xcode-derived-release/ModuleCache.noindex/_Builtin_float-AX43PLU6LGG7COJMBPIPLTSOT.pcm /Users/argus/Programming/pdf-reader/.build/xcode-derived-release/ModuleCache.noindex/CoreServices-JC2NCBW08K0E579GSFRBPGS9.pcm /Users/argus/Programming/pdf-reader/.build/xcode-derived-release/ModuleCache.noindex/ptrcheck-CT4QPJGYALGAV5B3X5JFU0CP2.pcm /Users/argus/Programming/pdf-reader/.build/xcode-derived-release/ModuleCache.noindex/ObjectiveC-7YT31LSSW2V4K6WQ3ZKCWW3NU.pcm /Users/argus/Programming/pdf-reader/.build/xcode-derived-release/ModuleCache.noindex/_Builtin_stddef-7RO5679M3SXYG2DICJ37CYHPD.pcm /Users/argus/Programming/pdf-reader/.build/xcode-derived-release/ModuleCache.noindex/_Builtin_stdarg-20TVF3VYUNWV8P6WK4GCO3JX0.pcm /Users/argus/Programming/pdf-reader/.build/xcode-derived-release/ModuleCache.noindex/_AvailabilityInternal-4W3LVOSSKCOPQ7NV57JTDB161.pcm /Users/argus/Programming/pdf-reader/.build/xcode-derived-release/ModuleCache.noindex/_Builtin_inttypes-2VOMML63JGDXD2TBW9DN94G4I.pcm /Users/argus/Programming/pdf-reader/.build/xcode-derived-release/ModuleCache.noindex/_DarwinFoundation2-1ZC2BJ7BP4QRNVQES1NXY1BMU.pcm /Users/argus/Programming/pdf-reader/.build/xcode-derived-release/ModuleCache.noindex/MachO-79ED8GKZZ8SQ93YSE1ZNKBDUW.pcm /Users/argus/Programming/pdf-reader/.build/xcode-derived-release/ModuleCache.noindex/launch-215DPB5UK9MCO9355NVQ8IAU5.pcm /Users/argus/Programming/pdf-reader/.build/xcode-derived-release/ModuleCache.noindex/libkern-9FN313I9N1U3JDCXOXJCDEC1Q.pcm /Users/argus/Programming/pdf-reader/.build/xcode-derived-release/ModuleCache.noindex/os_object-C3TNY9OMNZ8QZI9WYMSSXMV55.pcm /Users/argus/Programming/pdf-reader/.build/xcode-derived-release/ModuleCache.noindex/DiskArbitration-F3M9RPJTNWU5JKQU7Q245RLUX.pcm /Users/argus/Programming/pdf-reader/.build/xcode-derived-release/ModuleCache.noindex/Darwin-5SNHQM91RVFGDISMFSYMDZPFP.pcm /Users/argus/Programming/pdf-reader/.build/xcode-derived-release/ModuleCache.noindex/CoreFoundation-SHJJ3JU9N5G70ULP953AWYP6.pcm /Users/argus/Programming/pdf-reader/.build/xcode-derived-release/ModuleCache.noindex/_Builtin_stdbool-2I8UT1QS8NJSQF6X3KF3HM0JI.pcm /Users/argus/Programming/pdf-reader/.build/xcode-derived-release/ModuleCache.noindex/SwiftShims-6SHGGQ0HHSZAPIJGOP1HLCRL5.pcm /Users/argus/Programming/pdf-reader/.build/xcode-derived-release/ModuleCache.noindex/_SwiftConcurrencyShims-85ZHBP5A42852JA98VPW0WGV8.pcm /Users/argus/Programming/pdf-reader/.build/xcode-derived-release/ModuleCache.noindex/ptrauth-3GJSF1CFXAGBK0KIG6FR02LHH.pcm /Users/argus/Programming/pdf-reader/.build/xcode-derived-release/ModuleCache.noindex/_DarwinFoundation1-9NL9GZ2HWYPKV1YDZLFAR0E7W.pcm /Users/argus/Programming/pdf-reader/.build/xcode-derived-release/Build/Intermediates.noindex/TOMLDecoder.build/Release/TOMLDecoder.build/Objects-normal/x86_64/TOMLDecoder-dependencies-2.json (in target 'TOMLDecoder' from project 'TOMLDecoder')
CompileSwift normal x86_64 (in target 'TOMLDecoder' from project 'TOMLDecoder')
    cd /Users/argus/Programming/pdf-reader/PDFReader.xcodeproj
    

SwiftCompile normal x86_64 Compiling\ ActionBindingPolicy.swift,\ ActionDescriptor.swift,\ ActionDispatcherProtocol.swift,\ ActionID.swift,\ ActionRegistry.swift,\ ActionSurfaceRegistry.swift,\ MenuEquivalentPolicy.swift,\ BuiltInDefaults.swift,\ ConfigDecoder.swift,\ ConfigDiagnostic.swift,\ ConfigDocumentation.swift,\ ConfigValidator.swift,\ EffectiveAppConfig.swift,\ SparseAppConfig.swift,\ InputContext.swift,\ KeySequence.swift,\ KeySequenceEngine.swift,\ KeySequenceParser.swift,\ KeySequenceTrie.swift,\ KeyToken.swift,\ PageNumberInputBuffer.swift,\ PromptNativeReservationV1.swift,\ PromptSafeBindingPredicate.swift,\ SystemKeyReservationV1.swift,\ TabStore.swift,\ BuiltInThemes.swift,\ Theme.swift,\ CoreVersion.swift /Users/argus/Programming/pdf-reader/PDFReaderCore/Actions/ActionBindingPolicy.swift /Users/argus/Programming/pdf-reader/PDFReaderCore/Actions/ActionDescriptor.swift /Users/argus/Programming/pdf-reader/PDFReaderCore/Actions/ActionDispatcherProtocol.swift /Users/argus/Programming/pdf-reader/PDFReaderCore/Actions/ActionID.swift /Users/argus/Programming/pdf-reader/PDFReaderCore/Actions/ActionRegistry.swift /Users/argus/Programming/pdf-reader/PDFReaderCore/Actions/ActionSurfaceRegistry.swift /Users/argus/Programming/pdf-reader/PDFReaderCore/Actions/MenuEquivalentPolicy.swift /Users/argus/Programming/pdf-reader/PDFReaderCore/Config/BuiltInDefaults.swift /Users/argus/Programming/pdf-reader/PDFReaderCore/Config/ConfigDecoder.swift /Users/argus/Programming/pdf-reader/PDFReaderCore/Config/ConfigDiagnostic.swift /Users/argus/Programming/pdf-reader/PDFReaderCore/Config/ConfigDocumentation.swift /Users/argus/Programming/pdf-reader/PDFReaderCore/Config/ConfigValidator.swift /Users/argus/Programming/pdf-reader/PDFReaderCore/Config/EffectiveAppConfig.swift /Users/argus/Programming/pdf-reader/PDFReaderCore/Config/SparseAppConfig.swift /Users/argus/Programming/pdf-reader/PDFReaderCore/Input/InputContext.swift /Users/argus/Programming/pdf-reader/PDFReaderCore/Input/KeySequence.swift /Users/argus/Programming/pdf-reader/PDFReaderCore/Input/KeySequenceEngine.swift /Users/argus/Programming/pdf-reader/PDFReaderCore/Input/KeySequenceParser.swift /Users/argus/Programming/pdf-reader/PDFReaderCore/Input/KeySequenceTrie.swift /Users/argus/Programming/pdf-reader/PDFReaderCore/Input/KeyToken.swift /Users/argus/Programming/pdf-reader/PDFReaderCore/Input/PageNumberInputBuffer.swift /Users/argus/Programming/pdf-reader/PDFReaderCore/Input/PromptNativeReservationV1.swift /Users/argus/Programming/pdf-reader/PDFReaderCore/Input/PromptSafeBindingPredicate.swift /Users/argus/Programming/pdf-reader/PDFReaderCore/Input/SystemKeyReservationV1.swift /Users/argus/Programming/pdf-reader/PDFReaderCore/Tabs/TabStore.swift /Users/argus/Programming/pdf-reader/PDFReaderCore/Theme/BuiltInThemes.swift /Users/argus/Programming/pdf-reader/PDFReaderCore/Theme/Theme.swift /Users/argus/Programming/pdf-reader/PDFReaderCore/CoreVersion.swift /Applications/Xcode.app/Contents/Developer/Toolchains/XcodeDefault.xctoolchain/usr/lib/swift/macosx/prebuilt-modules/26.5/CoreFoundation.swiftmodule/x86_64-apple-macos.swiftmodule /Applications/Xcode.app/Contents/Developer/Toolchains/XcodeDefault.xctoolchain/usr/lib/swift/macosx/prebuilt-modules/26.5/System.swiftmodule/x86_64-apple-macos.swiftmodule /Applications/Xcode.app/Contents/Developer/Toolchains/XcodeDefault.xctoolchain/usr/lib/swift/macosx/prebuilt-modules/26.5/IOKit.swiftmodule/x86_64-apple-macos.swiftmodule /Applications/Xcode.app/Contents/Developer/Toolchains/XcodeDefault.xctoolchain/usr/lib/swift/macosx/prebuilt-modules/26.5/Observation.swiftmodule/x86_64-apple-macos.swiftmodule /Applications/Xcode.app/Contents/Developer/Toolchains/XcodeDefault.xctoolchain/usr/lib/swift/macosx/prebuilt-modules/26.5/_Concurrency.swiftmodule/x86_64-apple-macos.swiftmodule /Applications/Xcode.app/Contents/Developer/Toolchains/XcodeDefault.xctoolchain/usr/lib/swift/macosx/prebuilt-modules/26.5/_DarwinFoundation2.swiftmodule/x86_64-apple-macos.swiftmodule /Applications/Xcode.app/Contents/Developer/Toolchains/XcodeDefault.xctoolchain/usr/lib/swift/macosx/prebuilt-modules/26.5/_DarwinFoundation3.swiftmodule/x86_64-apple-macos.swiftmodule /Applications/Xcode.app/Contents/Developer/Toolchains/XcodeDefault.xctoolchain/usr/lib/swift/macosx/prebuilt-modules/26.5/Swift.swiftmodule/x86_64-apple-macos.swiftmodule /Applications/Xcode.app/Contents/Developer/Toolchains/XcodeDefault.xctoolchain/usr/lib/swift/macosx/prebuilt-modules/26.5/Dispatch.swiftmodule/x86_64-apple-macos.swiftmodule /Applications/Xcode.app/Contents/Developer/Toolchains/XcodeDefault.xctoolchain/usr/lib/swift/macosx/prebuilt-modules/26.5/Combine.swiftmodule/x86_64-apple-macos.swiftmodule /Applications/Xcode.app/Contents/Developer/Toolchains/XcodeDefault.xctoolchain/usr/lib/swift/macosx/prebuilt-modules/26.5/Foundation.swiftmodule/x86_64-apple-macos.swiftmodule /Applications/Xcode.app/Contents/Developer/Toolchains/XcodeDefault.xctoolchain/usr/lib/swift/macosx/prebuilt-modules/26.5/Darwin.swiftmodule/x86_64-apple-macos.swiftmodule /Applications/Xcode.app/Contents/Developer/Toolchains/XcodeDefault.xctoolchain/usr/lib/swift/macosx/prebuilt-modules/26.5/XPC.swiftmodule/x86_64-apple-macos.swiftmodule /Applications/Xcode.app/Contents/Developer/Toolchains/XcodeDefault.xctoolchain/usr/lib/swift/macosx/prebuilt-modules/26.5/_DarwinFoundation1.swiftmodule/x86_64-apple-macos.swiftmodule /Applications/Xcode.app/Contents/Developer/Toolchains/XcodeDefault.xctoolchain/usr/lib/swift/macosx/prebuilt-modules/26.5/_Builtin_float.swiftmodule/x86_64-apple-macos.swiftmodule /Applications/Xcode.app/Contents/Developer/Toolchains/XcodeDefault.xctoolchain/usr/lib/swift/macosx/prebuilt-modules/26.5/ObjectiveC.swiftmodule/x86_64-apple-macos.swiftmodule /Applications/Xcode.app/Contents/Developer/Toolchains/XcodeDefault.xctoolchain/usr/lib/swift/macosx/prebuilt-modules/26.5/_StringProcessing.swiftmodule/x86_64-apple-macos.swiftmodule /Users/argus/Programming/pdf-reader/.build/xcode-derived-release/ModuleCache.noindex/XPC-DSFSDXGXLRTJGZ5AOKC7OCU3R.pcm /Users/argus/Programming/pdf-reader/.build/xcode-derived-release/ModuleCache.noindex/os_object-CBZNXY2TXXW8131B2CU2R62RC.pcm /Users/argus/Programming/pdf-reader/.build/xcode-derived-release/ModuleCache.noindex/CFNetwork-F40X3BGIOODYW0BJ74AXZT3RJ.pcm /Users/argus/Programming/pdf-reader/.build/xcode-derived-release/ModuleCache.noindex/_SwiftConcurrencyShims-7LFASGN4O5RRYC8SV7UHYRQT3.pcm /Users/argus/Programming/pdf-reader/.build/xcode-derived-release/ModuleCache.noindex/IOKit-5DW3TM8CRP2EOKC2EDE6T4VOA.pcm /Users/argus/Programming/pdf-reader/.build/xcode-derived-release/ModuleCache.noindex/ptrcheck-UU3C1LHUYUHAODN1KQ90V1LG.pcm /Users/argus/Programming/pdf-reader/.build/xcode-derived-release/ModuleCache.noindex/libDER-3B70BLXNJOCIYQL8GR92Q18ZS.pcm /Users/argus/Programming/pdf-reader/.build/xcode-derived-release/ModuleCache.noindex/_Builtin_stdint-4ZRIIG92ORJ3ISNXIUHD13JNW.pcm /Users/argus/Programming/pdf-reader/.build/xcode-derived-release/ModuleCache.noindex/ObjectiveC-BQO6OHYS9DQGT9ZIR4MWPXV9U.pcm /Users/argus/Programming/pdf-reader/.build/xcode-derived-release/ModuleCache.noindex/DiskArbitration-95PXP455BOHWAYF3XNDDBBG06.pcm /Users/argus/Programming/pdf-reader/.build/xcode-derived-release/ModuleCache.noindex/_Builtin_limits-9WOLLKMX4JRROT77DNLSK7O1Z.pcm /Users/argus/Programming/pdf-reader/.build/xcode-derived-release/ModuleCache.noindex/_DarwinFoundation3-6IPT8GFZ53OITZ9CUXX5IFYF7.pcm /Users/argus/Programming/pdf-reader/.build/xcode-derived-release/ModuleCache.noindex/SwiftShims-EV5A39C8ORWUARI9ESZ8LXDYN.pcm /Users/argus/Programming/pdf-reader/.build/xcode-derived-release/ModuleCache.noindex/_Builtin_inttypes-3P8ZHOXF0CYT7RVHWBTL42HFV.pcm /Users/argus/Programming/pdf-reader/.build/xcode-derived-release/ModuleCache.noindex/os_workgroup-6W0ZKRP2YSCBBXIFC505O2O75.pcm /Users/argus/Programming/pdf-reader/.build/xcode-derived-release/ModuleCache.noindex/sys_types-EGEON3AMOSP61MPS92C1SY8DV.pcm /Users/argus/Programming/pdf-reader/.build/xcode-derived-release/ModuleCache.noindex/launch-7BHBTY523H6JW5NT2690O838Z.pcm /Users/argus/Programming/pdf-reader/.build/xcode-derived-release/ModuleCache.noindex/CoreServices-AK3IVU9XLOKOXLI63O3RQX0KV.pcm /Users/argus/Programming/pdf-reader/.build/xcode-derived-release/ModuleCache.noindex/Security-COV3PY0ZB6FNCDMVGGZ8Q2XU8.pcm /Users/argus/Programming/pdf-reader/.build/xcode-derived-release/ModuleCache.noindex/Darwin-2TI7B0E27KWFQZCC7S5EA82C.pcm /Users/argus/Programming/pdf-reader/.build/xcode-derived-release/ModuleCache.noindex/_Builtin_intrinsics-FLVA9EBVFK233MAN4U1VM2F3.pcm /Users/argus/Programming/pdf-reader/.build/xcode-derived-release/ModuleCache.noindex/_Builtin_float-15UGSWICR6CKRBITO27CL4MFI.pcm /Users/argus/Programming/pdf-reader/.build/xcode-derived-release/ModuleCache.noindex/_Builtin_stddef-ABT2GAHU4OZMQNHA5Y5FMZ5OB.pcm /Users/argus/Programming/pdf-reader/.build/xcode-derived-release/ModuleCache.noindex/_AvailabilityInternal-3PFWENTHKV9KOSBLJU9MFJ6AC.pcm /Users/argus/Programming/pdf-reader/.build/xcode-derived-release/ModuleCache.noindex/Foundation-CY67Y2W50RA8791689CKDPH2Q.pcm /Users/argus/Programming/pdf-reader/.build/xcode-derived-release/ModuleCache.noindex/libkern-BV1DNLL6FZTKNEISKRPEDIEVB.pcm /Users/argus/Programming/pdf-reader/.build/xcode-derived-release/ModuleCache.noindex/Dispatch-AFLEXU4M9ZTUUHM06J7KRO8PK.pcm /Users/argus/Programming/pdf-reader/.build/xcode-derived-release/ModuleCache.noindex/ptrauth-43A2HUDOJA1QLHPVJFGWGUT4Y.pcm /Users/argus/Programming/pdf-reader/.build/xcode-derived-release/ModuleCache.noindex/_DarwinFoundation2-1SRNQMMDP5L5PFVRV2HTSV2V4.pcm /Users/argus/Programming/pdf-reader/.build/xcode-derived-release/ModuleCache.noindex/MachO-C0MY6F2CONY9F1RX0XJ7HYQ1X.pcm /Users/argus/Programming/pdf-reader/.build/xcode-derived-release/ModuleCache.noindex/CoreFoundation-2A75O4IB4LFI1FPX6DX9H9AF2.pcm /Users/argus/Programming/pdf-reader/.build/xcode-derived-release/ModuleCache.noindex/_Builtin_stdbool-4UYEWRX3HG3CC1N99BVNITWV8.pcm /Users/argus/Programming/pdf-reader/.build/xcode-derived-release/ModuleCache.noindex/_DarwinFoundation1-9T9UW00ZXSIVY7M6S38QTCYMA.pcm /Users/argus/Programming/pdf-reader/.build/xcode-derived-release/ModuleCache.noindex/_Builtin_stdarg-4FSSV21C28VB7B0NZ2D7EK510.pcm /Users/argus/Programming/pdf-reader/.build/xcode-derived-release/Build/Intermediates.noindex/PDFReader.build/Release/PDFReaderCore.build/Objects-normal/x86_64/PDFReaderCore-dependencies-2.json (in target 'PDFReaderCore' from project 'PDFReader')
CompileSwift normal x86_64 (in target 'PDFReaderCore' from project 'PDFReader')
    cd /Users/argus/Programming/pdf-reader
    

SwiftCompile normal arm64 Compiling\ DateTime.swift,\ Constants.swift,\ Parser+Finish.swift,\ Parser.swift,\ TOMLDocument.swift,\ Token.swift,\ TOMLArray.swift,\ TOMLDecoder.swift,\ TOMLError.swift,\ TOMLKey.swift,\ TOMLKeyedDecodingContainer.swift,\ TOMLSingleValueDecodingContainer.Generated.swift,\ TOMLTable.swift,\ TOMLUnkeyedDecodingContainer.swift,\ _TOMLDecoder.swift /Users/argus/Programming/pdf-reader/.build/xcode-derived-release/SourcePackages/checkouts/TOMLDecoder/Sources/TOMLDecoder/DateTime.swift /Users/argus/Programming/pdf-reader/.build/xcode-derived-release/SourcePackages/checkouts/TOMLDecoder/Sources/TOMLDecoder/Parsing/Constants.swift /Users/argus/Programming/pdf-reader/.build/xcode-derived-release/SourcePackages/checkouts/TOMLDecoder/Sources/TOMLDecoder/Parsing/Parser+Finish.swift /Users/argus/Programming/pdf-reader/.build/xcode-derived-release/SourcePackages/checkouts/TOMLDecoder/Sources/TOMLDecoder/Parsing/Parser.swift /Users/argus/Programming/pdf-reader/.build/xcode-derived-release/SourcePackages/checkouts/TOMLDecoder/Sources/TOMLDecoder/Parsing/TOMLDocument.swift /Users/argus/Programming/pdf-reader/.build/xcode-derived-release/SourcePackages/checkouts/TOMLDecoder/Sources/TOMLDecoder/Parsing/Token.swift /Users/argus/Programming/pdf-reader/.build/xcode-derived-release/SourcePackages/checkouts/TOMLDecoder/Sources/TOMLDecoder/TOMLArray.swift /Users/argus/Programming/pdf-reader/.build/xcode-derived-release/SourcePackages/checkouts/TOMLDecoder/Sources/TOMLDecoder/TOMLDecoder.swift /Users/argus/Programming/pdf-reader/.build/xcode-derived-release/SourcePackages/checkouts/TOMLDecoder/Sources/TOMLDecoder/TOMLError.swift /Users/argus/Programming/pdf-reader/.build/xcode-derived-release/SourcePackages/checkouts/TOMLDecoder/Sources/TOMLDecoder/TOMLKey.swift /Users/argus/Programming/pdf-reader/.build/xcode-derived-release/SourcePackages/checkouts/TOMLDecoder/Sources/TOMLDecoder/TOMLKeyedDecodingContainer.swift /Users/argus/Programming/pdf-reader/.build/xcode-derived-release/SourcePackages/checkouts/TOMLDecoder/Sources/TOMLDecoder/TOMLSingleValueDecodingContainer.Generated.swift /Users/argus/Programming/pdf-reader/.build/xcode-derived-release/SourcePackages/checkouts/TOMLDecoder/Sources/TOMLDecoder/TOMLTable.swift /Users/argus/Programming/pdf-reader/.build/xcode-derived-release/SourcePackages/checkouts/TOMLDecoder/Sources/TOMLDecoder/TOMLUnkeyedDecodingContainer.swift /Users/argus/Programming/pdf-reader/.build/xcode-derived-release/SourcePackages/checkouts/TOMLDecoder/Sources/TOMLDecoder/_TOMLDecoder.swift /Applications/Xcode.app/Contents/Developer/Toolchains/XcodeDefault.xctoolchain/usr/lib/swift/macosx/prebuilt-modules/26.5/ObjectiveC.swiftmodule/arm64e-apple-macos.swiftmodule /Applications/Xcode.app/Contents/Developer/Toolchains/XcodeDefault.xctoolchain/usr/lib/swift/macosx/prebuilt-modules/26.5/CoreFoundation.swiftmodule/arm64e-apple-macos.swiftmodule /Applications/Xcode.app/Contents/Developer/Toolchains/XcodeDefault.xctoolchain/usr/lib/swift/macosx/prebuilt-modules/26.5/Darwin.swiftmodule/arm64e-apple-macos.swiftmodule /Applications/Xcode.app/Contents/Developer/Toolchains/XcodeDefault.xctoolchain/usr/lib/swift/macosx/prebuilt-modules/26.5/Dispatch.swiftmodule/arm64e-apple-macos.swiftmodule /Applications/Xcode.app/Contents/Developer/Toolchains/XcodeDefault.xctoolchain/usr/lib/swift/macosx/prebuilt-modules/26.5/_DarwinFoundation3.swiftmodule/arm64e-apple-macos.swiftmodule /Applications/Xcode.app/Contents/Developer/Toolchains/XcodeDefault.xctoolchain/usr/lib/swift/macosx/prebuilt-modules/26.5/_DarwinFoundation1.swiftmodule/arm64e-apple-macos.swiftmodule /Applications/Xcode.app/Contents/Developer/Toolchains/XcodeDefault.xctoolchain/usr/lib/swift/macosx/prebuilt-modules/26.5/_Concurrency.swiftmodule/arm64e-apple-macos.swiftmodule /Applications/Xcode.app/Contents/Developer/Toolchains/XcodeDefault.xctoolchain/usr/lib/swift/macosx/prebuilt-modules/26.5/Swift.swiftmodule/arm64e-apple-macos.swiftmodule /Applications/Xcode.app/Contents/Developer/Toolchains/XcodeDefault.xctoolchain/usr/lib/swift/macosx/prebuilt-modules/26.5/Combine.swiftmodule/arm64e-apple-macos.swiftmodule /Applications/Xcode.app/Contents/Developer/Toolchains/XcodeDefault.xctoolchain/usr/lib/swift/macosx/prebuilt-modules/26.5/Observation.swiftmodule/arm64e-apple-macos.swiftmodule /Applications/Xcode.app/Contents/Developer/Toolchains/XcodeDefault.xctoolchain/usr/lib/swift/macosx/prebuilt-modules/26.5/_DarwinFoundation2.swiftmodule/arm64e-apple-macos.swiftmodule /Applications/Xcode.app/Contents/Developer/Toolchains/XcodeDefault.xctoolchain/usr/lib/swift/macosx/prebuilt-modules/26.5/_Builtin_float.swiftmodule/arm64e-apple-macos.swiftmodule /Applications/Xcode.app/Contents/Developer/Toolchains/XcodeDefault.xctoolchain/usr/lib/swift/macosx/prebuilt-modules/26.5/System.swiftmodule/arm64e-apple-macos.swiftmodule /Applications/Xcode.app/Contents/Developer/Toolchains/XcodeDefault.xctoolchain/usr/lib/swift/macosx/prebuilt-modules/26.5/XPC.swiftmodule/arm64e-apple-macos.swiftmodule /Applications/Xcode.app/Contents/Developer/Toolchains/XcodeDefault.xctoolchain/usr/lib/swift/macosx/prebuilt-modules/26.5/Foundation.swiftmodule/arm64e-apple-macos.swiftmodule /Applications/Xcode.app/Contents/Developer/Toolchains/XcodeDefault.xctoolchain/usr/lib/swift/macosx/prebuilt-modules/26.5/IOKit.swiftmodule/arm64e-apple-macos.swiftmodule /Applications/Xcode.app/Contents/Developer/Toolchains/XcodeDefault.xctoolchain/usr/lib/swift/macosx/prebuilt-modules/26.5/_StringProcessing.swiftmodule/arm64e-apple-macos.swiftmodule /Users/argus/Programming/pdf-reader/.build/xcode-derived-release/ModuleCache.noindex/Dispatch-E4UK85I7OJCD4GL3C7NOJ6VC0.pcm /Users/argus/Programming/pdf-reader/.build/xcode-derived-release/ModuleCache.noindex/_Builtin_stdbool-8PLHRNLTX91XFFNF5UROZN4WM.pcm /Users/argus/Programming/pdf-reader/.build/xcode-derived-release/ModuleCache.noindex/Darwin-7I7P9TH7LCIAZ5B13UVGCZS5V.pcm /Users/argus/Programming/pdf-reader/.build/xcode-derived-release/ModuleCache.noindex/CoreServices-7MRSIHUI0E17Q8MQ13R6UCSEO.pcm /Users/argus/Programming/pdf-reader/.build/xcode-derived-release/ModuleCache.noindex/SwiftShims-62GAKRGVLDP9BDKIUZRFB48BQ.pcm /Users/argus/Programming/pdf-reader/.build/xcode-derived-release/ModuleCache.noindex/Security-2ST5QMIZQ7DZGWRVGQNRVN1OZ.pcm /Users/argus/Programming/pdf-reader/.build/xcode-derived-release/ModuleCache.noindex/XPC-A6NX0OEF1DNE0SD4RX7I208QC.pcm /Users/argus/Programming/pdf-reader/.build/xcode-derived-release/ModuleCache.noindex/_DarwinFoundation1-80QQQVC6W5Q4K7EX52QRAEV71.pcm /Users/argus/Programming/pdf-reader/.build/xcode-derived-release/ModuleCache.noindex/CFNetwork-8UN51S4HGGUEE3C7SUHMUO3CA.pcm /Users/argus/Programming/pdf-reader/.build/xcode-derived-release/ModuleCache.noindex/_Builtin_stddef-9X33IQ1VQHTJ144OFVDHSLLQJ.pcm /Users/argus/Programming/pdf-reader/.build/xcode-derived-release/ModuleCache.noindex/_DarwinFoundation3-7U7S08IOHFJ56MZY5OBJMIZH3.pcm /Users/argus/Programming/pdf-reader/.build/xcode-derived-release/ModuleCache.noindex/os_workgroup-9VZ07LJ2YPWSB4BR7GDVJKHDS.pcm /Users/argus/Programming/pdf-reader/.build/xcode-derived-release/ModuleCache.noindex/_SwiftConcurrencyShims-V8T5D8RF4FJN6CZOGNB2KYOD.pcm /Users/argus/Programming/pdf-reader/.build/xcode-derived-release/ModuleCache.noindex/IOKit-3Z7ZK4POUOY8ZYNL7NS4N97RR.pcm /Users/argus/Programming/pdf-reader/.build/xcode-derived-release/ModuleCache.noindex/launch-7485DC8SGTPOP6V03LCC87OUS.pcm /Users/argus/Programming/pdf-reader/.build/xcode-derived-release/ModuleCache.noindex/DiskArbitration-1MB98TTMOVSHGWBUHLIRYTZ4R.pcm /Users/argus/Programming/pdf-reader/.build/xcode-derived-release/ModuleCache.noindex/Foundation-6X5WGU594JXBQR1A7N5HR34XB.pcm /Users/argus/Programming/pdf-reader/.build/xcode-derived-release/ModuleCache.noindex/ptrauth-62MED5KATPZY3Z0IQXBI65MYO.pcm /Users/argus/Programming/pdf-reader/.build/xcode-derived-release/ModuleCache.noindex/_Builtin_stdarg-682F4EZ3EI4SQ146P3AZ49T2N.pcm /Users/argus/Programming/pdf-reader/.build/xcode-derived-release/ModuleCache.noindex/CoreFoundation-1J95NK2PH339WV7O3KK82BT1L.pcm /Users/argus/Programming/pdf-reader/.build/xcode-derived-release/ModuleCache.noindex/_Builtin_float-1SN6AJALNBJLN6FE55615T6O0.pcm /Users/argus/Programming/pdf-reader/.build/xcode-derived-release/ModuleCache.noindex/ptrcheck-5SQTFLY6S1QIZEN1929SLNSBW.pcm /Users/argus/Programming/pdf-reader/.build/xcode-derived-release/ModuleCache.noindex/ObjectiveC-COQX6WXF6NPGAFPFH59JISNVK.pcm /Users/argus/Programming/pdf-reader/.build/xcode-derived-release/ModuleCache.noindex/libkern-1PQ1T91F8KCP1YHYX0B43AVVX.pcm /Users/argus/Programming/pdf-reader/.build/xcode-derived-release/ModuleCache.noindex/_AvailabilityInternal-4D1EA7EEOH0QSQGCP82NMGHC9.pcm /Users/argus/Programming/pdf-reader/.build/xcode-derived-release/ModuleCache.noindex/_Builtin_limits-3ANGLVJ40ARYQKJ3NOYA7JO7X.pcm /Users/argus/Programming/pdf-reader/.build/xcode-derived-release/ModuleCache.noindex/os_object-C0FWNPQGW0P7CWFACZ54GWSHI.pcm /Users/argus/Programming/pdf-reader/.build/xcode-derived-release/ModuleCache.noindex/sys_types-CFZ9RIFFF50EKR8ZPFCM1Q1LH.pcm /Users/argus/Programming/pdf-reader/.build/xcode-derived-release/ModuleCache.noindex/libDER-8NUD0SQPTW56NJAXXUMRCLKPR.pcm /Users/argus/Programming/pdf-reader/.build/xcode-derived-release/ModuleCache.noindex/_DarwinFoundation2-8GMWUOEDH7LJ3NRHQKRABKZ8G.pcm /Users/argus/Programming/pdf-reader/.build/xcode-derived-release/ModuleCache.noindex/_Builtin_stdint-CLKH57A1SWOSV82MSP1MYMKDW.pcm /Users/argus/Programming/pdf-reader/.build/xcode-derived-release/ModuleCache.noindex/MachO-BZ1GXE2W1BKVSYJ2CNYF9AT6C.pcm /Users/argus/Programming/pdf-reader/.build/xcode-derived-release/ModuleCache.noindex/_Builtin_inttypes-ENW10ECHF8YJK6GRXAXRURYUZ.pcm /Users/argus/Programming/pdf-reader/.build/xcode-derived-release/Build/Intermediates.noindex/TOMLDecoder.build/Release/TOMLDecoder.build/Objects-normal/arm64/TOMLDecoder-dependencies-1.json (in target 'TOMLDecoder' from project 'TOMLDecoder')

CompileSwift normal arm64 (in target 'TOMLDecoder' from project 'TOMLDecoder')
    cd /Users/argus/Programming/pdf-reader/PDFReader.xcodeproj
    

SwiftCompile normal arm64 Compiling\ ActionBindingPolicy.swift,\ ActionDescriptor.swift,\ ActionDispatcherProtocol.swift,\ ActionID.swift,\ ActionRegistry.swift,\ ActionSurfaceRegistry.swift,\ MenuEquivalentPolicy.swift,\ BuiltInDefaults.swift,\ ConfigDecoder.swift,\ ConfigDiagnostic.swift,\ ConfigDocumentation.swift,\ ConfigValidator.swift,\ EffectiveAppConfig.swift,\ SparseAppConfig.swift,\ InputContext.swift,\ KeySequence.swift,\ KeySequenceEngine.swift,\ KeySequenceParser.swift,\ KeySequenceTrie.swift,\ KeyToken.swift,\ PageNumberInputBuffer.swift,\ PromptNativeReservationV1.swift,\ PromptSafeBindingPredicate.swift,\ SystemKeyReservationV1.swift,\ TabStore.swift,\ BuiltInThemes.swift,\ Theme.swift,\ CoreVersion.swift /Users/argus/Programming/pdf-reader/PDFReaderCore/Actions/ActionBindingPolicy.swift /Users/argus/Programming/pdf-reader/PDFReaderCore/Actions/ActionDescriptor.swift /Users/argus/Programming/pdf-reader/PDFReaderCore/Actions/ActionDispatcherProtocol.swift /Users/argus/Programming/pdf-reader/PDFReaderCore/Actions/ActionID.swift /Users/argus/Programming/pdf-reader/PDFReaderCore/Actions/ActionRegistry.swift /Users/argus/Programming/pdf-reader/PDFReaderCore/Actions/ActionSurfaceRegistry.swift /Users/argus/Programming/pdf-reader/PDFReaderCore/Actions/MenuEquivalentPolicy.swift /Users/argus/Programming/pdf-reader/PDFReaderCore/Config/BuiltInDefaults.swift /Users/argus/Programming/pdf-reader/PDFReaderCore/Config/ConfigDecoder.swift /Users/argus/Programming/pdf-reader/PDFReaderCore/Config/ConfigDiagnostic.swift /Users/argus/Programming/pdf-reader/PDFReaderCore/Config/ConfigDocumentation.swift /Users/argus/Programming/pdf-reader/PDFReaderCore/Config/ConfigValidator.swift /Users/argus/Programming/pdf-reader/PDFReaderCore/Config/EffectiveAppConfig.swift /Users/argus/Programming/pdf-reader/PDFReaderCore/Config/SparseAppConfig.swift /Users/argus/Programming/pdf-reader/PDFReaderCore/Input/InputContext.swift /Users/argus/Programming/pdf-reader/PDFReaderCore/Input/KeySequence.swift /Users/argus/Programming/pdf-reader/PDFReaderCore/Input/KeySequenceEngine.swift /Users/argus/Programming/pdf-reader/PDFReaderCore/Input/KeySequenceParser.swift /Users/argus/Programming/pdf-reader/PDFReaderCore/Input/KeySequenceTrie.swift /Users/argus/Programming/pdf-reader/PDFReaderCore/Input/KeyToken.swift /Users/argus/Programming/pdf-reader/PDFReaderCore/Input/PageNumberInputBuffer.swift /Users/argus/Programming/pdf-reader/PDFReaderCore/Input/PromptNativeReservationV1.swift /Users/argus/Programming/pdf-reader/PDFReaderCore/Input/PromptSafeBindingPredicate.swift /Users/argus/Programming/pdf-reader/PDFReaderCore/Input/SystemKeyReservationV1.swift /Users/argus/Programming/pdf-reader/PDFReaderCore/Tabs/TabStore.swift /Users/argus/Programming/pdf-reader/PDFReaderCore/Theme/BuiltInThemes.swift /Users/argus/Programming/pdf-reader/PDFReaderCore/Theme/Theme.swift /Users/argus/Programming/pdf-reader/PDFReaderCore/CoreVersion.swift /Applications/Xcode.app/Contents/Developer/Toolchains/XcodeDefault.xctoolchain/usr/lib/swift/macosx/prebuilt-modules/26.5/_DarwinFoundation3.swiftmodule/arm64e-apple-macos.swiftmodule /Applications/Xcode.app/Contents/Developer/Toolchains/XcodeDefault.xctoolchain/usr/lib/swift/macosx/prebuilt-modules/26.5/IOKit.swiftmodule/arm64e-apple-macos.swiftmodule /Applications/Xcode.app/Contents/Developer/Toolchains/XcodeDefault.xctoolchain/usr/lib/swift/macosx/prebuilt-modules/26.5/_DarwinFoundation2.swiftmodule/arm64e-apple-macos.swiftmodule /Applications/Xcode.app/Contents/Developer/Toolchains/XcodeDefault.xctoolchain/usr/lib/swift/macosx/prebuilt-modules/26.5/_StringProcessing.swiftmodule/arm64e-apple-macos.swiftmodule /Applications/Xcode.app/Contents/Developer/Toolchains/XcodeDefault.xctoolchain/usr/lib/swift/macosx/prebuilt-modules/26.5/Swift.swiftmodule/arm64e-apple-macos.swiftmodule /Applications/Xcode.app/Contents/Developer/Toolchains/XcodeDefault.xctoolchain/usr/lib/swift/macosx/prebuilt-modules/26.5/System.swiftmodule/arm64e-apple-macos.swiftmodule /Applications/Xcode.app/Contents/Developer/Toolchains/XcodeDefault.xctoolchain/usr/lib/swift/macosx/prebuilt-modules/26.5/Darwin.swiftmodule/arm64e-apple-macos.swiftmodule /Applications/Xcode.app/Contents/Developer/Toolchains/XcodeDefault.xctoolchain/usr/lib/swift/macosx/prebuilt-modules/26.5/Observation.swiftmodule/arm64e-apple-macos.swiftmodule /Applications/Xcode.app/Contents/Developer/Toolchains/XcodeDefault.xctoolchain/usr/lib/swift/macosx/prebuilt-modules/26.5/_Concurrency.swiftmodule/arm64e-apple-macos.swiftmodule /Applications/Xcode.app/Contents/Developer/Toolchains/XcodeDefault.xctoolchain/usr/lib/swift/macosx/prebuilt-modules/26.5/_Builtin_float.swiftmodule/arm64e-apple-macos.swiftmodule /Applications/Xcode.app/Contents/Developer/Toolchains/XcodeDefault.xctoolchain/usr/lib/swift/macosx/prebuilt-modules/26.5/XPC.swiftmodule/arm64e-apple-macos.swiftmodule /Applications/Xcode.app/Contents/Developer/Toolchains/XcodeDefault.xctoolchain/usr/lib/swift/macosx/prebuilt-modules/26.5/ObjectiveC.swiftmodule/arm64e-apple-macos.swiftmodule /Applications/Xcode.app/Contents/Developer/Toolchains/XcodeDefault.xctoolchain/usr/lib/swift/macosx/prebuilt-modules/26.5/Dispatch.swiftmodule/arm64e-apple-macos.swiftmodule /Applications/Xcode.app/Contents/Developer/Toolchains/XcodeDefault.xctoolchain/usr/lib/swift/macosx/prebuilt-modules/26.5/Combine.swiftmodule/arm64e-apple-macos.swiftmodule /Applications/Xcode.app/Contents/Developer/Toolchains/XcodeDefault.xctoolchain/usr/lib/swift/macosx/prebuilt-modules/26.5/CoreFoundation.swiftmodule/arm64e-apple-macos.swiftmodule /Applications/Xcode.app/Contents/Developer/Toolchains/XcodeDefault.xctoolchain/usr/lib/swift/macosx/prebuilt-modules/26.5/Foundation.swiftmodule/arm64e-apple-macos.swiftmodule /Applications/Xcode.app/Contents/Developer/Toolchains/XcodeDefault.xctoolchain/usr/lib/swift/macosx/prebuilt-modules/26.5/_DarwinFoundation1.swiftmodule/arm64e-apple-macos.swiftmodule /Users/argus/Programming/pdf-reader/.build/xcode-derived-release/ModuleCache.noindex/ptrauth-424PG7I52UGQWOOTXU0GOZJAE.pcm /Users/argus/Programming/pdf-reader/.build/xcode-derived-release/ModuleCache.noindex/Security-7U31E429ZC0U01H358A3GXI0E.pcm /Users/argus/Programming/pdf-reader/.build/xcode-derived-release/ModuleCache.noindex/ptrcheck-B3R66BJTZ1UPMS6CWOOU2IXES.pcm /Users/argus/Programming/pdf-reader/.build/xcode-derived-release/ModuleCache.noindex/CoreServices-BRKDCMH2CTGBA4VJG5YH37XV1.pcm /Users/argus/Programming/pdf-reader/.build/xcode-derived-release/ModuleCache.noindex/os_workgroup-DBTDX7L2502MQQGKRJVQ4QTJF.pcm /Users/argus/Programming/pdf-reader/.build/xcode-derived-release/ModuleCache.noindex/ObjectiveC-E3VKC2UZPFQX7XLC9S3BDCR0H.pcm /Users/argus/Programming/pdf-reader/.build/xcode-derived-release/ModuleCache.noindex/_DarwinFoundation1-8UZASKRNHIGDTG0ZN2HY5SDHU.pcm /Users/argus/Programming/pdf-reader/.build/xcode-derived-release/ModuleCache.noindex/_Builtin_stdarg-N7QQBEFV44QGX63JQV69C3DT.pcm /Users/argus/Programming/pdf-reader/.build/xcode-derived-release/ModuleCache.noindex/_Builtin_stddef-94G6DAVIVE82Z36U5DD0X64XO.pcm /Users/argus/Programming/pdf-reader/.build/xcode-derived-release/ModuleCache.noindex/_Builtin_stdbool-3QEU800VU81Z8WJCJFSYW236M.pcm /Users/argus/Programming/pdf-reader/.build/xcode-derived-release/ModuleCache.noindex/libkern-15JBNPHW7ECMAY72467BWV7CK.pcm /Users/argus/Programming/pdf-reader/.build/xcode-derived-release/ModuleCache.noindex/launch-8KKPOHZ84K3B2S9PWOO17QAZ3.pcm /Users/argus/Programming/pdf-reader/.build/xcode-derived-release/ModuleCache.noindex/DiskArbitration-DTF9XSXN63ORA2GU2I5GNMI18.pcm /Users/argus/Programming/pdf-reader/.build/xcode-derived-release/ModuleCache.noindex/_SwiftConcurrencyShims-3TABQVUQJNJBZNWTFQXHUI19K.pcm /Users/argus/Programming/pdf-reader/.build/xcode-derived-release/ModuleCache.noindex/os_object-7L7P5M8RL9XBQGKJQXFLGNGNH.pcm /Users/argus/Programming/pdf-reader/.build/xcode-derived-release/ModuleCache.noindex/_DarwinFoundation3-5TF45V16ULBPZ44OHDWSTWGB7.pcm /Users/argus/Programming/pdf-reader/.build/xcode-derived-release/ModuleCache.noindex/XPC-3ZC1TMK3MBMTH8U7KUYX6O0LP.pcm /Users/argus/Programming/pdf-reader/.build/xcode-derived-release/ModuleCache.noindex/_AvailabilityInternal-EBG3WJ1W2TCGJL9U0Q5STA50J.pcm /Users/argus/Programming/pdf-reader/.build/xcode-derived-release/ModuleCache.noindex/Foundation-640219XTC41JHA6Z7SQYV4PJC.pcm /Users/argus/Programming/pdf-reader/.build/xcode-derived-release/ModuleCache.noindex/_Builtin_limits-5Q3CFCTRS6UEGLDC1TKPBVYZZ.pcm /Users/argus/Programming/pdf-reader/.build/xcode-derived-release/ModuleCache.noindex/Dispatch-DQI5BWSPB3PJ12V8R2OE2FGNU.pcm /Users/argus/Programming/pdf-reader/.build/xcode-derived-release/ModuleCache.noindex/libDER-65BVB0SCTQGGA2XNUXQSP6ZZU.pcm /Users/argus/Programming/pdf-reader/.build/xcode-derived-release/ModuleCache.noindex/CFNetwork-946PIVWJYYFPOSR51SJG08FP3.pcm /Users/argus/Programming/pdf-reader/.build/xcode-derived-release/ModuleCache.noindex/_DarwinFoundation2-74T2QV5DAOHH9YF57XM23T7Z6.pcm /Users/argus/Programming/pdf-reader/.build/xcode-derived-release/ModuleCache.noindex/_Builtin_stdint-3MT2PF1MO9VCT72OZSZCO4WP8.pcm /Users/argus/Programming/pdf-reader/.build/xcode-derived-release/ModuleCache.noindex/MachO-4U0LUK0FMHQ01RGBRH4OBHAHU.pcm /Users/argus/Programming/pdf-reader/.build/xcode-derived-release/ModuleCache.noindex/sys_types-4LXFYFZ1ILL9OMYWC2FTXHTRZ.pcm /Users/argus/Programming/pdf-reader/.build/xcode-derived-release/ModuleCache.noindex/_Builtin_float-18RRDDLEAEVPW76JWVDPGLGN6.pcm /Users/argus/Programming/pdf-reader/.build/xcode-derived-release/ModuleCache.noindex/IOKit-4KZV97PUAE88PTHH1I69M20YT.pcm /Users/argus/Programming/pdf-reader/.build/xcode-derived-release/ModuleCache.noindex/SwiftShims-BM4862CITTX2RKGVSUCY9JXBH.pcm /Users/argus/Programming/pdf-reader/.build/xcode-derived-release/ModuleCache.noindex/_Builtin_inttypes-6YCUJ2NKXJEDRKPKL6YHDSM8Y.pcm /Users/argus/Programming/pdf-reader/.build/xcode-derived-release/ModuleCache.noindex/CoreFoundation-CJHBATHSCKKK662HB53AW75A0.pcm /Users/argus/Programming/pdf-reader/.build/xcode-derived-release/ModuleCache.noindex/Darwin-467EYGS7GPSAFGBSWPDFVSFXB.pcm /Users/argus/Programming/pdf-reader/.build/xcode-derived-release/Build/Intermediates.noindex/PDFReader.build/Release/PDFReaderCore.build/Objects-normal/arm64/PDFReaderCore-dependencies-1.json (in target 'PDFReaderCore' from project 'PDFReader')
CompileSwift normal arm64 (in target 'PDFReaderCore' from project 'PDFReader')
    cd /Users/argus/Programming/pdf-reader
    

SwiftDriverJobDiscovery normal x86_64 Compiling DateTime.swift, Constants.swift, Parser+Finish.swift, Parser.swift, TOMLDocument.swift, Token.swift, TOMLArray.swift, TOMLDecoder.swift, TOMLError.swift, TOMLKey.swift, TOMLKeyedDecodingContainer.swift, TOMLSingleValueDecodingContainer.Generated.swift, TOMLTable.swift, TOMLUnkeyedDecodingContainer.swift, _TOMLDecoder.swift (in target 'TOMLDecoder' from project 'TOMLDecoder')

SwiftDriverJobDiscovery normal arm64 Compiling DateTime.swift, Constants.swift, Parser+Finish.swift, Parser.swift, TOMLDocument.swift, Token.swift, TOMLArray.swift, TOMLDecoder.swift, TOMLError.swift, TOMLKey.swift, TOMLKeyedDecodingContainer.swift, TOMLSingleValueDecodingContainer.Generated.swift, TOMLTable.swift, TOMLUnkeyedDecodingContainer.swift, _TOMLDecoder.swift (in target 'TOMLDecoder' from project 'TOMLDecoder')

SwiftDriver\ Compilation\ Requirements TOMLDecoder normal arm64 com.apple.xcode.tools.swift.compiler (in target 'TOMLDecoder' from project 'TOMLDecoder')
    cd /Users/argus/Programming/pdf-reader/PDFReader.xcodeproj
    builtin-Swift-Compilation-Requirements -- /Applications/Xcode.app/Contents/Developer/Toolchains/XcodeDefault.xctoolchain/usr/bin/swiftc -module-name TOMLDecoder -O -whole-module-optimization @/Users/argus/Programming/pdf-reader/.build/xcode-derived-release/Build/Intermediates.noindex/TOMLDecoder.build/Release/TOMLDecoder.build/Objects-normal/arm64/TOMLDecoder.SwiftFileList -DSWIFT_PACKAGE -DSWIFT_MODULE_RESOURCE_BUNDLE_UNAVAILABLE -DXcode -enable-upcoming-feature ExistentialAny -enable-upcoming-feature InternalImportsByDefault -enable-upcoming-feature MemberImportVisibility -plugin-path /Applications/Xcode.app/Contents/Developer/Toolchains/XcodeDefault.xctoolchain/usr/lib/swift/host/plugins/testing -enable-experimental-feature DebugDescriptionMacro -sdk /Applications/Xcode.app/Contents/Developer/Platforms/MacOSX.platform/Developer/SDKs/MacOSX26.5.sdk -target arm64-apple-macos10.15 -g -module-cache-path /Users/argus/Programming/pdf-reader/.build/xcode-derived-release/ModuleCache.noindex -Xfrontend -serialize-debugging-options -suppress-warnings -swift-version 6 -I /Users/argus/Programming/pdf-reader/.build/xcode-derived-release/Build/Products/Release -Isystem /Applications/Xcode.app/Contents/Developer/Platforms/MacOSX.platform/Developer/usr/lib -F /Users/argus/Programming/pdf-reader/.build/xcode-derived-release/Build/Products/Release -F /Applications/Xcode.app/Contents/Developer/Platforms/MacOSX.platform/Developer/Library/Frameworks -c -num-threads 10 -Xcc -ivfsstatcache -Xcc /Users/argus/Programming/pdf-reader/.build/xcode-derived-release/SDKStatCaches.noindex/macosx26.5-25F70-e082c4a02f00227109f4ed75e425c832.sdkstatcache -output-file-map /Users/argus/Programming/pdf-reader/.build/xcode-derived-release/Build/Intermediates.noindex/TOMLDecoder.build/Release/TOMLDecoder.build/Objects-normal/arm64/TOMLDecoder-OutputFileMap.json -use-frontend-parseable-output -save-temps -no-color-diagnostics -explicit-module-build -module-cache-path /Users/argus/Programming/pdf-reader/.build/xcode-derived-release/Build/Intermediates.noindex/SwiftExplicitPrecompiledModules -clang-scanner-module-cache-path /Users/argus/Programming/pdf-reader/.build/xcode-derived-release/ModuleCache.noindex -sdk-module-cache-path /Users/argus/Programming/pdf-reader/.build/xcode-derived-release/ModuleCache.noindex -serialize-diagnostics -emit-dependencies -emit-module -emit-module-path /Users/argus/Programming/pdf-reader/.build/xcode-derived-release/Build/Intermediates.noindex/TOMLDecoder.build/Release/TOMLDecoder.build/Objects-normal/arm64/TOMLDecoder.swiftmodule -user-module-version 0.4.5 -validate-clang-modules-once -clang-build-session-file /Users/argus/Programming/pdf-reader/.build/xcode-derived-release/ModuleCache.noindex/Session.modulevalidation -package-name tomldecoder -Xcc -I/Users/argus/Programming/pdf-reader/.build/xcode-derived-release/Build/Intermediates.noindex/TOMLDecoder.build/Release/TOMLDecoder.build/swift-overrides.hmap -emit-const-values -Xfrontend -const-gather-protocols-file -Xfrontend /Users/argus/Programming/pdf-reader/.build/xcode-derived-release/Build/Intermediates.noindex/TOMLDecoder.build/Release/TOMLDecoder.build/Objects-normal/arm64/TOMLDecoder_const_extract_protocols.json -Xcc -I/Users/argus/Programming/pdf-reader/.build/xcode-derived-release/Build/Products/Release/include -Xcc -I/Users/argus/Programming/pdf-reader/.build/xcode-derived-release/Build/Intermediates.noindex/TOMLDecoder.build/Release/TOMLDecoder.build/DerivedSources-normal/arm64 -Xcc -I/Users/argus/Programming/pdf-reader/.build/xcode-derived-release/Build/Intermediates.noindex/TOMLDecoder.build/Release/TOMLDecoder.build/DerivedSources/arm64 -Xcc -I/Users/argus/Programming/pdf-reader/.build/xcode-derived-release/Build/Intermediates.noindex/TOMLDecoder.build/Release/TOMLDecoder.build/DerivedSources -Xcc -DSWIFT_PACKAGE -emit-objc-header -emit-objc-header-path /Users/argus/Programming/pdf-reader/.build/xcode-derived-release/Build/Intermediates.noindex/TOMLDecoder.build/Release/TOMLDecoder.build/Objects-normal/arm64/TOMLDecoder-Swift.h -working-directory /Users/argus/Programming/pdf-reader/PDFReader.xcodeproj -no-emit-module-separately-wmo

SwiftDriver\ Compilation\ Requirements TOMLDecoder normal x86_64 com.apple.xcode.tools.swift.compiler (in target 'TOMLDecoder' from project 'TOMLDecoder')
    cd /Users/argus/Programming/pdf-reader/PDFReader.xcodeproj
    builtin-Swift-Compilation-Requirements -- /Applications/Xcode.app/Contents/Developer/Toolchains/XcodeDefault.xctoolchain/usr/bin/swiftc -module-name TOMLDecoder -O -whole-module-optimization @/Users/argus/Programming/pdf-reader/.build/xcode-derived-release/Build/Intermediates.noindex/TOMLDecoder.build/Release/TOMLDecoder.build/Objects-normal/x86_64/TOMLDecoder.SwiftFileList -DSWIFT_PACKAGE -DSWIFT_MODULE_RESOURCE_BUNDLE_UNAVAILABLE -DXcode -enable-upcoming-feature ExistentialAny -enable-upcoming-feature InternalImportsByDefault -enable-upcoming-feature MemberImportVisibility -plugin-path /Applications/Xcode.app/Contents/Developer/Toolchains/XcodeDefault.xctoolchain/usr/lib/swift/host/plugins/testing -enable-experimental-feature DebugDescriptionMacro -sdk /Applications/Xcode.app/Contents/Developer/Platforms/MacOSX.platform/Developer/SDKs/MacOSX26.5.sdk -target x86_64-apple-macos10.15 -g -module-cache-path /Users/argus/Programming/pdf-reader/.build/xcode-derived-release/ModuleCache.noindex -Xfrontend -serialize-debugging-options -suppress-warnings -swift-version 6 -I /Users/argus/Programming/pdf-reader/.build/xcode-derived-release/Build/Products/Release -Isystem /Applications/Xcode.app/Contents/Developer/Platforms/MacOSX.platform/Developer/usr/lib -F /Users/argus/Programming/pdf-reader/.build/xcode-derived-release/Build/Products/Release -F /Applications/Xcode.app/Contents/Developer/Platforms/MacOSX.platform/Developer/Library/Frameworks -c -num-threads 10 -Xcc -ivfsstatcache -Xcc /Users/argus/Programming/pdf-reader/.build/xcode-derived-release/SDKStatCaches.noindex/macosx26.5-25F70-e082c4a02f00227109f4ed75e425c832.sdkstatcache -output-file-map /Users/argus/Programming/pdf-reader/.build/xcode-derived-release/Build/Intermediates.noindex/TOMLDecoder.build/Release/TOMLDecoder.build/Objects-normal/x86_64/TOMLDecoder-OutputFileMap.json -use-frontend-parseable-output -save-temps -no-color-diagnostics -explicit-module-build -module-cache-path /Users/argus/Programming/pdf-reader/.build/xcode-derived-release/Build/Intermediates.noindex/SwiftExplicitPrecompiledModules -clang-scanner-module-cache-path /Users/argus/Programming/pdf-reader/.build/xcode-derived-release/ModuleCache.noindex -sdk-module-cache-path /Users/argus/Programming/pdf-reader/.build/xcode-derived-release/ModuleCache.noindex -serialize-diagnostics -emit-dependencies -emit-module -emit-module-path /Users/argus/Programming/pdf-reader/.build/xcode-derived-release/Build/Intermediates.noindex/TOMLDecoder.build/Release/TOMLDecoder.build/Objects-normal/x86_64/TOMLDecoder.swiftmodule -user-module-version 0.4.5 -validate-clang-modules-once -clang-build-session-file /Users/argus/Programming/pdf-reader/.build/xcode-derived-release/ModuleCache.noindex/Session.modulevalidation -package-name tomldecoder -Xcc -I/Users/argus/Programming/pdf-reader/.build/xcode-derived-release/Build/Intermediates.noindex/TOMLDecoder.build/Release/TOMLDecoder.build/swift-overrides.hmap -emit-const-values -Xfrontend -const-gather-protocols-file -Xfrontend /Users/argus/Programming/pdf-reader/.build/xcode-derived-release/Build/Intermediates.noindex/TOMLDecoder.build/Release/TOMLDecoder.build/Objects-normal/x86_64/TOMLDecoder_const_extract_protocols.json -Xcc -I/Users/argus/Programming/pdf-reader/.build/xcode-derived-release/Build/Products/Release/include -Xcc -I/Users/argus/Programming/pdf-reader/.build/xcode-derived-release/Build/Intermediates.noindex/TOMLDecoder.build/Release/TOMLDecoder.build/DerivedSources-normal/x86_64 -Xcc -I/Users/argus/Programming/pdf-reader/.build/xcode-derived-release/Build/Intermediates.noindex/TOMLDecoder.build/Release/TOMLDecoder.build/DerivedSources/x86_64 -Xcc -I/Users/argus/Programming/pdf-reader/.build/xcode-derived-release/Build/Intermediates.noindex/TOMLDecoder.build/Release/TOMLDecoder.build/DerivedSources -Xcc -DSWIFT_PACKAGE -emit-objc-header -emit-objc-header-path /Users/argus/Programming/pdf-reader/.build/xcode-derived-release/Build/Intermediates.noindex/TOMLDecoder.build/Release/TOMLDecoder.build/Objects-normal/x86_64/TOMLDecoder-Swift.h -working-directory /Users/argus/Programming/pdf-reader/PDFReader.xcodeproj -no-emit-module-separately-wmo

SwiftMergeGeneratedHeaders /Users/argus/Programming/pdf-reader/.build/xcode-derived-release/Build/Intermediates.noindex/GeneratedModuleMaps/TOMLDecoder-Swift.h /Users/argus/Programming/pdf-reader/.build/xcode-derived-release/Build/Intermediates.noindex/TOMLDecoder.build/Release/TOMLDecoder.build/Objects-normal/arm64/TOMLDecoder-Swift.h /Users/argus/Programming/pdf-reader/.build/xcode-derived-release/Build/Intermediates.noindex/TOMLDecoder.build/Release/TOMLDecoder.build/Objects-normal/x86_64/TOMLDecoder-Swift.h (in target 'TOMLDecoder' from project 'TOMLDecoder')
    cd /Users/argus/Programming/pdf-reader/.build/xcode-derived-release/SourcePackages/checkouts/TOMLDecoder
    builtin-swiftHeaderTool -arch arm64 /Users/argus/Programming/pdf-reader/.build/xcode-derived-release/Build/Intermediates.noindex/TOMLDecoder.build/Release/TOMLDecoder.build/Objects-normal/arm64/TOMLDecoder-Swift.h -arch x86_64 /Users/argus/Programming/pdf-reader/.build/xcode-derived-release/Build/Intermediates.noindex/TOMLDecoder.build/Release/TOMLDecoder.build/Objects-normal/x86_64/TOMLDecoder-Swift.h -o /Users/argus/Programming/pdf-reader/.build/xcode-derived-release/Build/Intermediates.noindex/GeneratedModuleMaps/TOMLDecoder-Swift.h

Copy /Users/argus/Programming/pdf-reader/.build/xcode-derived-release/Build/Products/Release/TOMLDecoder.swiftmodule/x86_64-apple-macos.swiftdoc /Users/argus/Programming/pdf-reader/.build/xcode-derived-release/Build/Intermediates.noindex/TOMLDecoder.build/Release/TOMLDecoder.build/Objects-normal/x86_64/TOMLDecoder.swiftdoc (in target 'TOMLDecoder' from project 'TOMLDecoder')
    cd /Users/argus/Programming/pdf-reader/.build/xcode-derived-release/SourcePackages/checkouts/TOMLDecoder
    builtin-copy -exclude .DS_Store -exclude CVS -exclude .svn -exclude .git -exclude .hg -strip-unsigned-binaries -strip-deterministic -strip-tool /Applications/Xcode.app/Contents/Developer/Toolchains/XcodeDefault.xctoolchain/usr/bin/strip -resolve-src-symlinks -rename /Users/argus/Programming/pdf-reader/.build/xcode-derived-release/Build/Intermediates.noindex/TOMLDecoder.build/Release/TOMLDecoder.build/Objects-normal/x86_64/TOMLDecoder.swiftdoc /Users/argus/Programming/pdf-reader/.build/xcode-derived-release/Build/Products/Release/TOMLDecoder.swiftmodule/x86_64-apple-macos.swiftdoc

Copy /Users/argus/Programming/pdf-reader/.build/xcode-derived-release/Build/Products/Release/TOMLDecoder.swiftmodule/x86_64-apple-macos.abi.json /Users/argus/Programming/pdf-reader/.build/xcode-derived-release/Build/Intermediates.noindex/TOMLDecoder.build/Release/TOMLDecoder.build/Objects-normal/x86_64/TOMLDecoder.abi.json (in target 'TOMLDecoder' from project 'TOMLDecoder')
    cd /Users/argus/Programming/pdf-reader/.build/xcode-derived-release/SourcePackages/checkouts/TOMLDecoder
    builtin-copy -exclude .DS_Store -exclude CVS -exclude .svn -exclude .git -exclude .hg -strip-unsigned-binaries -strip-deterministic -strip-tool /Applications/Xcode.app/Contents/Developer/Toolchains/XcodeDefault.xctoolchain/usr/bin/strip -resolve-src-symlinks -rename /Users/argus/Programming/pdf-reader/.build/xcode-derived-release/Build/Intermediates.noindex/TOMLDecoder.build/Release/TOMLDecoder.build/Objects-normal/x86_64/TOMLDecoder.abi.json /Users/argus/Programming/pdf-reader/.build/xcode-derived-release/Build/Products/Release/TOMLDecoder.swiftmodule/x86_64-apple-macos.abi.json

Copy /Users/argus/Programming/pdf-reader/.build/xcode-derived-release/Build/Products/Release/TOMLDecoder.swiftmodule/arm64-apple-macos.abi.json /Users/argus/Programming/pdf-reader/.build/xcode-derived-release/Build/Intermediates.noindex/TOMLDecoder.build/Release/TOMLDecoder.build/Objects-normal/arm64/TOMLDecoder.abi.json (in target 'TOMLDecoder' from project 'TOMLDecoder')
    cd /Users/argus/Programming/pdf-reader/.build/xcode-derived-release/SourcePackages/checkouts/TOMLDecoder
    builtin-copy -exclude .DS_Store -exclude CVS -exclude .svn -exclude .git -exclude .hg -strip-unsigned-binaries -strip-deterministic -strip-tool /Applications/Xcode.app/Contents/Developer/Toolchains/XcodeDefault.xctoolchain/usr/bin/strip -resolve-src-symlinks -rename /Users/argus/Programming/pdf-reader/.build/xcode-derived-release/Build/Intermediates.noindex/TOMLDecoder.build/Release/TOMLDecoder.build/Objects-normal/arm64/TOMLDecoder.abi.json /Users/argus/Programming/pdf-reader/.build/xcode-derived-release/Build/Products/Release/TOMLDecoder.swiftmodule/arm64-apple-macos.abi.json

Copy /Users/argus/Programming/pdf-reader/.build/xcode-derived-release/Build/Products/Release/TOMLDecoder.swiftmodule/arm64-apple-macos.swiftdoc /Users/argus/Programming/pdf-reader/.build/xcode-derived-release/Build/Intermediates.noindex/TOMLDecoder.build/Release/TOMLDecoder.build/Objects-normal/arm64/TOMLDecoder.swiftdoc (in target 'TOMLDecoder' from project 'TOMLDecoder')
    cd /Users/argus/Programming/pdf-reader/.build/xcode-derived-release/SourcePackages/checkouts/TOMLDecoder
    builtin-copy -exclude .DS_Store -exclude CVS -exclude .svn -exclude .git -exclude .hg -strip-unsigned-binaries -strip-deterministic -strip-tool /Applications/Xcode.app/Contents/Developer/Toolchains/XcodeDefault.xctoolchain/usr/bin/strip -resolve-src-symlinks -rename /Users/argus/Programming/pdf-reader/.build/xcode-derived-release/Build/Intermediates.noindex/TOMLDecoder.build/Release/TOMLDecoder.build/Objects-normal/arm64/TOMLDecoder.swiftdoc /Users/argus/Programming/pdf-reader/.build/xcode-derived-release/Build/Products/Release/TOMLDecoder.swiftmodule/arm64-apple-macos.swiftdoc

Copy /Users/argus/Programming/pdf-reader/.build/xcode-derived-release/Build/Products/Release/TOMLDecoder.swiftmodule/x86_64-apple-macos.swiftmodule /Users/argus/Programming/pdf-reader/.build/xcode-derived-release/Build/Intermediates.noindex/TOMLDecoder.build/Release/TOMLDecoder.build/Objects-normal/x86_64/TOMLDecoder.swiftmodule (in target 'TOMLDecoder' from project 'TOMLDecoder')
    cd /Users/argus/Programming/pdf-reader/.build/xcode-derived-release/SourcePackages/checkouts/TOMLDecoder
    builtin-copy -exclude .DS_Store -exclude CVS -exclude .svn -exclude .git -exclude .hg -strip-unsigned-binaries -strip-deterministic -strip-tool /Applications/Xcode.app/Contents/Developer/Toolchains/XcodeDefault.xctoolchain/usr/bin/strip -resolve-src-symlinks -rename /Users/argus/Programming/pdf-reader/.build/xcode-derived-release/Build/Intermediates.noindex/TOMLDecoder.build/Release/TOMLDecoder.build/Objects-normal/x86_64/TOMLDecoder.swiftmodule /Users/argus/Programming/pdf-reader/.build/xcode-derived-release/Build/Products/Release/TOMLDecoder.swiftmodule/x86_64-apple-macos.swiftmodule

Copy /Users/argus/Programming/pdf-reader/.build/xcode-derived-release/Build/Products/Release/TOMLDecoder.swiftmodule/Project/x86_64-apple-macos.swiftsourceinfo /Users/argus/Programming/pdf-reader/.build/xcode-derived-release/Build/Intermediates.noindex/TOMLDecoder.build/Release/TOMLDecoder.build/Objects-normal/x86_64/TOMLDecoder.swiftsourceinfo (in target 'TOMLDecoder' from project 'TOMLDecoder')
    cd /Users/argus/Programming/pdf-reader/.build/xcode-derived-release/SourcePackages/checkouts/TOMLDecoder
    builtin-copy -exclude .DS_Store -exclude CVS -exclude .svn -exclude .git -exclude .hg -strip-unsigned-binaries -strip-deterministic -strip-tool /Applications/Xcode.app/Contents/Developer/Toolchains/XcodeDefault.xctoolchain/usr/bin/strip -resolve-src-symlinks -rename /Users/argus/Programming/pdf-reader/.build/xcode-derived-release/Build/Intermediates.noindex/TOMLDecoder.build/Release/TOMLDecoder.build/Objects-normal/x86_64/TOMLDecoder.swiftsourceinfo /Users/argus/Programming/pdf-reader/.build/xcode-derived-release/Build/Products/Release/TOMLDecoder.swiftmodule/Project/x86_64-apple-macos.swiftsourceinfo

Copy /Users/argus/Programming/pdf-reader/.build/xcode-derived-release/Build/Products/Release/TOMLDecoder.swiftmodule/Project/arm64-apple-macos.swiftsourceinfo /Users/argus/Programming/pdf-reader/.build/xcode-derived-release/Build/Intermediates.noindex/TOMLDecoder.build/Release/TOMLDecoder.build/Objects-normal/arm64/TOMLDecoder.swiftsourceinfo (in target 'TOMLDecoder' from project 'TOMLDecoder')
    cd /Users/argus/Programming/pdf-reader/.build/xcode-derived-release/SourcePackages/checkouts/TOMLDecoder
    builtin-copy -exclude .DS_Store -exclude CVS -exclude .svn -exclude .git -exclude .hg -strip-unsigned-binaries -strip-deterministic -strip-tool /Applications/Xcode.app/Contents/Developer/Toolchains/XcodeDefault.xctoolchain/usr/bin/strip -resolve-src-symlinks -rename /Users/argus/Programming/pdf-reader/.build/xcode-derived-release/Build/Intermediates.noindex/TOMLDecoder.build/Release/TOMLDecoder.build/Objects-normal/arm64/TOMLDecoder.swiftsourceinfo /Users/argus/Programming/pdf-reader/.build/xcode-derived-release/Build/Products/Release/TOMLDecoder.swiftmodule/Project/arm64-apple-macos.swiftsourceinfo

Copy /Users/argus/Programming/pdf-reader/.build/xcode-derived-release/Build/Products/Release/TOMLDecoder.swiftmodule/arm64-apple-macos.swiftmodule /Users/argus/Programming/pdf-reader/.build/xcode-derived-release/Build/Intermediates.noindex/TOMLDecoder.build/Release/TOMLDecoder.build/Objects-normal/arm64/TOMLDecoder.swiftmodule (in target 'TOMLDecoder' from project 'TOMLDecoder')
    cd /Users/argus/Programming/pdf-reader/.build/xcode-derived-release/SourcePackages/checkouts/TOMLDecoder
    builtin-copy -exclude .DS_Store -exclude CVS -exclude .svn -exclude .git -exclude .hg -strip-unsigned-binaries -strip-deterministic -strip-tool /Applications/Xcode.app/Contents/Developer/Toolchains/XcodeDefault.xctoolchain/usr/bin/strip -resolve-src-symlinks -rename /Users/argus/Programming/pdf-reader/.build/xcode-derived-release/Build/Intermediates.noindex/TOMLDecoder.build/Release/TOMLDecoder.build/Objects-normal/arm64/TOMLDecoder.swiftmodule /Users/argus/Programming/pdf-reader/.build/xcode-derived-release/Build/Products/Release/TOMLDecoder.swiftmodule/arm64-apple-macos.swiftmodule

Ld /Users/argus/Programming/pdf-reader/.build/xcode-derived-release/Build/Intermediates.noindex/TOMLDecoder.build/Release/TOMLDecoder.build/Objects-normal/x86_64/Binary/TOMLDecoder.o normal x86_64 (in target 'TOMLDecoder' from project 'TOMLDecoder')
    cd /Users/argus/Programming/pdf-reader/.build/xcode-derived-release/SourcePackages/checkouts/TOMLDecoder
    /Applications/Xcode.app/Contents/Developer/Toolchains/XcodeDefault.xctoolchain/usr/bin/clang -Xlinker -reproducible -target x86_64-apple-macos10.15 -r -isysroot /Applications/Xcode.app/Contents/Developer/Platforms/MacOSX.platform/Developer/SDKs/MacOSX26.5.sdk -Os -w -F/Users/argus/Programming/pdf-reader/.build/xcode-derived-release/Build/Intermediates.noindex/EagerLinkingTBDs/Release -F/Users/argus/Programming/pdf-reader/.build/xcode-derived-release/Build/Products/Release -iframework /Applications/Xcode.app/Contents/Developer/Platforms/MacOSX.platform/Developer/Library/Frameworks -filelist /Users/argus/Programming/pdf-reader/.build/xcode-derived-release/Build/Intermediates.noindex/TOMLDecoder.build/Release/TOMLDecoder.build/Objects-normal/x86_64/TOMLDecoder.LinkFileList -nostdlib -Xlinker -object_path_lto -Xlinker /Users/argus/Programming/pdf-reader/.build/xcode-derived-release/Build/Intermediates.noindex/TOMLDecoder.build/Release/TOMLDecoder.build/Objects-normal/x86_64/TOMLDecoder_lto.o -Xlinker -dependency_info -Xlinker /Users/argus/Programming/pdf-reader/.build/xcode-derived-release/Build/Intermediates.noindex/TOMLDecoder.build/Release/TOMLDecoder.build/Objects-normal/x86_64/TOMLDecoder_dependency_info.dat -fobjc-link-runtime -L/Applications/Xcode.app/Contents/Developer/Toolchains/XcodeDefault.xctoolchain/usr/lib/swift/macosx -L/usr/lib/swift -Xlinker -add_ast_path -Xlinker /Users/argus/Programming/pdf-reader/.build/xcode-derived-release/Build/Intermediates.noindex/TOMLDecoder.build/Release/TOMLDecoder.build/Objects-normal/x86_64/TOMLDecoder.swiftmodule @/Users/argus/Programming/pdf-reader/.build/xcode-derived-release/Build/Intermediates.noindex/TOMLDecoder.build/Release/TOMLDecoder.build/Objects-normal/x86_64/TOMLDecoder-linker-args.resp -o /Users/argus/Programming/pdf-reader/.build/xcode-derived-release/Build/Intermediates.noindex/TOMLDecoder.build/Release/TOMLDecoder.build/Objects-normal/x86_64/Binary/TOMLDecoder.o

Ld /Users/argus/Programming/pdf-reader/.build/xcode-derived-release/Build/Intermediates.noindex/TOMLDecoder.build/Release/TOMLDecoder.build/Objects-normal/arm64/Binary/TOMLDecoder.o normal arm64 (in target 'TOMLDecoder' from project 'TOMLDecoder')
    cd /Users/argus/Programming/pdf-reader/.build/xcode-derived-release/SourcePackages/checkouts/TOMLDecoder
    /Applications/Xcode.app/Contents/Developer/Toolchains/XcodeDefault.xctoolchain/usr/bin/clang -Xlinker -reproducible -target arm64-apple-macos10.15 -r -isysroot /Applications/Xcode.app/Contents/Developer/Platforms/MacOSX.platform/Developer/SDKs/MacOSX26.5.sdk -Os -w -F/Users/argus/Programming/pdf-reader/.build/xcode-derived-release/Build/Intermediates.noindex/EagerLinkingTBDs/Release -F/Users/argus/Programming/pdf-reader/.build/xcode-derived-release/Build/Products/Release -iframework /Applications/Xcode.app/Contents/Developer/Platforms/MacOSX.platform/Developer/Library/Frameworks -filelist /Users/argus/Programming/pdf-reader/.build/xcode-derived-release/Build/Intermediates.noindex/TOMLDecoder.build/Release/TOMLDecoder.build/Objects-normal/arm64/TOMLDecoder.LinkFileList -nostdlib -Xlinker -object_path_lto -Xlinker /Users/argus/Programming/pdf-reader/.build/xcode-derived-release/Build/Intermediates.noindex/TOMLDecoder.build/Release/TOMLDecoder.build/Objects-normal/arm64/TOMLDecoder_lto.o -Xlinker -dependency_info -Xlinker /Users/argus/Programming/pdf-reader/.build/xcode-derived-release/Build/Intermediates.noindex/TOMLDecoder.build/Release/TOMLDecoder.build/Objects-normal/arm64/TOMLDecoder_dependency_info.dat -fobjc-link-runtime -L/Applications/Xcode.app/Contents/Developer/Toolchains/XcodeDefault.xctoolchain/usr/lib/swift/macosx -L/usr/lib/swift -Xlinker -add_ast_path -Xlinker /Users/argus/Programming/pdf-reader/.build/xcode-derived-release/Build/Intermediates.noindex/TOMLDecoder.build/Release/TOMLDecoder.build/Objects-normal/arm64/TOMLDecoder.swiftmodule @/Users/argus/Programming/pdf-reader/.build/xcode-derived-release/Build/Intermediates.noindex/TOMLDecoder.build/Release/TOMLDecoder.build/Objects-normal/arm64/TOMLDecoder-linker-args.resp -o /Users/argus/Programming/pdf-reader/.build/xcode-derived-release/Build/Intermediates.noindex/TOMLDecoder.build/Release/TOMLDecoder.build/Objects-normal/arm64/Binary/TOMLDecoder.o

CreateUniversalBinary /Users/argus/Programming/pdf-reader/.build/xcode-derived-release/Build/Products/Release/TOMLDecoder.o normal arm64\ x86_64 (in target 'TOMLDecoder' from project 'TOMLDecoder')
    cd /Users/argus/Programming/pdf-reader/.build/xcode-derived-release/SourcePackages/checkouts/TOMLDecoder
    /Applications/Xcode.app/Contents/Developer/Toolchains/XcodeDefault.xctoolchain/usr/bin/lipo -create /Users/argus/Programming/pdf-reader/.build/xcode-derived-release/Build/Intermediates.noindex/TOMLDecoder.build/Release/TOMLDecoder.build/Objects-normal/arm64/Binary/TOMLDecoder.o /Users/argus/Programming/pdf-reader/.build/xcode-derived-release/Build/Intermediates.noindex/TOMLDecoder.build/Release/TOMLDecoder.build/Objects-normal/x86_64/Binary/TOMLDecoder.o -output /Users/argus/Programming/pdf-reader/.build/xcode-derived-release/Build/Products/Release/TOMLDecoder.o

ExtractAppIntentsMetadata (in target 'TOMLDecoder' from project 'TOMLDecoder')
    cd /Users/argus/Programming/pdf-reader/.build/xcode-derived-release/SourcePackages/checkouts/TOMLDecoder
    /Applications/Xcode.app/Contents/Developer/Toolchains/XcodeDefault.xctoolchain/usr/bin/appintentsmetadataprocessor --toolchain-dir /Applications/Xcode.app/Contents/Developer/Toolchains/XcodeDefault.xctoolchain --module-name TOMLDecoder --sdk-root /Applications/Xcode.app/Contents/Developer/Platforms/MacOSX.platform/Developer/SDKs/MacOSX26.5.sdk --xcode-version 17F113 --platform-family macOS --deployment-target 10.15 --bundle-identifier tomldecoder.TOMLDecoder --output /Users/argus/Programming/pdf-reader/.build/xcode-derived-release/Build/Products/Release/TOMLDecoder.appintents --target-triple arm64-apple-macos10.15 --target-triple x86_64-apple-macos10.15 --binary-file /Users/argus/Programming/pdf-reader/.build/xcode-derived-release/Build/Products/Release/TOMLDecoder.o --dependency-file /Users/argus/Programming/pdf-reader/.build/xcode-derived-release/Build/Intermediates.noindex/TOMLDecoder.build/Release/TOMLDecoder.build/Objects-normal/arm64/TOMLDecoder_dependency_info.dat --dependency-file /Users/argus/Programming/pdf-reader/.build/xcode-derived-release/Build/Intermediates.noindex/TOMLDecoder.build/Release/TOMLDecoder.build/Objects-normal/x86_64/TOMLDecoder_dependency_info.dat --stringsdata-file /Users/argus/Programming/pdf-reader/.build/xcode-derived-release/Build/Intermediates.noindex/TOMLDecoder.build/Release/TOMLDecoder.build/Objects-normal/arm64/ExtractedAppShortcutsMetadata.stringsdata --stringsdata-file /Users/argus/Programming/pdf-reader/.build/xcode-derived-release/Build/Intermediates.noindex/TOMLDecoder.build/Release/TOMLDecoder.build/Objects-normal/x86_64/ExtractedAppShortcutsMetadata.stringsdata --source-file-list /Users/argus/Programming/pdf-reader/.build/xcode-derived-release/Build/Intermediates.noindex/TOMLDecoder.build/Release/TOMLDecoder.build/Objects-normal/arm64/TOMLDecoder.SwiftFileList --source-file-list /Users/argus/Programming/pdf-reader/.build/xcode-derived-release/Build/Intermediates.noindex/TOMLDecoder.build/Release/TOMLDecoder.build/Objects-normal/x86_64/TOMLDecoder.SwiftFileList --metadata-file-list /Users/argus/Programming/pdf-reader/.build/xcode-derived-release/Build/Intermediates.noindex/TOMLDecoder.build/Release/TOMLDecoder.build/TOMLDecoder.DependencyMetadataFileList --static-metadata-file-list /Users/argus/Programming/pdf-reader/.build/xcode-derived-release/Build/Intermediates.noindex/TOMLDecoder.build/Release/TOMLDecoder.build/TOMLDecoder.DependencyStaticMetadataFileList --swift-const-vals-list /Users/argus/Programming/pdf-reader/.build/xcode-derived-release/Build/Intermediates.noindex/TOMLDecoder.build/Release/TOMLDecoder.build/Objects-normal/arm64/TOMLDecoder.SwiftConstValuesFileList --swift-const-vals-list /Users/argus/Programming/pdf-reader/.build/xcode-derived-release/Build/Intermediates.noindex/TOMLDecoder.build/Release/TOMLDecoder.build/Objects-normal/x86_64/TOMLDecoder.SwiftConstValuesFileList --force --compile-time-extraction --deployment-aware-processing --validate-assistant-intents --no-app-shortcuts-localization
2026-07-22 14:03:52.884 appintentsmetadataprocessor[26391:280345352] Starting appintentsmetadataprocessor export
2026-07-22 14:03:52.905 appintentsmetadataprocessor[26391:280345352] Extracted no relevant App Intents symbols, skipping writing output

RegisterExecutionPolicyException /Users/argus/Programming/pdf-reader/.build/xcode-derived-release/Build/Products/Release/TOMLDecoder.o (in target 'TOMLDecoder' from project 'TOMLDecoder')
    cd /Users/argus/Programming/pdf-reader/.build/xcode-derived-release/SourcePackages/checkouts/TOMLDecoder
    builtin-RegisterExecutionPolicyException /Users/argus/Programming/pdf-reader/.build/xcode-derived-release/Build/Products/Release/TOMLDecoder.o

SwiftDriverJobDiscovery normal x86_64 Compiling ActionBindingPolicy.swift, ActionDescriptor.swift, ActionDispatcherProtocol.swift, ActionID.swift, ActionRegistry.swift, ActionSurfaceRegistry.swift, MenuEquivalentPolicy.swift, BuiltInDefaults.swift, ConfigDecoder.swift, ConfigDiagnostic.swift, ConfigDocumentation.swift, ConfigValidator.swift, EffectiveAppConfig.swift, SparseAppConfig.swift, InputContext.swift, KeySequence.swift, KeySequenceEngine.swift, KeySequenceParser.swift, KeySequenceTrie.swift, KeyToken.swift, PageNumberInputBuffer.swift, PromptNativeReservationV1.swift, PromptSafeBindingPredicate.swift, SystemKeyReservationV1.swift, TabStore.swift, BuiltInThemes.swift, Theme.swift, CoreVersion.swift (in target 'PDFReaderCore' from project 'PDFReader')

SwiftDriver\ Compilation\ Requirements PDFReaderCore normal x86_64 com.apple.xcode.tools.swift.compiler (in target 'PDFReaderCore' from project 'PDFReader')
    cd /Users/argus/Programming/pdf-reader
    builtin-Swift-Compilation-Requirements -- /Applications/Xcode.app/Contents/Developer/Toolchains/XcodeDefault.xctoolchain/usr/bin/swiftc -module-name PDFReaderCore -O -whole-module-optimization @/Users/argus/Programming/pdf-reader/.build/xcode-derived-release/Build/Intermediates.noindex/PDFReader.build/Release/PDFReaderCore.build/Objects-normal/x86_64/PDFReaderCore.SwiftFileList -enable-experimental-feature DebugDescriptionMacro -sdk /Applications/Xcode.app/Contents/Developer/Platforms/MacOSX.platform/Developer/SDKs/MacOSX26.5.sdk -target x86_64-apple-macos14.0 -g -module-cache-path /Users/argus/Programming/pdf-reader/.build/xcode-derived-release/ModuleCache.noindex -Xfrontend -serialize-debugging-options -swift-version 6 -I /Users/argus/Programming/pdf-reader/.build/xcode-derived-release/Build/Products/Release -F /Users/argus/Programming/pdf-reader/.build/xcode-derived-release/Build/Products/Release -c -num-threads 10 -Xcc -ivfsstatcache -Xcc /Users/argus/Programming/pdf-reader/.build/xcode-derived-release/SDKStatCaches.noindex/macosx26.5-25F70-e082c4a02f00227109f4ed75e425c832.sdkstatcache -output-file-map /Users/argus/Programming/pdf-reader/.build/xcode-derived-release/Build/Intermediates.noindex/PDFReader.build/Release/PDFReaderCore.build/Objects-normal/x86_64/PDFReaderCore-OutputFileMap.json -use-frontend-parseable-output -save-temps -no-color-diagnostics -explicit-module-build -module-cache-path /Users/argus/Programming/pdf-reader/.build/xcode-derived-release/Build/Intermediates.noindex/SwiftExplicitPrecompiledModules -clang-scanner-module-cache-path /Users/argus/Programming/pdf-reader/.build/xcode-derived-release/ModuleCache.noindex -sdk-module-cache-path /Users/argus/Programming/pdf-reader/.build/xcode-derived-release/ModuleCache.noindex -serialize-diagnostics -emit-dependencies -emit-module -emit-module-path /Users/argus/Programming/pdf-reader/.build/xcode-derived-release/Build/Intermediates.noindex/PDFReader.build/Release/PDFReaderCore.build/Objects-normal/x86_64/PDFReaderCore.swiftmodule -validate-clang-modules-once -clang-build-session-file /Users/argus/Programming/pdf-reader/.build/xcode-derived-release/ModuleCache.noindex/Session.modulevalidation -Xcc -I/Users/argus/Programming/pdf-reader/.build/xcode-derived-release/Build/Intermediates.noindex/PDFReader.build/Release/PDFReaderCore.build/swift-overrides.hmap -emit-const-values -Xfrontend -const-gather-protocols-file -Xfrontend /Users/argus/Programming/pdf-reader/.build/xcode-derived-release/Build/Intermediates.noindex/PDFReader.build/Release/PDFReaderCore.build/Objects-normal/x86_64/PDFReaderCore_const_extract_protocols.json -Xcc -iquote -Xcc /Users/argus/Programming/pdf-reader/.build/xcode-derived-release/Build/Intermediates.noindex/PDFReader.build/Release/PDFReaderCore.build/PDFReaderCore-generated-files.hmap -Xcc -I/Users/argus/Programming/pdf-reader/.build/xcode-derived-release/Build/Intermediates.noindex/PDFReader.build/Release/PDFReaderCore.build/PDFReaderCore-own-target-headers.hmap -Xcc -I/Users/argus/Programming/pdf-reader/.build/xcode-derived-release/Build/Intermediates.noindex/PDFReader.build/Release/PDFReaderCore.build/PDFReaderCore-all-non-framework-target-headers.hmap -Xcc -ivfsoverlay -Xcc /Users/argus/Programming/pdf-reader/.build/xcode-derived-release/Build/Intermediates.noindex/PDFReader.build/Release/PDFReader-5ed3f8c2d107e937755ff9345addb7ff-VFS/all-product-headers.yaml -Xcc -iquote -Xcc /Users/argus/Programming/pdf-reader/.build/xcode-derived-release/Build/Intermediates.noindex/PDFReader.build/Release/PDFReaderCore.build/PDFReaderCore-project-headers.hmap -Xcc -I/Users/argus/Programming/pdf-reader/.build/xcode-derived-release/Build/Products/Release/include -Xcc -I/Users/argus/Programming/pdf-reader/.build/xcode-derived-release/Build/Intermediates.noindex/PDFReader.build/Release/PDFReaderCore.build/DerivedSources-normal/x86_64 -Xcc -I/Users/argus/Programming/pdf-reader/.build/xcode-derived-release/Build/Intermediates.noindex/PDFReader.build/Release/PDFReaderCore.build/DerivedSources/x86_64 -Xcc -I/Users/argus/Programming/pdf-reader/.build/xcode-derived-release/Build/Intermediates.noindex/PDFReader.build/Release/PDFReaderCore.build/DerivedSources -emit-objc-header -emit-objc-header-path /Users/argus/Programming/pdf-reader/.build/xcode-derived-release/Build/Intermediates.noindex/PDFReader.build/Release/PDFReaderCore.build/Objects-normal/x86_64/PDFReaderCore-Swift.h -working-directory /Users/argus/Programming/pdf-reader -no-emit-module-separately-wmo

Copy /Users/argus/Programming/pdf-reader/.build/xcode-derived-release/Build/Products/Release/PDFReaderCore.framework/Versions/A/Modules/PDFReaderCore.swiftmodule/x86_64-apple-macos.abi.json /Users/argus/Programming/pdf-reader/.build/xcode-derived-release/Build/Intermediates.noindex/PDFReader.build/Release/PDFReaderCore.build/Objects-normal/x86_64/PDFReaderCore.abi.json (in target 'PDFReaderCore' from project 'PDFReader')
    cd /Users/argus/Programming/pdf-reader
    builtin-copy -exclude .DS_Store -exclude CVS -exclude .svn -exclude .git -exclude .hg -resolve-src-symlinks -rename /Users/argus/Programming/pdf-reader/.build/xcode-derived-release/Build/Intermediates.noindex/PDFReader.build/Release/PDFReaderCore.build/Objects-normal/x86_64/PDFReaderCore.abi.json /Users/argus/Programming/pdf-reader/.build/xcode-derived-release/Build/Products/Release/PDFReaderCore.framework/Versions/A/Modules/PDFReaderCore.swiftmodule/x86_64-apple-macos.abi.json

Copy /Users/argus/Programming/pdf-reader/.build/xcode-derived-release/Build/Products/Release/PDFReaderCore.framework/Versions/A/Modules/PDFReaderCore.swiftmodule/x86_64-apple-macos.swiftdoc /Users/argus/Programming/pdf-reader/.build/xcode-derived-release/Build/Intermediates.noindex/PDFReader.build/Release/PDFReaderCore.build/Objects-normal/x86_64/PDFReaderCore.swiftdoc (in target 'PDFReaderCore' from project 'PDFReader')
    cd /Users/argus/Programming/pdf-reader
    builtin-copy -exclude .DS_Store -exclude CVS -exclude .svn -exclude .git -exclude .hg -resolve-src-symlinks -rename /Users/argus/Programming/pdf-reader/.build/xcode-derived-release/Build/Intermediates.noindex/PDFReader.build/Release/PDFReaderCore.build/Objects-normal/x86_64/PDFReaderCore.swiftdoc /Users/argus/Programming/pdf-reader/.build/xcode-derived-release/Build/Products/Release/PDFReaderCore.framework/Versions/A/Modules/PDFReaderCore.swiftmodule/x86_64-apple-macos.swiftdoc

Copy /Users/argus/Programming/pdf-reader/.build/xcode-derived-release/Build/Products/Release/PDFReaderCore.framework/Versions/A/Modules/PDFReaderCore.swiftmodule/x86_64-apple-macos.swiftmodule /Users/argus/Programming/pdf-reader/.build/xcode-derived-release/Build/Intermediates.noindex/PDFReader.build/Release/PDFReaderCore.build/Objects-normal/x86_64/PDFReaderCore.swiftmodule (in target 'PDFReaderCore' from project 'PDFReader')
    cd /Users/argus/Programming/pdf-reader
    builtin-copy -exclude .DS_Store -exclude CVS -exclude .svn -exclude .git -exclude .hg -resolve-src-symlinks -rename /Users/argus/Programming/pdf-reader/.build/xcode-derived-release/Build/Intermediates.noindex/PDFReader.build/Release/PDFReaderCore.build/Objects-normal/x86_64/PDFReaderCore.swiftmodule /Users/argus/Programming/pdf-reader/.build/xcode-derived-release/Build/Products/Release/PDFReaderCore.framework/Versions/A/Modules/PDFReaderCore.swiftmodule/x86_64-apple-macos.swiftmodule

Copy /Users/argus/Programming/pdf-reader/.build/xcode-derived-release/Build/Products/Release/PDFReaderCore.framework/Versions/A/Modules/PDFReaderCore.swiftmodule/Project/x86_64-apple-macos.swiftsourceinfo /Users/argus/Programming/pdf-reader/.build/xcode-derived-release/Build/Intermediates.noindex/PDFReader.build/Release/PDFReaderCore.build/Objects-normal/x86_64/PDFReaderCore.swiftsourceinfo (in target 'PDFReaderCore' from project 'PDFReader')
    cd /Users/argus/Programming/pdf-reader
    builtin-copy -exclude .DS_Store -exclude CVS -exclude .svn -exclude .git -exclude .hg -resolve-src-symlinks -rename /Users/argus/Programming/pdf-reader/.build/xcode-derived-release/Build/Intermediates.noindex/PDFReader.build/Release/PDFReaderCore.build/Objects-normal/x86_64/PDFReaderCore.swiftsourceinfo /Users/argus/Programming/pdf-reader/.build/xcode-derived-release/Build/Products/Release/PDFReaderCore.framework/Versions/A/Modules/PDFReaderCore.swiftmodule/Project/x86_64-apple-macos.swiftsourceinfo

SwiftDriverJobDiscovery normal arm64 Compiling ActionBindingPolicy.swift, ActionDescriptor.swift, ActionDispatcherProtocol.swift, ActionID.swift, ActionRegistry.swift, ActionSurfaceRegistry.swift, MenuEquivalentPolicy.swift, BuiltInDefaults.swift, ConfigDecoder.swift, ConfigDiagnostic.swift, ConfigDocumentation.swift, ConfigValidator.swift, EffectiveAppConfig.swift, SparseAppConfig.swift, InputContext.swift, KeySequence.swift, KeySequenceEngine.swift, KeySequenceParser.swift, KeySequenceTrie.swift, KeyToken.swift, PageNumberInputBuffer.swift, PromptNativeReservationV1.swift, PromptSafeBindingPredicate.swift, SystemKeyReservationV1.swift, TabStore.swift, BuiltInThemes.swift, Theme.swift, CoreVersion.swift (in target 'PDFReaderCore' from project 'PDFReader')

SwiftDriver\ Compilation\ Requirements PDFReaderCore normal arm64 com.apple.xcode.tools.swift.compiler (in target 'PDFReaderCore' from project 'PDFReader')
    cd /Users/argus/Programming/pdf-reader
    builtin-Swift-Compilation-Requirements -- /Applications/Xcode.app/Contents/Developer/Toolchains/XcodeDefault.xctoolchain/usr/bin/swiftc -module-name PDFReaderCore -O -whole-module-optimization @/Users/argus/Programming/pdf-reader/.build/xcode-derived-release/Build/Intermediates.noindex/PDFReader.build/Release/PDFReaderCore.build/Objects-normal/arm64/PDFReaderCore.SwiftFileList -enable-experimental-feature DebugDescriptionMacro -sdk /Applications/Xcode.app/Contents/Developer/Platforms/MacOSX.platform/Developer/SDKs/MacOSX26.5.sdk -target arm64-apple-macos14.0 -g -module-cache-path /Users/argus/Programming/pdf-reader/.build/xcode-derived-release/ModuleCache.noindex -Xfrontend -serialize-debugging-options -swift-version 6 -I /Users/argus/Programming/pdf-reader/.build/xcode-derived-release/Build/Products/Release -F /Users/argus/Programming/pdf-reader/.build/xcode-derived-release/Build/Products/Release -c -num-threads 10 -Xcc -ivfsstatcache -Xcc /Users/argus/Programming/pdf-reader/.build/xcode-derived-release/SDKStatCaches.noindex/macosx26.5-25F70-e082c4a02f00227109f4ed75e425c832.sdkstatcache -output-file-map /Users/argus/Programming/pdf-reader/.build/xcode-derived-release/Build/Intermediates.noindex/PDFReader.build/Release/PDFReaderCore.build/Objects-normal/arm64/PDFReaderCore-OutputFileMap.json -use-frontend-parseable-output -save-temps -no-color-diagnostics -explicit-module-build -module-cache-path /Users/argus/Programming/pdf-reader/.build/xcode-derived-release/Build/Intermediates.noindex/SwiftExplicitPrecompiledModules -clang-scanner-module-cache-path /Users/argus/Programming/pdf-reader/.build/xcode-derived-release/ModuleCache.noindex -sdk-module-cache-path /Users/argus/Programming/pdf-reader/.build/xcode-derived-release/ModuleCache.noindex -serialize-diagnostics -emit-dependencies -emit-module -emit-module-path /Users/argus/Programming/pdf-reader/.build/xcode-derived-release/Build/Intermediates.noindex/PDFReader.build/Release/PDFReaderCore.build/Objects-normal/arm64/PDFReaderCore.swiftmodule -validate-clang-modules-once -clang-build-session-file /Users/argus/Programming/pdf-reader/.build/xcode-derived-release/ModuleCache.noindex/Session.modulevalidation -Xcc -I/Users/argus/Programming/pdf-reader/.build/xcode-derived-release/Build/Intermediates.noindex/PDFReader.build/Release/PDFReaderCore.build/swift-overrides.hmap -emit-const-values -Xfrontend -const-gather-protocols-file -Xfrontend /Users/argus/Programming/pdf-reader/.build/xcode-derived-release/Build/Intermediates.noindex/PDFReader.build/Release/PDFReaderCore.build/Objects-normal/arm64/PDFReaderCore_const_extract_protocols.json -Xcc -iquote -Xcc /Users/argus/Programming/pdf-reader/.build/xcode-derived-release/Build/Intermediates.noindex/PDFReader.build/Release/PDFReaderCore.build/PDFReaderCore-generated-files.hmap -Xcc -I/Users/argus/Programming/pdf-reader/.build/xcode-derived-release/Build/Intermediates.noindex/PDFReader.build/Release/PDFReaderCore.build/PDFReaderCore-own-target-headers.hmap -Xcc -I/Users/argus/Programming/pdf-reader/.build/xcode-derived-release/Build/Intermediates.noindex/PDFReader.build/Release/PDFReaderCore.build/PDFReaderCore-all-non-framework-target-headers.hmap -Xcc -ivfsoverlay -Xcc /Users/argus/Programming/pdf-reader/.build/xcode-derived-release/Build/Intermediates.noindex/PDFReader.build/Release/PDFReader-5ed3f8c2d107e937755ff9345addb7ff-VFS/all-product-headers.yaml -Xcc -iquote -Xcc /Users/argus/Programming/pdf-reader/.build/xcode-derived-release/Build/Intermediates.noindex/PDFReader.build/Release/PDFReaderCore.build/PDFReaderCore-project-headers.hmap -Xcc -I/Users/argus/Programming/pdf-reader/.build/xcode-derived-release/Build/Products/Release/include -Xcc -I/Users/argus/Programming/pdf-reader/.build/xcode-derived-release/Build/Intermediates.noindex/PDFReader.build/Release/PDFReaderCore.build/DerivedSources-normal/arm64 -Xcc -I/Users/argus/Programming/pdf-reader/.build/xcode-derived-release/Build/Intermediates.noindex/PDFReader.build/Release/PDFReaderCore.build/DerivedSources/arm64 -Xcc -I/Users/argus/Programming/pdf-reader/.build/xcode-derived-release/Build/Intermediates.noindex/PDFReader.build/Release/PDFReaderCore.build/DerivedSources -emit-objc-header -emit-objc-header-path /Users/argus/Programming/pdf-reader/.build/xcode-derived-release/Build/Intermediates.noindex/PDFReader.build/Release/PDFReaderCore.build/Objects-normal/arm64/PDFReaderCore-Swift.h -working-directory /Users/argus/Programming/pdf-reader -no-emit-module-separately-wmo

SwiftMergeGeneratedHeaders /Users/argus/Programming/pdf-reader/.build/xcode-derived-release/Build/Products/Release/PDFReaderCore.framework/Versions/A/Headers/PDFReaderCore-Swift.h /Users/argus/Programming/pdf-reader/.build/xcode-derived-release/Build/Intermediates.noindex/PDFReader.build/Release/PDFReaderCore.build/Objects-normal/arm64/PDFReaderCore-Swift.h /Users/argus/Programming/pdf-reader/.build/xcode-derived-release/Build/Intermediates.noindex/PDFReader.build/Release/PDFReaderCore.build/Objects-normal/x86_64/PDFReaderCore-Swift.h (in target 'PDFReaderCore' from project 'PDFReader')
    cd /Users/argus/Programming/pdf-reader
    builtin-swiftHeaderTool -arch arm64 /Users/argus/Programming/pdf-reader/.build/xcode-derived-release/Build/Intermediates.noindex/PDFReader.build/Release/PDFReaderCore.build/Objects-normal/arm64/PDFReaderCore-Swift.h -arch x86_64 /Users/argus/Programming/pdf-reader/.build/xcode-derived-release/Build/Intermediates.noindex/PDFReader.build/Release/PDFReaderCore.build/Objects-normal/x86_64/PDFReaderCore-Swift.h -o /Users/argus/Programming/pdf-reader/.build/xcode-derived-release/Build/Products/Release/PDFReaderCore.framework/Versions/A/Headers/PDFReaderCore-Swift.h

Copy /Users/argus/Programming/pdf-reader/.build/xcode-derived-release/Build/Products/Release/PDFReaderCore.framework/Versions/A/Modules/PDFReaderCore.swiftmodule/arm64-apple-macos.swiftmodule /Users/argus/Programming/pdf-reader/.build/xcode-derived-release/Build/Intermediates.noindex/PDFReader.build/Release/PDFReaderCore.build/Objects-normal/arm64/PDFReaderCore.swiftmodule (in target 'PDFReaderCore' from project 'PDFReader')
    cd /Users/argus/Programming/pdf-reader
    builtin-copy -exclude .DS_Store -exclude CVS -exclude .svn -exclude .git -exclude .hg -resolve-src-symlinks -rename /Users/argus/Programming/pdf-reader/.build/xcode-derived-release/Build/Intermediates.noindex/PDFReader.build/Release/PDFReaderCore.build/Objects-normal/arm64/PDFReaderCore.swiftmodule /Users/argus/Programming/pdf-reader/.build/xcode-derived-release/Build/Products/Release/PDFReaderCore.framework/Versions/A/Modules/PDFReaderCore.swiftmodule/arm64-apple-macos.swiftmodule

Copy /Users/argus/Programming/pdf-reader/.build/xcode-derived-release/Build/Products/Release/PDFReaderCore.framework/Versions/A/Modules/PDFReaderCore.swiftmodule/arm64-apple-macos.swiftdoc /Users/argus/Programming/pdf-reader/.build/xcode-derived-release/Build/Intermediates.noindex/PDFReader.build/Release/PDFReaderCore.build/Objects-normal/arm64/PDFReaderCore.swiftdoc (in target 'PDFReaderCore' from project 'PDFReader')
    cd /Users/argus/Programming/pdf-reader
    builtin-copy -exclude .DS_Store -exclude CVS -exclude .svn -exclude .git -exclude .hg -resolve-src-symlinks -rename /Users/argus/Programming/pdf-reader/.build/xcode-derived-release/Build/Intermediates.noindex/PDFReader.build/Release/PDFReaderCore.build/Objects-normal/arm64/PDFReaderCore.swiftdoc /Users/argus/Programming/pdf-reader/.build/xcode-derived-release/Build/Products/Release/PDFReaderCore.framework/Versions/A/Modules/PDFReaderCore.swiftmodule/arm64-apple-macos.swiftdoc

Copy /Users/argus/Programming/pdf-reader/.build/xcode-derived-release/Build/Products/Release/PDFReaderCore.framework/Versions/A/Modules/PDFReaderCore.swiftmodule/arm64-apple-macos.abi.json /Users/argus/Programming/pdf-reader/.build/xcode-derived-release/Build/Intermediates.noindex/PDFReader.build/Release/PDFReaderCore.build/Objects-normal/arm64/PDFReaderCore.abi.json (in target 'PDFReaderCore' from project 'PDFReader')
    cd /Users/argus/Programming/pdf-reader
    builtin-copy -exclude .DS_Store -exclude CVS -exclude .svn -exclude .git -exclude .hg -resolve-src-symlinks -rename /Users/argus/Programming/pdf-reader/.build/xcode-derived-release/Build/Intermediates.noindex/PDFReader.build/Release/PDFReaderCore.build/Objects-normal/arm64/PDFReaderCore.abi.json /Users/argus/Programming/pdf-reader/.build/xcode-derived-release/Build/Products/Release/PDFReaderCore.framework/Versions/A/Modules/PDFReaderCore.swiftmodule/arm64-apple-macos.abi.json

Copy /Users/argus/Programming/pdf-reader/.build/xcode-derived-release/Build/Products/Release/PDFReaderCore.framework/Versions/A/Modules/PDFReaderCore.swiftmodule/Project/arm64-apple-macos.swiftsourceinfo /Users/argus/Programming/pdf-reader/.build/xcode-derived-release/Build/Intermediates.noindex/PDFReader.build/Release/PDFReaderCore.build/Objects-normal/arm64/PDFReaderCore.swiftsourceinfo (in target 'PDFReaderCore' from project 'PDFReader')
    cd /Users/argus/Programming/pdf-reader
    builtin-copy -exclude .DS_Store -exclude CVS -exclude .svn -exclude .git -exclude .hg -resolve-src-symlinks -rename /Users/argus/Programming/pdf-reader/.build/xcode-derived-release/Build/Intermediates.noindex/PDFReader.build/Release/PDFReaderCore.build/Objects-normal/arm64/PDFReaderCore.swiftsourceinfo /Users/argus/Programming/pdf-reader/.build/xcode-derived-release/Build/Products/Release/PDFReaderCore.framework/Versions/A/Modules/PDFReaderCore.swiftmodule/Project/arm64-apple-macos.swiftsourceinfo

Ld /Users/argus/Programming/pdf-reader/.build/xcode-derived-release/Build/Intermediates.noindex/PDFReader.build/Release/PDFReaderCore.build/Objects-normal/x86_64/Binary/PDFReaderCore normal x86_64 (in target 'PDFReaderCore' from project 'PDFReader')
    cd /Users/argus/Programming/pdf-reader
    /Applications/Xcode.app/Contents/Developer/Toolchains/XcodeDefault.xctoolchain/usr/bin/clang -Xlinker -reproducible -target x86_64-apple-macos14.0 -dynamiclib -isysroot /Applications/Xcode.app/Contents/Developer/Platforms/MacOSX.platform/Developer/SDKs/MacOSX26.5.sdk -Os -L/Users/argus/Programming/pdf-reader/.build/xcode-derived-release/Build/Intermediates.noindex/EagerLinkingTBDs/Release -L/Users/argus/Programming/pdf-reader/.build/xcode-derived-release/Build/Products/Release -F/Users/argus/Programming/pdf-reader/.build/xcode-derived-release/Build/Intermediates.noindex/EagerLinkingTBDs/Release -F/Users/argus/Programming/pdf-reader/.build/xcode-derived-release/Build/Products/Release -filelist /Users/argus/Programming/pdf-reader/.build/xcode-derived-release/Build/Intermediates.noindex/PDFReader.build/Release/PDFReaderCore.build/Objects-normal/x86_64/PDFReaderCore.LinkFileList -install_name @rpath/PDFReaderCore.framework/Versions/A/PDFReaderCore -Xlinker -rpath -Xlinker /usr/lib/swift -Xlinker -object_path_lto -Xlinker /Users/argus/Programming/pdf-reader/.build/xcode-derived-release/Build/Intermediates.noindex/PDFReader.build/Release/PDFReaderCore.build/Objects-normal/x86_64/PDFReaderCore_lto.o -Xlinker -dependency_info -Xlinker /Users/argus/Programming/pdf-reader/.build/xcode-derived-release/Build/Intermediates.noindex/PDFReader.build/Release/PDFReaderCore.build/Objects-normal/x86_64/PDFReaderCore_dependency_info.dat -fobjc-link-runtime -L/Applications/Xcode.app/Contents/Developer/Toolchains/XcodeDefault.xctoolchain/usr/lib/swift/macosx -L/usr/lib/swift -Xlinker -add_ast_path -Xlinker /Users/argus/Programming/pdf-reader/.build/xcode-derived-release/Build/Intermediates.noindex/PDFReader.build/Release/PDFReaderCore.build/Objects-normal/x86_64/PDFReaderCore.swiftmodule @/Users/argus/Programming/pdf-reader/.build/xcode-derived-release/Build/Intermediates.noindex/PDFReader.build/Release/PDFReaderCore.build/Objects-normal/x86_64/PDFReaderCore-linker-args.resp -o /Users/argus/Programming/pdf-reader/.build/xcode-derived-release/Build/Intermediates.noindex/PDFReader.build/Release/PDFReaderCore.build/Objects-normal/x86_64/Binary/PDFReaderCore

Ld /Users/argus/Programming/pdf-reader/.build/xcode-derived-release/Build/Intermediates.noindex/PDFReader.build/Release/PDFReaderCore.build/Objects-normal/arm64/Binary/PDFReaderCore normal arm64 (in target 'PDFReaderCore' from project 'PDFReader')
    cd /Users/argus/Programming/pdf-reader
    /Applications/Xcode.app/Contents/Developer/Toolchains/XcodeDefault.xctoolchain/usr/bin/clang -Xlinker -reproducible -target arm64-apple-macos14.0 -dynamiclib -isysroot /Applications/Xcode.app/Contents/Developer/Platforms/MacOSX.platform/Developer/SDKs/MacOSX26.5.sdk -Os -L/Users/argus/Programming/pdf-reader/.build/xcode-derived-release/Build/Intermediates.noindex/EagerLinkingTBDs/Release -L/Users/argus/Programming/pdf-reader/.build/xcode-derived-release/Build/Products/Release -F/Users/argus/Programming/pdf-reader/.build/xcode-derived-release/Build/Intermediates.noindex/EagerLinkingTBDs/Release -F/Users/argus/Programming/pdf-reader/.build/xcode-derived-release/Build/Products/Release -filelist /Users/argus/Programming/pdf-reader/.build/xcode-derived-release/Build/Intermediates.noindex/PDFReader.build/Release/PDFReaderCore.build/Objects-normal/arm64/PDFReaderCore.LinkFileList -install_name @rpath/PDFReaderCore.framework/Versions/A/PDFReaderCore -Xlinker -rpath -Xlinker /usr/lib/swift -Xlinker -object_path_lto -Xlinker /Users/argus/Programming/pdf-reader/.build/xcode-derived-release/Build/Intermediates.noindex/PDFReader.build/Release/PDFReaderCore.build/Objects-normal/arm64/PDFReaderCore_lto.o -Xlinker -dependency_info -Xlinker /Users/argus/Programming/pdf-reader/.build/xcode-derived-release/Build/Intermediates.noindex/PDFReader.build/Release/PDFReaderCore.build/Objects-normal/arm64/PDFReaderCore_dependency_info.dat -fobjc-link-runtime -L/Applications/Xcode.app/Contents/Developer/Toolchains/XcodeDefault.xctoolchain/usr/lib/swift/macosx -L/usr/lib/swift -Xlinker -add_ast_path -Xlinker /Users/argus/Programming/pdf-reader/.build/xcode-derived-release/Build/Intermediates.noindex/PDFReader.build/Release/PDFReaderCore.build/Objects-normal/arm64/PDFReaderCore.swiftmodule @/Users/argus/Programming/pdf-reader/.build/xcode-derived-release/Build/Intermediates.noindex/PDFReader.build/Release/PDFReaderCore.build/Objects-normal/arm64/PDFReaderCore-linker-args.resp -o /Users/argus/Programming/pdf-reader/.build/xcode-derived-release/Build/Intermediates.noindex/PDFReader.build/Release/PDFReaderCore.build/Objects-normal/arm64/Binary/PDFReaderCore

SwiftDriver PDFReaderApp normal x86_64 com.apple.xcode.tools.swift.compiler (in target 'PDFReaderApp' from project 'PDFReader')
    cd /Users/argus/Programming/pdf-reader
    builtin-SwiftDriver -- /Applications/Xcode.app/Contents/Developer/Toolchains/XcodeDefault.xctoolchain/usr/bin/swiftc -module-name PDFReaderApp -O -whole-module-optimization @/Users/argus/Programming/pdf-reader/.build/xcode-derived-release/Build/Intermediates.noindex/PDFReader.build/Release/PDFReaderApp.build/Objects-normal/x86_64/PDFReader.SwiftFileList -enable-experimental-feature DebugDescriptionMacro -sdk /Applications/Xcode.app/Contents/Developer/Platforms/MacOSX.platform/Developer/SDKs/MacOSX26.5.sdk -target x86_64-apple-macos14.0 -g -module-cache-path /Users/argus/Programming/pdf-reader/.build/xcode-derived-release/ModuleCache.noindex -Xfrontend -serialize-debugging-options -swift-version 6 -I /Users/argus/Programming/pdf-reader/.build/xcode-derived-release/Build/Products/Release -F /Users/argus/Programming/pdf-reader/.build/xcode-derived-release/Build/Products/Release/PackageFrameworks -F /Users/argus/Programming/pdf-reader/.build/xcode-derived-release/Build/Products/Release -c -num-threads 10 -Xcc -ivfsstatcache -Xcc /Users/argus/Programming/pdf-reader/.build/xcode-derived-release/SDKStatCaches.noindex/macosx26.5-25F70-e082c4a02f00227109f4ed75e425c832.sdkstatcache -output-file-map /Users/argus/Programming/pdf-reader/.build/xcode-derived-release/Build/Intermediates.noindex/PDFReader.build/Release/PDFReaderApp.build/Objects-normal/x86_64/PDFReaderApp-OutputFileMap.json -use-frontend-parseable-output -save-temps -no-color-diagnostics -explicit-module-build -module-cache-path /Users/argus/Programming/pdf-reader/.build/xcode-derived-release/Build/Intermediates.noindex/SwiftExplicitPrecompiledModules -clang-scanner-module-cache-path /Users/argus/Programming/pdf-reader/.build/xcode-derived-release/ModuleCache.noindex -sdk-module-cache-path /Users/argus/Programming/pdf-reader/.build/xcode-derived-release/ModuleCache.noindex -serialize-diagnostics -emit-dependencies -emit-module -emit-module-path /Users/argus/Programming/pdf-reader/.build/xcode-derived-release/Build/Intermediates.noindex/PDFReader.build/Release/PDFReaderApp.build/Objects-normal/x86_64/PDFReaderApp.swiftmodule -validate-clang-modules-once -clang-build-session-file /Users/argus/Programming/pdf-reader/.build/xcode-derived-release/ModuleCache.noindex/Session.modulevalidation -Xcc -I/Users/argus/Programming/pdf-reader/.build/xcode-derived-release/Build/Intermediates.noindex/PDFReader.build/Release/PDFReaderApp.build/swift-overrides.hmap -emit-const-values -Xfrontend -const-gather-protocols-file -Xfrontend /Users/argus/Programming/pdf-reader/.build/xcode-derived-release/Build/Intermediates.noindex/PDFReader.build/Release/PDFReaderApp.build/Objects-normal/x86_64/PDFReaderApp_const_extract_protocols.json -Xcc -iquote -Xcc /Users/argus/Programming/pdf-reader/.build/xcode-derived-release/Build/Intermediates.noindex/PDFReader.build/Release/PDFReaderApp.build/PDFReader-generated-files.hmap -Xcc -I/Users/argus/Programming/pdf-reader/.build/xcode-derived-release/Build/Intermediates.noindex/PDFReader.build/Release/PDFReaderApp.build/PDFReader-own-target-headers.hmap -Xcc -I/Users/argus/Programming/pdf-reader/.build/xcode-derived-release/Build/Intermediates.noindex/PDFReader.build/Release/PDFReaderApp.build/PDFReader-all-non-framework-target-headers.hmap -Xcc -ivfsoverlay -Xcc /Users/argus/Programming/pdf-reader/.build/xcode-derived-release/Build/Intermediates.noindex/PDFReader.build/Release/PDFReader-5ed3f8c2d107e937755ff9345addb7ff-VFS/all-product-headers.yaml -Xcc -iquote -Xcc /Users/argus/Programming/pdf-reader/.build/xcode-derived-release/Build/Intermediates.noindex/PDFReader.build/Release/PDFReaderApp.build/PDFReader-project-headers.hmap -Xcc -I/Users/argus/Programming/pdf-reader/.build/xcode-derived-release/Build/Products/Release/include -Xcc -I/Users/argus/Programming/pdf-reader/.build/xcode-derived-release/Build/Intermediates.noindex/PDFReader.build/Release/PDFReaderApp.build/DerivedSources-normal/x86_64 -Xcc -I/Users/argus/Programming/pdf-reader/.build/xcode-derived-release/Build/Intermediates.noindex/PDFReader.build/Release/PDFReaderApp.build/DerivedSources/x86_64 -Xcc -I/Users/argus/Programming/pdf-reader/.build/xcode-derived-release/Build/Intermediates.noindex/PDFReader.build/Release/PDFReaderApp.build/DerivedSources -emit-objc-header -emit-objc-header-path /Users/argus/Programming/pdf-reader/.build/xcode-derived-release/Build/Intermediates.noindex/PDFReader.build/Release/PDFReaderApp.build/Objects-normal/x86_64/PDFReaderApp-Swift.h -working-directory /Users/argus/Programming/pdf-reader -no-emit-module-separately-wmo

SwiftDriver PDFReaderApp normal arm64 com.apple.xcode.tools.swift.compiler (in target 'PDFReaderApp' from project 'PDFReader')
    cd /Users/argus/Programming/pdf-reader
    builtin-SwiftDriver -- /Applications/Xcode.app/Contents/Developer/Toolchains/XcodeDefault.xctoolchain/usr/bin/swiftc -module-name PDFReaderApp -O -whole-module-optimization @/Users/argus/Programming/pdf-reader/.build/xcode-derived-release/Build/Intermediates.noindex/PDFReader.build/Release/PDFReaderApp.build/Objects-normal/arm64/PDFReader.SwiftFileList -enable-experimental-feature DebugDescriptionMacro -sdk /Applications/Xcode.app/Contents/Developer/Platforms/MacOSX.platform/Developer/SDKs/MacOSX26.5.sdk -target arm64-apple-macos14.0 -g -module-cache-path /Users/argus/Programming/pdf-reader/.build/xcode-derived-release/ModuleCache.noindex -Xfrontend -serialize-debugging-options -swift-version 6 -I /Users/argus/Programming/pdf-reader/.build/xcode-derived-release/Build/Products/Release -F /Users/argus/Programming/pdf-reader/.build/xcode-derived-release/Build/Products/Release/PackageFrameworks -F /Users/argus/Programming/pdf-reader/.build/xcode-derived-release/Build/Products/Release -c -num-threads 10 -Xcc -ivfsstatcache -Xcc /Users/argus/Programming/pdf-reader/.build/xcode-derived-release/SDKStatCaches.noindex/macosx26.5-25F70-e082c4a02f00227109f4ed75e425c832.sdkstatcache -output-file-map /Users/argus/Programming/pdf-reader/.build/xcode-derived-release/Build/Intermediates.noindex/PDFReader.build/Release/PDFReaderApp.build/Objects-normal/arm64/PDFReaderApp-OutputFileMap.json -use-frontend-parseable-output -save-temps -no-color-diagnostics -explicit-module-build -module-cache-path /Users/argus/Programming/pdf-reader/.build/xcode-derived-release/Build/Intermediates.noindex/SwiftExplicitPrecompiledModules -clang-scanner-module-cache-path /Users/argus/Programming/pdf-reader/.build/xcode-derived-release/ModuleCache.noindex -sdk-module-cache-path /Users/argus/Programming/pdf-reader/.build/xcode-derived-release/ModuleCache.noindex -serialize-diagnostics -emit-dependencies -emit-module -emit-module-path /Users/argus/Programming/pdf-reader/.build/xcode-derived-release/Build/Intermediates.noindex/PDFReader.build/Release/PDFReaderApp.build/Objects-normal/arm64/PDFReaderApp.swiftmodule -validate-clang-modules-once -clang-build-session-file /Users/argus/Programming/pdf-reader/.build/xcode-derived-release/ModuleCache.noindex/Session.modulevalidation -Xcc -I/Users/argus/Programming/pdf-reader/.build/xcode-derived-release/Build/Intermediates.noindex/PDFReader.build/Release/PDFReaderApp.build/swift-overrides.hmap -emit-const-values -Xfrontend -const-gather-protocols-file -Xfrontend /Users/argus/Programming/pdf-reader/.build/xcode-derived-release/Build/Intermediates.noindex/PDFReader.build/Release/PDFReaderApp.build/Objects-normal/arm64/PDFReaderApp_const_extract_protocols.json -Xcc -iquote -Xcc /Users/argus/Programming/pdf-reader/.build/xcode-derived-release/Build/Intermediates.noindex/PDFReader.build/Release/PDFReaderApp.build/PDFReader-generated-files.hmap -Xcc -I/Users/argus/Programming/pdf-reader/.build/xcode-derived-release/Build/Intermediates.noindex/PDFReader.build/Release/PDFReaderApp.build/PDFReader-own-target-headers.hmap -Xcc -I/Users/argus/Programming/pdf-reader/.build/xcode-derived-release/Build/Intermediates.noindex/PDFReader.build/Release/PDFReaderApp.build/PDFReader-all-non-framework-target-headers.hmap -Xcc -ivfsoverlay -Xcc /Users/argus/Programming/pdf-reader/.build/xcode-derived-release/Build/Intermediates.noindex/PDFReader.build/Release/PDFReader-5ed3f8c2d107e937755ff9345addb7ff-VFS/all-product-headers.yaml -Xcc -iquote -Xcc /Users/argus/Programming/pdf-reader/.build/xcode-derived-release/Build/Intermediates.noindex/PDFReader.build/Release/PDFReaderApp.build/PDFReader-project-headers.hmap -Xcc -I/Users/argus/Programming/pdf-reader/.build/xcode-derived-release/Build/Products/Release/include -Xcc -I/Users/argus/Programming/pdf-reader/.build/xcode-derived-release/Build/Intermediates.noindex/PDFReader.build/Release/PDFReaderApp.build/DerivedSources-normal/arm64 -Xcc -I/Users/argus/Programming/pdf-reader/.build/xcode-derived-release/Build/Intermediates.noindex/PDFReader.build/Release/PDFReaderApp.build/DerivedSources/arm64 -Xcc -I/Users/argus/Programming/pdf-reader/.build/xcode-derived-release/Build/Intermediates.noindex/PDFReader.build/Release/PDFReaderApp.build/DerivedSources -emit-objc-header -emit-objc-header-path /Users/argus/Programming/pdf-reader/.build/xcode-derived-release/Build/Intermediates.noindex/PDFReader.build/Release/PDFReaderApp.build/Objects-normal/arm64/PDFReaderApp-Swift.h -working-directory /Users/argus/Programming/pdf-reader -no-emit-module-separately-wmo

CreateUniversalBinary /Users/argus/Programming/pdf-reader/.build/xcode-derived-release/Build/Products/Release/PDFReaderCore.framework/Versions/A/PDFReaderCore normal arm64\ x86_64 (in target 'PDFReaderCore' from project 'PDFReader')
    cd /Users/argus/Programming/pdf-reader
    /Applications/Xcode.app/Contents/Developer/Toolchains/XcodeDefault.xctoolchain/usr/bin/lipo -create /Users/argus/Programming/pdf-reader/.build/xcode-derived-release/Build/Intermediates.noindex/PDFReader.build/Release/PDFReaderCore.build/Objects-normal/arm64/Binary/PDFReaderCore /Users/argus/Programming/pdf-reader/.build/xcode-derived-release/Build/Intermediates.noindex/PDFReader.build/Release/PDFReaderCore.build/Objects-normal/x86_64/Binary/PDFReaderCore -output /Users/argus/Programming/pdf-reader/.build/xcode-derived-release/Build/Products/Release/PDFReaderCore.framework/Versions/A/PDFReaderCore

ExtractAppIntentsMetadata (in target 'PDFReaderCore' from project 'PDFReader')
    cd /Users/argus/Programming/pdf-reader
    /Applications/Xcode.app/Contents/Developer/Toolchains/XcodeDefault.xctoolchain/usr/bin/appintentsmetadataprocessor --toolchain-dir /Applications/Xcode.app/Contents/Developer/Toolchains/XcodeDefault.xctoolchain --module-name PDFReaderCore --sdk-root /Applications/Xcode.app/Contents/Developer/Platforms/MacOSX.platform/Developer/SDKs/MacOSX26.5.sdk --xcode-version 17F113 --platform-family macOS --deployment-target 14.0 --bundle-identifier com.argus.pdfreader.core --output /Users/argus/Programming/pdf-reader/.build/xcode-derived-release/Build/Products/Release/PDFReaderCore.framework/Versions/A/Resources --target-triple arm64-apple-macos14.0 --target-triple x86_64-apple-macos14.0 --binary-file /Users/argus/Programming/pdf-reader/.build/xcode-derived-release/Build/Products/Release/PDFReaderCore.framework/Versions/A/PDFReaderCore --dependency-file /Users/argus/Programming/pdf-reader/.build/xcode-derived-release/Build/Intermediates.noindex/PDFReader.build/Release/PDFReaderCore.build/Objects-normal/arm64/PDFReaderCore_dependency_info.dat --dependency-file /Users/argus/Programming/pdf-reader/.build/xcode-derived-release/Build/Intermediates.noindex/PDFReader.build/Release/PDFReaderCore.build/Objects-normal/x86_64/PDFReaderCore_dependency_info.dat --stringsdata-file /Users/argus/Programming/pdf-reader/.build/xcode-derived-release/Build/Intermediates.noindex/PDFReader.build/Release/PDFReaderCore.build/Objects-normal/arm64/ExtractedAppShortcutsMetadata.stringsdata --stringsdata-file /Users/argus/Programming/pdf-reader/.build/xcode-derived-release/Build/Intermediates.noindex/PDFReader.build/Release/PDFReaderCore.build/Objects-normal/x86_64/ExtractedAppShortcutsMetadata.stringsdata --source-file-list /Users/argus/Programming/pdf-reader/.build/xcode-derived-release/Build/Intermediates.noindex/PDFReader.build/Release/PDFReaderCore.build/Objects-normal/arm64/PDFReaderCore.SwiftFileList --source-file-list /Users/argus/Programming/pdf-reader/.build/xcode-derived-release/Build/Intermediates.noindex/PDFReader.build/Release/PDFReaderCore.build/Objects-normal/x86_64/PDFReaderCore.SwiftFileList --metadata-file-list /Users/argus/Programming/pdf-reader/.build/xcode-derived-release/Build/Intermediates.noindex/PDFReader.build/Release/PDFReaderCore.build/PDFReaderCore.DependencyMetadataFileList --static-metadata-file-list /Users/argus/Programming/pdf-reader/.build/xcode-derived-release/Build/Intermediates.noindex/PDFReader.build/Release/PDFReaderCore.build/PDFReaderCore.DependencyStaticMetadataFileList --swift-const-vals-list /Users/argus/Programming/pdf-reader/.build/xcode-derived-release/Build/Intermediates.noindex/PDFReader.build/Release/PDFReaderCore.build/Objects-normal/arm64/PDFReaderCore.SwiftConstValuesFileList --swift-const-vals-list /Users/argus/Programming/pdf-reader/.build/xcode-derived-release/Build/Intermediates.noindex/PDFReader.build/Release/PDFReaderCore.build/Objects-normal/x86_64/PDFReaderCore.SwiftConstValuesFileList --compile-time-extraction --deployment-aware-processing --validate-assistant-intents --no-app-shortcuts-localization
2026-07-22 14:03:54.538 appintentsmetadataprocessor[26484:280345603] Starting appintentsmetadataprocessor export
2026-07-22 14:03:54.539 appintentsmetadataprocessor[26484:280345603] warning: Metadata extraction skipped. No AppIntents.framework dependency found.

GenerateDSYMFile /Users/argus/Programming/pdf-reader/.build/xcode-derived-release/Build/Products/Release/PDFReaderCore.framework.dSYM /Users/argus/Programming/pdf-reader/.build/xcode-derived-release/Build/Products/Release/PDFReaderCore.framework/Versions/A/PDFReaderCore (in target 'PDFReaderCore' from project 'PDFReader')
    cd /Users/argus/Programming/pdf-reader
    /Applications/Xcode.app/Contents/Developer/Toolchains/XcodeDefault.xctoolchain/usr/bin/dsymutil /Users/argus/Programming/pdf-reader/.build/xcode-derived-release/Build/Products/Release/PDFReaderCore.framework/Versions/A/PDFReaderCore -o /Users/argus/Programming/pdf-reader/.build/xcode-derived-release/Build/Products/Release/PDFReaderCore.framework.dSYM

GenerateTAPI /Users/argus/Programming/pdf-reader/.build/xcode-derived-release/Build/Intermediates.noindex/EagerLinkingTBDs/Release/PDFReaderCore.framework/Versions/A/PDFReaderCore.tbd (in target 'PDFReaderCore' from project 'PDFReader')
    cd /Users/argus/Programming/pdf-reader
    /Applications/Xcode.app/Contents/Developer/Toolchains/XcodeDefault.xctoolchain/usr/bin/tapi stubify -isysroot /Applications/Xcode.app/Contents/Developer/Platforms/MacOSX.platform/Developer/SDKs/MacOSX26.5.sdk -F/Users/argus/Programming/pdf-reader/.build/xcode-derived-release/Build/Products/Release -L/Users/argus/Programming/pdf-reader/.build/xcode-derived-release/Build/Products/Release /Users/argus/Programming/pdf-reader/.build/xcode-derived-release/Build/Products/Release/PDFReaderCore.framework/Versions/A/PDFReaderCore -o /Users/argus/Programming/pdf-reader/.build/xcode-derived-release/Build/Intermediates.noindex/EagerLinkingTBDs/Release/PDFReaderCore.framework/Versions/A/PDFReaderCore.tbd

RegisterExecutionPolicyException /Users/argus/Programming/pdf-reader/.build/xcode-derived-release/Build/Products/Release/PDFReaderCore.framework (in target 'PDFReaderCore' from project 'PDFReader')
    cd /Users/argus/Programming/pdf-reader
    builtin-RegisterExecutionPolicyException /Users/argus/Programming/pdf-reader/.build/xcode-derived-release/Build/Products/Release/PDFReaderCore.framework

Touch /Users/argus/Programming/pdf-reader/.build/xcode-derived-release/Build/Products/Release/PDFReaderCore.framework (in target 'PDFReaderCore' from project 'PDFReader')
    cd /Users/argus/Programming/pdf-reader
    /usr/bin/touch -c /Users/argus/Programming/pdf-reader/.build/xcode-derived-release/Build/Products/Release/PDFReaderCore.framework

SymLink /Users/argus/Programming/pdf-reader/.build/xcode-derived-release/Build/Intermediates.noindex/EagerLinkingTBDs/Release/PDFReaderCore.framework/PDFReaderCore.tbd /Users/argus/Programming/pdf-reader/.build/xcode-derived-release/Build/Intermediates.noindex/EagerLinkingTBDs/Release/PDFReaderCore.framework/Versions/A/PDFReaderCore.tbd (in target 'PDFReaderCore' from project 'PDFReader')
    cd /Users/argus/Programming/pdf-reader
    /bin/ln -sfh /Users/argus/Programming/pdf-reader/.build/xcode-derived-release/Build/Intermediates.noindex/EagerLinkingTBDs/Release/PDFReaderCore.framework/Versions/A/PDFReaderCore.tbd /Users/argus/Programming/pdf-reader/.build/xcode-derived-release/Build/Intermediates.noindex/EagerLinkingTBDs/Release/PDFReaderCore.framework/PDFReaderCore.tbd

CpResource /Users/argus/Programming/pdf-reader/.build/xcode-derived-release/Build/Products/Release/PDFReader.app/Contents/Resources/DefaultConfig.toml /Users/argus/Programming/pdf-reader/PDFReaderApp/Resources/DefaultConfig.toml (in target 'PDFReaderApp' from project 'PDFReader')
    cd /Users/argus/Programming/pdf-reader
    builtin-copy -exclude .DS_Store -exclude CVS -exclude .svn -exclude .git -exclude .hg -resolve-src-symlinks /Users/argus/Programming/pdf-reader/PDFReaderApp/Resources/DefaultConfig.toml /Users/argus/Programming/pdf-reader/.build/xcode-derived-release/Build/Products/Release/PDFReader.app/Contents/Resources

CpResource /Users/argus/Programming/pdf-reader/.build/xcode-derived-release/Build/Products/Release/PDFReader.app/Contents/Resources/ThemeAttributions.md /Users/argus/Programming/pdf-reader/PDFReaderApp/Theme/ThemeAttributions.md (in target 'PDFReaderApp' from project 'PDFReader')
    cd /Users/argus/Programming/pdf-reader
    builtin-copy -exclude .DS_Store -exclude CVS -exclude .svn -exclude .git -exclude .hg -resolve-src-symlinks /Users/argus/Programming/pdf-reader/PDFReaderApp/Theme/ThemeAttributions.md /Users/argus/Programming/pdf-reader/.build/xcode-derived-release/Build/Products/Release/PDFReader.app/Contents/Resources

SwiftDriver\ Compilation PDFReaderApp normal x86_64 com.apple.xcode.tools.swift.compiler (in target 'PDFReaderApp' from project 'PDFReader')
    cd /Users/argus/Programming/pdf-reader
    builtin-Swift-Compilation -- /Applications/Xcode.app/Contents/Developer/Toolchains/XcodeDefault.xctoolchain/usr/bin/swiftc -module-name PDFReaderApp -O -whole-module-optimization @/Users/argus/Programming/pdf-reader/.build/xcode-derived-release/Build/Intermediates.noindex/PDFReader.build/Release/PDFReaderApp.build/Objects-normal/x86_64/PDFReader.SwiftFileList -enable-experimental-feature DebugDescriptionMacro -sdk /Applications/Xcode.app/Contents/Developer/Platforms/MacOSX.platform/Developer/SDKs/MacOSX26.5.sdk -target x86_64-apple-macos14.0 -g -module-cache-path /Users/argus/Programming/pdf-reader/.build/xcode-derived-release/ModuleCache.noindex -Xfrontend -serialize-debugging-options -swift-version 6 -I /Users/argus/Programming/pdf-reader/.build/xcode-derived-release/Build/Products/Release -F /Users/argus/Programming/pdf-reader/.build/xcode-derived-release/Build/Products/Release/PackageFrameworks -F /Users/argus/Programming/pdf-reader/.build/xcode-derived-release/Build/Products/Release -c -num-threads 10 -Xcc -ivfsstatcache -Xcc /Users/argus/Programming/pdf-reader/.build/xcode-derived-release/SDKStatCaches.noindex/macosx26.5-25F70-e082c4a02f00227109f4ed75e425c832.sdkstatcache -output-file-map /Users/argus/Programming/pdf-reader/.build/xcode-derived-release/Build/Intermediates.noindex/PDFReader.build/Release/PDFReaderApp.build/Objects-normal/x86_64/PDFReaderApp-OutputFileMap.json -use-frontend-parseable-output -save-temps -no-color-diagnostics -explicit-module-build -module-cache-path /Users/argus/Programming/pdf-reader/.build/xcode-derived-release/Build/Intermediates.noindex/SwiftExplicitPrecompiledModules -clang-scanner-module-cache-path /Users/argus/Programming/pdf-reader/.build/xcode-derived-release/ModuleCache.noindex -sdk-module-cache-path /Users/argus/Programming/pdf-reader/.build/xcode-derived-release/ModuleCache.noindex -serialize-diagnostics -emit-dependencies -emit-module -emit-module-path /Users/argus/Programming/pdf-reader/.build/xcode-derived-release/Build/Intermediates.noindex/PDFReader.build/Release/PDFReaderApp.build/Objects-normal/x86_64/PDFReaderApp.swiftmodule -validate-clang-modules-once -clang-build-session-file /Users/argus/Programming/pdf-reader/.build/xcode-derived-release/ModuleCache.noindex/Session.modulevalidation -Xcc -I/Users/argus/Programming/pdf-reader/.build/xcode-derived-release/Build/Intermediates.noindex/PDFReader.build/Release/PDFReaderApp.build/swift-overrides.hmap -emit-const-values -Xfrontend -const-gather-protocols-file -Xfrontend /Users/argus/Programming/pdf-reader/.build/xcode-derived-release/Build/Intermediates.noindex/PDFReader.build/Release/PDFReaderApp.build/Objects-normal/x86_64/PDFReaderApp_const_extract_protocols.json -Xcc -iquote -Xcc /Users/argus/Programming/pdf-reader/.build/xcode-derived-release/Build/Intermediates.noindex/PDFReader.build/Release/PDFReaderApp.build/PDFReader-generated-files.hmap -Xcc -I/Users/argus/Programming/pdf-reader/.build/xcode-derived-release/Build/Intermediates.noindex/PDFReader.build/Release/PDFReaderApp.build/PDFReader-own-target-headers.hmap -Xcc -I/Users/argus/Programming/pdf-reader/.build/xcode-derived-release/Build/Intermediates.noindex/PDFReader.build/Release/PDFReaderApp.build/PDFReader-all-non-framework-target-headers.hmap -Xcc -ivfsoverlay -Xcc /Users/argus/Programming/pdf-reader/.build/xcode-derived-release/Build/Intermediates.noindex/PDFReader.build/Release/PDFReader-5ed3f8c2d107e937755ff9345addb7ff-VFS/all-product-headers.yaml -Xcc -iquote -Xcc /Users/argus/Programming/pdf-reader/.build/xcode-derived-release/Build/Intermediates.noindex/PDFReader.build/Release/PDFReaderApp.build/PDFReader-project-headers.hmap -Xcc -I/Users/argus/Programming/pdf-reader/.build/xcode-derived-release/Build/Products/Release/include -Xcc -I/Users/argus/Programming/pdf-reader/.build/xcode-derived-release/Build/Intermediates.noindex/PDFReader.build/Release/PDFReaderApp.build/DerivedSources-normal/x86_64 -Xcc -I/Users/argus/Programming/pdf-reader/.build/xcode-derived-release/Build/Intermediates.noindex/PDFReader.build/Release/PDFReaderApp.build/DerivedSources/x86_64 -Xcc -I/Users/argus/Programming/pdf-reader/.build/xcode-derived-release/Build/Intermediates.noindex/PDFReader.build/Release/PDFReaderApp.build/DerivedSources -emit-objc-header -emit-objc-header-path /Users/argus/Programming/pdf-reader/.build/xcode-derived-release/Build/Intermediates.noindex/PDFReader.build/Release/PDFReaderApp.build/Objects-normal/x86_64/PDFReaderApp-Swift.h -working-directory /Users/argus/Programming/pdf-reader -no-emit-module-separately-wmo

SwiftExplicitDependencyGeneratePcm x86_64 /Users/argus/Programming/pdf-reader/.build/xcode-derived-release/ModuleCache.noindex/DataDetection-68D9TQBY6IJ0C454UC7SPAESS.pcm

SwiftExplicitDependencyGeneratePcm x86_64 /Users/argus/Programming/pdf-reader/.build/xcode-derived-release/ModuleCache.noindex/CUPS-3BP0HCVVDO5EVF77JU82HLGMJ.pcm

SwiftExplicitDependencyGeneratePcm x86_64 /Users/argus/Programming/pdf-reader/.build/xcode-derived-release/ModuleCache.noindex/DeveloperToolsSupport-9O6TC8RJST1YAGJ11K1NF7LGO.pcm

SwiftExplicitDependencyGeneratePcm x86_64 /Users/argus/Programming/pdf-reader/.build/xcode-derived-release/ModuleCache.noindex/CoreTransferable-D2VIRZBD0IXUWSD6S6PYKT7F7.pcm

SwiftExplicitDependencyGeneratePcm x86_64 /Users/argus/Programming/pdf-reader/.build/xcode-derived-release/ModuleCache.noindex/IOSurface-HMIY8U9RYYCFLHMP75NAO3DR.pcm

SwiftExplicitDependencyGeneratePcm x86_64 /Users/argus/Programming/pdf-reader/.build/xcode-derived-release/ModuleCache.noindex/_Builtin_tgmath-67E1K7IA0S65MM8HBDT0NUN2A.pcm

SwiftExplicitDependencyGeneratePcm x86_64 /Users/argus/Programming/pdf-reader/.build/xcode-derived-release/ModuleCache.noindex/CoreData-ALCAWIE414GW00A89MHLLSHSD.pcm

SwiftExplicitDependencyGeneratePcm x86_64 /Users/argus/Programming/pdf-reader/.build/xcode-derived-release/ModuleCache.noindex/Symbols-C7RZVWWU5SM7J45LS3314TMQE.pcm

SwiftExplicitDependencyGeneratePcm x86_64 /Users/argus/Programming/pdf-reader/.build/xcode-derived-release/ModuleCache.noindex/ColorSync-A3Y9T7F0WZDB4NZ8P68OVFQCL.pcm

SwiftExplicitDependencyGeneratePcm x86_64 /Users/argus/Programming/pdf-reader/.build/xcode-derived-release/ModuleCache.noindex/_Builtin_stdatomic-2YM0DBJJVJ9JTPL987GJRUGIC.pcm

SwiftExplicitDependencyGeneratePcm arm64 /Users/argus/Programming/pdf-reader/.build/xcode-derived-release/ModuleCache.noindex/_Builtin_intrinsics-DVYQXBQFXCNM5JJCFTALNOSWI.pcm

SwiftExplicitDependencyGeneratePcm arm64 /Users/argus/Programming/pdf-reader/.build/xcode-derived-release/ModuleCache.noindex/UniformTypeIdentifiers-7SIU90LJ4019RLAIC4H6SMG6X.pcm

SwiftExplicitDependencyGeneratePcm arm64 /Users/argus/Programming/pdf-reader/.build/xcode-derived-release/ModuleCache.noindex/CoreTransferable-3XDGCGOFIEY1N3IRHVZBU3TM0.pcm

SwiftExplicitDependencyGeneratePcm arm64 /Users/argus/Programming/pdf-reader/.build/xcode-derived-release/ModuleCache.noindex/Symbols-758H6CXBGI58GMMXFLMGPFXEX.pcm

SwiftExplicitDependencyGeneratePcm x86_64 /Users/argus/Programming/pdf-reader/.build/xcode-derived-release/ModuleCache.noindex/Metal-1NXGCN9GVXDV3CU768TFF1MI4.pcm

SwiftExplicitDependencyGeneratePcm arm64 /Users/argus/Programming/pdf-reader/.build/xcode-derived-release/ModuleCache.noindex/DeveloperToolsSupport-7NQGERSSOI1LMR2RK323QQCVI.pcm

SwiftExplicitDependencyGeneratePcm arm64 /Users/argus/Programming/pdf-reader/.build/xcode-derived-release/ModuleCache.noindex/IOSurface-69J8GCZSVM3W81QY5VHG02UAL.pcm

SwiftExplicitDependencyGeneratePcm arm64 /Users/argus/Programming/pdf-reader/.build/xcode-derived-release/ModuleCache.noindex/ColorSync-92CFGV2W9KPAFB239TZIZA2MS.pcm

SwiftExplicitDependencyGeneratePcm arm64 /Users/argus/Programming/pdf-reader/.build/xcode-derived-release/ModuleCache.noindex/DataDetection-71LL1WVH1DD6RQQ49F2NZ9YT4.pcm

SwiftExplicitDependencyGeneratePcm arm64 /Users/argus/Programming/pdf-reader/.build/xcode-derived-release/ModuleCache.noindex/CUPS-2LIX02K863MELFQ7H47NE9EQQ.pcm

SwiftExplicitDependencyGeneratePcm arm64 /Users/argus/Programming/pdf-reader/.build/xcode-derived-release/ModuleCache.noindex/_Builtin_tgmath-FJQEFT8URDFQETJMZ97F749P.pcm

SwiftExplicitDependencyGeneratePcm x86_64 /Users/argus/Programming/pdf-reader/.build/xcode-derived-release/ModuleCache.noindex/simd-9QIAUH2EOYLKBFMBPGZS86IOV.pcm

SwiftExplicitDependencyGeneratePcm arm64 /Users/argus/Programming/pdf-reader/.build/xcode-derived-release/ModuleCache.noindex/CoreGraphics-4EX28YO20MWWRFPTJZ5RUIQHX.pcm

SwiftExplicitDependencyGeneratePcm arm64 /Users/argus/Programming/pdf-reader/.build/xcode-derived-release/ModuleCache.noindex/_Builtin_stdatomic-KZ6FEMV2A08XPP6O3G5XFK8W.pcm

SwiftExplicitDependencyGeneratePcm x86_64 /Users/argus/Programming/pdf-reader/.build/xcode-derived-release/ModuleCache.noindex/os-BNVH8P7IE8AFRCK1YDQF0TKPH.pcm

SwiftExplicitDependencyGeneratePcm arm64 /Users/argus/Programming/pdf-reader/.build/xcode-derived-release/ModuleCache.noindex/OpenGL-7MVK1PDN8UXIDYL2YRTYF5U7F.pcm

SwiftExplicitDependencyGeneratePcm arm64 /Users/argus/Programming/pdf-reader/.build/xcode-derived-release/ModuleCache.noindex/CoreData-5FSBJ5IU36E49T8SYBVBWG6NH.pcm

SwiftExplicitDependencyGeneratePcm arm64 /Users/argus/Programming/pdf-reader/.build/xcode-derived-release/ModuleCache.noindex/Metal-CREMEHHHZXQGNJQSCNU0AHZG3.pcm

SwiftExplicitDependencyGeneratePcm x86_64 /Users/argus/Programming/pdf-reader/.build/xcode-derived-release/ModuleCache.noindex/OpenGL-BF62YVLALZ7KHKMO394E0QOOA.pcm

SwiftExplicitDependencyGeneratePcm x86_64 /Users/argus/Programming/pdf-reader/.build/xcode-derived-release/ModuleCache.noindex/CoreGraphics-877TZWPX7XKJR9NWWCPRJZQM7.pcm

SwiftExplicitDependencyGeneratePcm arm64 /Users/argus/Programming/pdf-reader/.build/xcode-derived-release/ModuleCache.noindex/os-34NVHUL7QVSRJ42PTIGBGTZ19.pcm

SwiftExplicitDependencyGeneratePcm arm64 /Users/argus/Programming/pdf-reader/.build/xcode-derived-release/ModuleCache.noindex/simd-7V5E8UE7JH110B0RNJPTHWFUP.pcm

SwiftExplicitDependencyGeneratePcm x86_64 /Users/argus/Programming/pdf-reader/.build/xcode-derived-release/ModuleCache.noindex/UniformTypeIdentifiers-8912R2PMPTYK1U710TGXBJ3OJ.pcm

SwiftExplicitDependencyGeneratePcm x86_64 /Users/argus/Programming/pdf-reader/.build/xcode-derived-release/ModuleCache.noindex/OSLog-Y5O9RQ0FTKRECLABSFO76VAU.pcm

SwiftExplicitDependencyGeneratePcm arm64 /Users/argus/Programming/pdf-reader/.build/xcode-derived-release/ModuleCache.noindex/OSLog-8M6ITVB28E1LOHJH6XRWP3LAZ.pcm

SwiftExplicitDependencyGeneratePcm arm64 /Users/argus/Programming/pdf-reader/.build/xcode-derived-release/ModuleCache.noindex/CoreText-ELZQ3GEGNA1IYSW8RD21UFD4B.pcm

SwiftExplicitDependencyGeneratePcm arm64 /Users/argus/Programming/pdf-reader/.build/xcode-derived-release/ModuleCache.noindex/Accessibility-6DZTYU1XWRWOW8UQ8ULUK1VEU.pcm

SwiftExplicitDependencyGeneratePcm arm64 /Users/argus/Programming/pdf-reader/.build/xcode-derived-release/ModuleCache.noindex/ImageIO-5TYM5G8MTT4YJNOS1C4FT9ZGZ.pcm

SwiftDriver\ Compilation PDFReaderApp normal arm64 com.apple.xcode.tools.swift.compiler (in target 'PDFReaderApp' from project 'PDFReader')
    cd /Users/argus/Programming/pdf-reader
    builtin-Swift-Compilation -- /Applications/Xcode.app/Contents/Developer/Toolchains/XcodeDefault.xctoolchain/usr/bin/swiftc -module-name PDFReaderApp -O -whole-module-optimization @/Users/argus/Programming/pdf-reader/.build/xcode-derived-release/Build/Intermediates.noindex/PDFReader.build/Release/PDFReaderApp.build/Objects-normal/arm64/PDFReader.SwiftFileList -enable-experimental-feature DebugDescriptionMacro -sdk /Applications/Xcode.app/Contents/Developer/Platforms/MacOSX.platform/Developer/SDKs/MacOSX26.5.sdk -target arm64-apple-macos14.0 -g -module-cache-path /Users/argus/Programming/pdf-reader/.build/xcode-derived-release/ModuleCache.noindex -Xfrontend -serialize-debugging-options -swift-version 6 -I /Users/argus/Programming/pdf-reader/.build/xcode-derived-release/Build/Products/Release -F /Users/argus/Programming/pdf-reader/.build/xcode-derived-release/Build/Products/Release/PackageFrameworks -F /Users/argus/Programming/pdf-reader/.build/xcode-derived-release/Build/Products/Release -c -num-threads 10 -Xcc -ivfsstatcache -Xcc /Users/argus/Programming/pdf-reader/.build/xcode-derived-release/SDKStatCaches.noindex/macosx26.5-25F70-e082c4a02f00227109f4ed75e425c832.sdkstatcache -output-file-map /Users/argus/Programming/pdf-reader/.build/xcode-derived-release/Build/Intermediates.noindex/PDFReader.build/Release/PDFReaderApp.build/Objects-normal/arm64/PDFReaderApp-OutputFileMap.json -use-frontend-parseable-output -save-temps -no-color-diagnostics -explicit-module-build -module-cache-path /Users/argus/Programming/pdf-reader/.build/xcode-derived-release/Build/Intermediates.noindex/SwiftExplicitPrecompiledModules -clang-scanner-module-cache-path /Users/argus/Programming/pdf-reader/.build/xcode-derived-release/ModuleCache.noindex -sdk-module-cache-path /Users/argus/Programming/pdf-reader/.build/xcode-derived-release/ModuleCache.noindex -serialize-diagnostics -emit-dependencies -emit-module -emit-module-path /Users/argus/Programming/pdf-reader/.build/xcode-derived-release/Build/Intermediates.noindex/PDFReader.build/Release/PDFReaderApp.build/Objects-normal/arm64/PDFReaderApp.swiftmodule -validate-clang-modules-once -clang-build-session-file /Users/argus/Programming/pdf-reader/.build/xcode-derived-release/ModuleCache.noindex/Session.modulevalidation -Xcc -I/Users/argus/Programming/pdf-reader/.build/xcode-derived-release/Build/Intermediates.noindex/PDFReader.build/Release/PDFReaderApp.build/swift-overrides.hmap -emit-const-values -Xfrontend -const-gather-protocols-file -Xfrontend /Users/argus/Programming/pdf-reader/.build/xcode-derived-release/Build/Intermediates.noindex/PDFReader.build/Release/PDFReaderApp.build/Objects-normal/arm64/PDFReaderApp_const_extract_protocols.json -Xcc -iquote -Xcc /Users/argus/Programming/pdf-reader/.build/xcode-derived-release/Build/Intermediates.noindex/PDFReader.build/Release/PDFReaderApp.build/PDFReader-generated-files.hmap -Xcc -I/Users/argus/Programming/pdf-reader/.build/xcode-derived-release/Build/Intermediates.noindex/PDFReader.build/Release/PDFReaderApp.build/PDFReader-own-target-headers.hmap -Xcc -I/Users/argus/Programming/pdf-reader/.build/xcode-derived-release/Build/Intermediates.noindex/PDFReader.build/Release/PDFReaderApp.build/PDFReader-all-non-framework-target-headers.hmap -Xcc -ivfsoverlay -Xcc /Users/argus/Programming/pdf-reader/.build/xcode-derived-release/Build/Intermediates.noindex/PDFReader.build/Release/PDFReader-5ed3f8c2d107e937755ff9345addb7ff-VFS/all-product-headers.yaml -Xcc -iquote -Xcc /Users/argus/Programming/pdf-reader/.build/xcode-derived-release/Build/Intermediates.noindex/PDFReader.build/Release/PDFReaderApp.build/PDFReader-project-headers.hmap -Xcc -I/Users/argus/Programming/pdf-reader/.build/xcode-derived-release/Build/Products/Release/include -Xcc -I/Users/argus/Programming/pdf-reader/.build/xcode-derived-release/Build/Intermediates.noindex/PDFReader.build/Release/PDFReaderApp.build/DerivedSources-normal/arm64 -Xcc -I/Users/argus/Programming/pdf-reader/.build/xcode-derived-release/Build/Intermediates.noindex/PDFReader.build/Release/PDFReaderApp.build/DerivedSources/arm64 -Xcc -I/Users/argus/Programming/pdf-reader/.build/xcode-derived-release/Build/Intermediates.noindex/PDFReader.build/Release/PDFReaderApp.build/DerivedSources -emit-objc-header -emit-objc-header-path /Users/argus/Programming/pdf-reader/.build/xcode-derived-release/Build/Intermediates.noindex/PDFReader.build/Release/PDFReaderApp.build/Objects-normal/arm64/PDFReaderApp-Swift.h -working-directory /Users/argus/Programming/pdf-reader -no-emit-module-separately-wmo

SwiftExplicitDependencyGeneratePcm x86_64 /Users/argus/Programming/pdf-reader/.build/xcode-derived-release/ModuleCache.noindex/CoreText-377XGJ4BOUMYSAOK62FU38E9Y.pcm

SwiftExplicitDependencyGeneratePcm x86_64 /Users/argus/Programming/pdf-reader/.build/xcode-derived-release/ModuleCache.noindex/ImageIO-W0LE2BQHO31APYZ76EM4J9MJ.pcm

SwiftExplicitDependencyGeneratePcm x86_64 /Users/argus/Programming/pdf-reader/.build/xcode-derived-release/ModuleCache.noindex/Accessibility-8QY2RTEB4BVGUUNJTNTKEID7H.pcm

SwiftExplicitDependencyGeneratePcm x86_64 /Users/argus/Programming/pdf-reader/.build/xcode-derived-release/ModuleCache.noindex/Spatial-3BPQSBC3TZYK29S28QMXKZXIU.pcm

SwiftExplicitDependencyGeneratePcm arm64 /Users/argus/Programming/pdf-reader/.build/xcode-derived-release/ModuleCache.noindex/ApplicationServices-5UK16X708NCERMZB6XE42K3CQ.pcm

SwiftExplicitDependencyGeneratePcm x86_64 /Users/argus/Programming/pdf-reader/.build/xcode-derived-release/ModuleCache.noindex/ApplicationServices-U4G2Z63NKM7BEBCA9NHG75W5.pcm

SwiftExplicitDependencyGeneratePcm arm64 /Users/argus/Programming/pdf-reader/.build/xcode-derived-release/ModuleCache.noindex/Spatial-E05QLE630XH549E2X4WUVQDM9.pcm

SwiftExplicitDependencyGeneratePcm arm64 /Users/argus/Programming/pdf-reader/.build/xcode-derived-release/ModuleCache.noindex/CoreVideo-8IW15Q8TKH12FHY5Y0KBKIJFG.pcm

SwiftExplicitDependencyGeneratePcm x86_64 /Users/argus/Programming/pdf-reader/.build/xcode-derived-release/ModuleCache.noindex/CoreVideo-9AM2BQ5WVBR31VWIE8YPQYC8P.pcm

SwiftExplicitDependencyGeneratePcm arm64 /Users/argus/Programming/pdf-reader/.build/xcode-derived-release/ModuleCache.noindex/CoreImage-6EHVNSIIFJEL25K9RGUFKHZWN.pcm

SwiftExplicitDependencyGeneratePcm arm64 /Users/argus/Programming/pdf-reader/.build/xcode-derived-release/ModuleCache.noindex/QuartzCore-3DTKHOXFE3AFEB34IDCH9Z2DT.pcm

SwiftExplicitDependencyGeneratePcm x86_64 /Users/argus/Programming/pdf-reader/.build/xcode-derived-release/ModuleCache.noindex/CoreImage-763XV3QR9V8TYSKSCKKQT1CLT.pcm

SwiftExplicitDependencyGeneratePcm x86_64 /Users/argus/Programming/pdf-reader/.build/xcode-derived-release/ModuleCache.noindex/QuartzCore-5OTF9U2NRUNOGH14GET9OA08A.pcm

SwiftExplicitDependencyGeneratePcm arm64 /Users/argus/Programming/pdf-reader/.build/xcode-derived-release/ModuleCache.noindex/SwiftUICore-5C8E3DXNPP453TX856MCAHZH3.pcm

SwiftExplicitDependencyGeneratePcm x86_64 /Users/argus/Programming/pdf-reader/.build/xcode-derived-release/ModuleCache.noindex/SwiftUICore-C3N5FT7K95RFQO98EF7X65Z0K.pcm

SwiftExplicitDependencyGeneratePcm arm64 /Users/argus/Programming/pdf-reader/.build/xcode-derived-release/ModuleCache.noindex/AppKit-3DLCJFQPLF8ENV8BUSAGOOFI3.pcm

SwiftExplicitDependencyGeneratePcm x86_64 /Users/argus/Programming/pdf-reader/.build/xcode-derived-release/ModuleCache.noindex/AppKit-7PW71JS85X199RKDTWKZ0CJW1.pcm

SwiftCompile normal arm64 Compiling\ ApplicationController.swift,\ ConfigFileSource.swift,\ ConfigService.swift,\ TOMLConfigDecoder.swift,\ ValidatedMenuBuilder.swift,\ ReaderSessionStore.swift,\ AppKitTheme.swift,\ ThemeAttributions.swift,\ EmptyStateView.swift,\ MainWindowController.swift,\ PromptOverlayView.swift,\ ReaderRootView.swift,\ StatusBarView.swift,\ TabBarView.swift,\ WindowVisualMetrics.swift,\ AppDelegate.swift /Users/argus/Programming/pdf-reader/PDFReaderApp/App/ApplicationController.swift /Users/argus/Programming/pdf-reader/PDFReaderApp/Config/ConfigFileSource.swift /Users/argus/Programming/pdf-reader/PDFReaderApp/Config/ConfigService.swift /Users/argus/Programming/pdf-reader/PDFReaderApp/Config/TOMLConfigDecoder.swift /Users/argus/Programming/pdf-reader/PDFReaderApp/Menu/ValidatedMenuBuilder.swift /Users/argus/Programming/pdf-reader/PDFReaderApp/Reader/ReaderSessionStore.swift /Users/argus/Programming/pdf-reader/PDFReaderApp/Theme/AppKitTheme.swift /Users/argus/Programming/pdf-reader/PDFReaderApp/Theme/ThemeAttributions.swift /Users/argus/Programming/pdf-reader/PDFReaderApp/Window/EmptyStateView.swift /Users/argus/Programming/pdf-reader/PDFReaderApp/Window/MainWindowController.swift /Users/argus/Programming/pdf-reader/PDFReaderApp/Window/PromptOverlayView.swift /Users/argus/Programming/pdf-reader/PDFReaderApp/Window/ReaderRootView.swift /Users/argus/Programming/pdf-reader/PDFReaderApp/Window/StatusBarView.swift /Users/argus/Programming/pdf-reader/PDFReaderApp/Window/TabBarView.swift /Users/argus/Programming/pdf-reader/PDFReaderApp/Window/WindowVisualMetrics.swift /Users/argus/Programming/pdf-reader/PDFReaderApp/AppDelegate.swift /Applications/Xcode.app/Contents/Developer/Toolchains/XcodeDefault.xctoolchain/usr/lib/swift/macosx/prebuilt-modules/26.5/CoreText.swiftmodule/arm64e-apple-macos.swiftmodule /Applications/Xcode.app/Contents/Developer/Toolchains/XcodeDefault.xctoolchain/usr/lib/swift/macosx/prebuilt-modules/26.5/SwiftUICore.swiftmodule/arm64e-apple-macos.swiftmodule /Applications/Xcode.app/Contents/Developer/Toolchains/XcodeDefault.xctoolchain/usr/lib/swift/macosx/prebuilt-modules/26.5/Darwin.swiftmodule/arm64e-apple-macos.swiftmodule /Applications/Xcode.app/Contents/Developer/Toolchains/XcodeDefault.xctoolchain/usr/lib/swift/macosx/prebuilt-modules/26.5/simd.swiftmodule/arm64e-apple-macos.swiftmodule /Users/argus/Programming/pdf-reader/.build/xcode-derived-release/Build/Products/Release/PDFReaderCore.framework/Modules/PDFReaderCore.swiftmodule/arm64-apple-macos.swiftmodule /Applications/Xcode.app/Contents/Developer/Toolchains/XcodeDefault.xctoolchain/usr/lib/swift/macosx/prebuilt-modules/26.5/os.swiftmodule/arm64e-apple-macos.swiftmodule /Applications/Xcode.app/Contents/Developer/Toolchains/XcodeDefault.xctoolchain/usr/lib/swift/macosx/prebuilt-modules/26.5/CoreImage.swiftmodule/arm64e-apple-macos.swiftmodule /Applications/Xcode.app/Contents/Developer/Toolchains/XcodeDefault.xctoolchain/usr/lib/swift/macosx/prebuilt-modules/26.5/ObjectiveC.swiftmodule/arm64e-apple-macos.swiftmodule /Applications/Xcode.app/Contents/Developer/Toolchains/XcodeDefault.xctoolchain/usr/lib/swift/macosx/prebuilt-modules/26.5/CoreGraphics.swiftmodule/arm64e-apple-macos.swiftmodule /Applications/Xcode.app/Contents/Developer/Toolchains/XcodeDefault.xctoolchain/usr/lib/swift/macosx/prebuilt-modules/26.5/CoreTransferable.swiftmodule/arm64e-apple-macos.swiftmodule /Applications/Xcode.app/Contents/Developer/Toolchains/XcodeDefault.xctoolchain/usr/lib/swift/macosx/prebuilt-modules/26.5/CoreFoundation.swiftmodule/arm64e-apple-macos.swiftmodule /Users/argus/Programming/pdf-reader/.build/xcode-derived-release/Build/Products/Release/TOMLDecoder.swiftmodule/arm64-apple-macos.swiftmodule /Applications/Xcode.app/Contents/Developer/Toolchains/XcodeDefault.xctoolchain/usr/lib/swift/macosx/prebuilt-modules/26.5/IOKit.swiftmodule/arm64e-apple-macos.swiftmodule /Applications/Xcode.app/Contents/Developer/Toolchains/XcodeDefault.xctoolchain/usr/lib/swift/macosx/prebuilt-modules/26.5/Combine.swiftmodule/arm64e-apple-macos.swiftmodule /Applications/Xcode.app/Contents/Developer/Toolchains/XcodeDefault.xctoolchain/usr/lib/swift/macosx/prebuilt-modules/26.5/Symbols.swiftmodule/arm64e-apple-macos.swiftmodule /Applications/Xcode.app/Contents/Developer/Toolchains/XcodeDefault.xctoolchain/usr/lib/swift/macosx/prebuilt-modules/26.5/Accessibility.swiftmodule/arm64e-apple-macos.swiftmodule /Applications/Xcode.app/Contents/Developer/Toolchains/XcodeDefault.xctoolchain/usr/lib/swift/macosx/prebuilt-modules/26.5/Metal.swiftmodule/arm64e-apple-macos.swiftmodule /Applications/Xcode.app/Contents/Developer/Toolchains/XcodeDefault.xctoolchain/usr/lib/swift/macosx/prebuilt-modules/26.5/_Builtin_float.swiftmodule/arm64e-apple-macos.swiftmodule /Applications/Xcode.app/Contents/Developer/Toolchains/XcodeDefault.xctoolchain/usr/lib/swift/macosx/prebuilt-modules/26.5/_Concurrency.swiftmodule/arm64e-apple-macos.swiftmodule /Applications/Xcode.app/Contents/Developer/Toolchains/XcodeDefault.xctoolchain/usr/lib/swift/macosx/prebuilt-modules/26.5/_DarwinFoundation2.swiftmodule/arm64e-apple-macos.swiftmodule /Applications/Xcode.app/Contents/Developer/Toolchains/XcodeDefault.xctoolchain/usr/lib/swift/macosx/prebuilt-modules/26.5/AppKit.swiftmodule/arm64e-apple-macos.swiftmodule /Applications/Xcode.app/Contents/Developer/Toolchains/XcodeDefault.xctoolchain/usr/lib/swift/macosx/prebuilt-modules/26.5/_DarwinFoundation3.swiftmodule/arm64e-apple-macos.swiftmodule /Applications/Xcode.app/Contents/Developer/Toolchains/XcodeDefault.xctoolchain/usr/lib/swift/macosx/prebuilt-modules/26.5/_DarwinFoundation1.swiftmodule/arm64e-apple-macos.swiftmodule /Applications/Xcode.app/Contents/Developer/Toolchains/XcodeDefault.xctoolchain/usr/lib/swift/macosx/prebuilt-modules/26.5/XPC.swiftmodule/arm64e-apple-macos.swiftmodule /Applications/Xcode.app/Contents/Developer/Toolchains/XcodeDefault.xctoolchain/usr/lib/swift/macosx/prebuilt-modules/26.5/QuartzCore.swiftmodule/arm64e-apple-macos.swiftmodule /Applications/Xcode.app/Contents/Developer/Toolchains/XcodeDefault.xctoolchain/usr/lib/swift/macosx/prebuilt-modules/26.5/Foundation.swiftmodule/arm64e-apple-macos.swiftmodule /Applications/Xcode.app/Contents/Developer/Toolchains/XcodeDefault.xctoolchain/usr/lib/swift/macosx/prebuilt-modules/26.5/UniformTypeIdentifiers.swiftmodule/arm64e-apple-macos.swiftmodule /Applications/Xcode.app/Contents/Developer/Toolchains/XcodeDefault.xctoolchain/usr/lib/swift/macosx/prebuilt-modules/26.5/DeveloperToolsSupport.swiftmodule/arm64e-apple-macos.swiftmodule /Applications/Xcode.app/Contents/Developer/Toolchains/XcodeDefault.xctoolchain/usr/lib/swift/macosx/prebuilt-modules/26.5/CoreData.swiftmodule/arm64e-apple-macos.swiftmodule /Applications/Xcode.app/Contents/Developer/Toolchains/XcodeDefault.xctoolchain/usr/lib/swift/macosx/prebuilt-modules/26.5/Observation.swiftmodule/arm64e-apple-macos.swiftmodule /Applications/Xcode.app/Contents/Developer/Toolchains/XcodeDefault.xctoolchain/usr/lib/swift/macosx/prebuilt-modules/26.5/Spatial.swiftmodule/arm64e-apple-macos.swiftmodule /Applications/Xcode.app/Contents/Developer/Toolchains/XcodeDefault.xctoolchain/usr/lib/swift/macosx/prebuilt-modules/26.5/_StringProcessing.swiftmodule/arm64e-apple-macos.swiftmodule /Applications/Xcode.app/Contents/Developer/Toolchains/XcodeDefault.xctoolchain/usr/lib/swift/macosx/prebuilt-modules/26.5/Dispatch.swiftmodule/arm64e-apple-macos.swiftmodule /Applications/Xcode.app/Contents/Developer/Toolchains/XcodeDefault.xctoolchain/usr/lib/swift/macosx/prebuilt-modules/26.5/DataDetection.swiftmodule/arm64e-apple-macos.swiftmodule /Applications/Xcode.app/Contents/Developer/Toolchains/XcodeDefault.xctoolchain/usr/lib/swift/macosx/prebuilt-modules/26.5/OSLog.swiftmodule/arm64e-apple-macos.swiftmodule /Applications/Xcode.app/Contents/Developer/Toolchains/XcodeDefault.xctoolchain/usr/lib/swift/macosx/prebuilt-modules/26.5/Swift.swiftmodule/arm64e-apple-macos.swiftmodule /Applications/Xcode.app/Contents/Developer/Toolchains/XcodeDefault.xctoolchain/usr/lib/swift/macosx/prebuilt-modules/26.5/CoreVideo.swiftmodule/arm64e-apple-macos.swiftmodule /Applications/Xcode.app/Contents/Developer/Toolchains/XcodeDefault.xctoolchain/usr/lib/swift/macosx/prebuilt-modules/26.5/System.swiftmodule/arm64e-apple-macos.swiftmodule /Users/argus/Programming/pdf-reader/.build/xcode-derived-release/ModuleCache.noindex/UniformTypeIdentifiers-7SIU90LJ4019RLAIC4H6SMG6X.pcm /Users/argus/Programming/pdf-reader/.build/xcode-derived-release/ModuleCache.noindex/ImageIO-5TYM5G8MTT4YJNOS1C4FT9ZGZ.pcm /Users/argus/Programming/pdf-reader/.build/xcode-derived-release/ModuleCache.noindex/Darwin-467EYGS7GPSAFGBSWPDFVSFXB.pcm /Users/argus/Programming/pdf-reader/.build/xcode-derived-release/ModuleCache.noindex/_DarwinFoundation1-8UZASKRNHIGDTG0ZN2HY5SDHU.pcm /Users/argus/Programming/pdf-reader/.build/xcode-derived-release/ModuleCache.noindex/libDER-65BVB0SCTQGGA2XNUXQSP6ZZU.pcm /Users/argus/Programming/pdf-reader/.build/xcode-derived-release/ModuleCache.noindex/os-34NVHUL7QVSRJ42PTIGBGTZ19.pcm /Users/argus/Programming/pdf-reader/.build/xcode-derived-release/ModuleCache.noindex/QuartzCore-3DTKHOXFE3AFEB34IDCH9Z2DT.pcm /Users/argus/Programming/pdf-reader/.build/xcode-derived-release/ModuleCache.noindex/AppKit-3DLCJFQPLF8ENV8BUSAGOOFI3.pcm /Users/argus/Programming/pdf-reader/.build/xcode-derived-release/ModuleCache.noindex/_Builtin_stdint-3MT2PF1MO9VCT72OZSZCO4WP8.pcm /Users/argus/Programming/pdf-reader/.build/xcode-derived-release/ModuleCache.noindex/Dispatch-DQI5BWSPB3PJ12V8R2OE2FGNU.pcm /Users/argus/Programming/pdf-reader/.build/xcode-derived-release/ModuleCache.noindex/_Builtin_limits-5Q3CFCTRS6UEGLDC1TKPBVYZZ.pcm /Users/argus/Programming/pdf-reader/.build/xcode-derived-release/ModuleCache.noindex/CoreText-ELZQ3GEGNA1IYSW8RD21UFD4B.pcm /Users/argus/Programming/pdf-reader/.build/xcode-derived-release/ModuleCache.noindex/DeveloperToolsSupport-7NQGERSSOI1LMR2RK323QQCVI.pcm /Users/argus/Programming/pdf-reader/.build/xcode-derived-release/ModuleCache.noindex/_Builtin_stdarg-N7QQBEFV44QGX63JQV69C3DT.pcm /Users/argus/Programming/pdf-reader/.build/xcode-derived-release/ModuleCache.noindex/CFNetwork-946PIVWJYYFPOSR51SJG08FP3.pcm /Users/argus/Programming/pdf-reader/.build/xcode-derived-release/ModuleCache.noindex/IOKit-4KZV97PUAE88PTHH1I69M20YT.pcm /Users/argus/Programming/pdf-reader/.build/xcode-derived-release/ModuleCache.noindex/OSLog-8M6ITVB28E1LOHJH6XRWP3LAZ.pcm /Users/argus/Programming/pdf-reader/.build/xcode-derived-release/ModuleCache.noindex/_Builtin_float-18RRDDLEAEVPW76JWVDPGLGN6.pcm /Users/argus/Programming/pdf-reader/.build/xcode-derived-release/ModuleCache.noindex/CoreData-5FSBJ5IU36E49T8SYBVBWG6NH.pcm /Users/argus/Programming/pdf-reader/.build/xcode-derived-release/ModuleCache.noindex/ptrauth-424PG7I52UGQWOOTXU0GOZJAE.pcm /Users/argus/Programming/pdf-reader/.build/xcode-derived-release/ModuleCache.noindex/simd-7V5E8UE7JH110B0RNJPTHWFUP.pcm /Users/argus/Programming/pdf-reader/.build/xcode-derived-release/ModuleCache.noindex/_Builtin_tgmath-FJQEFT8URDFQETJMZ97F749P.pcm /Users/argus/Programming/pdf-reader/.build/xcode-derived-release/ModuleCache.noindex/_SwiftConcurrencyShims-3TABQVUQJNJBZNWTFQXHUI19K.pcm /Users/argus/Programming/pdf-reader/.build/xcode-derived-release/ModuleCache.noindex/Foundation-640219XTC41JHA6Z7SQYV4PJC.pcm /Users/argus/Programming/pdf-reader/.build/xcode-derived-release/ModuleCache.noindex/Spatial-E05QLE630XH549E2X4WUVQDM9.pcm /Users/argus/Programming/pdf-reader/.build/xcode-derived-release/ModuleCache.noindex/MachO-4U0LUK0FMHQ01RGBRH4OBHAHU.pcm /Users/argus/Programming/pdf-reader/.build/xcode-derived-release/ModuleCache.noindex/CoreVideo-8IW15Q8TKH12FHY5Y0KBKIJFG.pcm /Users/argus/Programming/pdf-reader/.build/xcode-derived-release/ModuleCache.noindex/DiskArbitration-DTF9XSXN63ORA2GU2I5GNMI18.pcm /Users/argus/Programming/pdf-reader/.build/xcode-derived-release/ModuleCache.noindex/os_object-7L7P5M8RL9XBQGKJQXFLGNGNH.pcm /Users/argus/Programming/pdf-reader/.build/xcode-derived-release/ModuleCache.noindex/_Builtin_intrinsics-DVYQXBQFXCNM5JJCFTALNOSWI.pcm /Users/argus/Programming/pdf-reader/.build/xcode-derived-release/ModuleCache.noindex/_Builtin_stddef-94G6DAVIVE82Z36U5DD0X64XO.pcm /Users/argus/Programming/pdf-reader/.build/xcode-derived-release/ModuleCache.noindex/_Builtin_inttypes-6YCUJ2NKXJEDRKPKL6YHDSM8Y.pcm /Users/argus/Programming/pdf-reader/.build/xcode-derived-release/ModuleCache.noindex/_Builtin_stdatomic-KZ6FEMV2A08XPP6O3G5XFK8W.pcm /Users/argus/Programming/pdf-reader/.build/xcode-derived-release/ModuleCache.noindex/DataDetection-71LL1WVH1DD6RQQ49F2NZ9YT4.pcm /Users/argus/Programming/pdf-reader/.build/xcode-derived-release/ModuleCache.noindex/Security-7U31E429ZC0U01H358A3GXI0E.pcm /Users/argus/Programming/pdf-reader/.build/xcode-derived-release/ModuleCache.noindex/OpenGL-7MVK1PDN8UXIDYL2YRTYF5U7F.pcm /Users/argus/Programming/pdf-reader/.build/xcode-derived-release/ModuleCache.noindex/Metal-CREMEHHHZXQGNJQSCNU0AHZG3.pcm /Users/argus/Programming/pdf-reader/.build/xcode-derived-release/ModuleCache.noindex/Symbols-758H6CXBGI58GMMXFLMGPFXEX.pcm /Users/argus/Programming/pdf-reader/.build/xcode-derived-release/ModuleCache.noindex/CUPS-2LIX02K863MELFQ7H47NE9EQQ.pcm /Users/argus/Programming/pdf-reader/.build/xcode-derived-release/ModuleCache.noindex/CoreServices-BRKDCMH2CTGBA4VJG5YH37XV1.pcm /Users/argus/Programming/pdf-reader/.build/xcode-derived-release/ModuleCache.noindex/SwiftShims-BM4862CITTX2RKGVSUCY9JXBH.pcm /Users/argus/Programming/pdf-reader/.build/xcode-derived-release/ModuleCache.noindex/_DarwinFoundation3-5TF45V16ULBPZ44OHDWSTWGB7.pcm /Users/argus/Programming/pdf-reader/.build/xcode-derived-release/ModuleCache.noindex/Accessibility-6DZTYU1XWRWOW8UQ8ULUK1VEU.pcm /Users/argus/Programming/pdf-reader/.build/xcode-derived-release/ModuleCache.noindex/IOSurface-69J8GCZSVM3W81QY5VHG02UAL.pcm /Users/argus/Programming/pdf-reader/.build/xcode-derived-release/ModuleCache.noindex/ptrcheck-B3R66BJTZ1UPMS6CWOOU2IXES.pcm /Users/argus/Programming/pdf-reader/.build/xcode-derived-release/ModuleCache.noindex/launch-8KKPOHZ84K3B2S9PWOO17QAZ3.pcm /Users/argus/Programming/pdf-reader/.build/xcode-derived-release/ModuleCache.noindex/os_workgroup-DBTDX7L2502MQQGKRJVQ4QTJF.pcm /Users/argus/Programming/pdf-reader/.build/xcode-derived-release/ModuleCache.noindex/libkern-15JBNPHW7ECMAY72467BWV7CK.pcm /Users/argus/Programming/pdf-reader/.build/xcode-derived-release/ModuleCache.noindex/ColorSync-92CFGV2W9KPAFB239TZIZA2MS.pcm /Users/argus/Programming/pdf-reader/.build/xcode-derived-release/ModuleCache.noindex/_DarwinFoundation2-74T2QV5DAOHH9YF57XM23T7Z6.pcm /Users/argus/Programming/pdf-reader/.build/xcode-derived-release/ModuleCache.noindex/_AvailabilityInternal-EBG3WJ1W2TCGJL9U0Q5STA50J.pcm /Users/argus/Programming/pdf-reader/.build/xcode-derived-release/ModuleCache.noindex/SwiftUICore-5C8E3DXNPP453TX856MCAHZH3.pcm /Users/argus/Programming/pdf-reader/.build/xcode-derived-release/ModuleCache.noindex/CoreGraphics-4EX28YO20MWWRFPTJZ5RUIQHX.pcm /Users/argus/Programming/pdf-reader/.build/xcode-derived-release/ModuleCache.noindex/ApplicationServices-5UK16X708NCERMZB6XE42K3CQ.pcm /Users/argus/Programming/pdf-reader/.build/xcode-derived-release/ModuleCache.noindex/XPC-3ZC1TMK3MBMTH8U7KUYX6O0LP.pcm /Users/argus/Programming/pdf-reader/.build/xcode-derived-release/ModuleCache.noindex/ObjectiveC-E3VKC2UZPFQX7XLC9S3BDCR0H.pcm /Users/argus/Programming/pdf-reader/.build/xcode-derived-release/ModuleCache.noindex/CoreTransferable-3XDGCGOFIEY1N3IRHVZBU3TM0.pcm /Users/argus/Programming/pdf-reader/.build/xcode-derived-release/ModuleCache.noindex/_Builtin_stdbool-3QEU800VU81Z8WJCJFSYW236M.pcm /Users/argus/Programming/pdf-reader/.build/xcode-derived-release/ModuleCache.noindex/CoreFoundation-CJHBATHSCKKK662HB53AW75A0.pcm /Users/argus/Programming/pdf-reader/.build/xcode-derived-release/ModuleCache.noindex/sys_types-4LXFYFZ1ILL9OMYWC2FTXHTRZ.pcm /Users/argus/Programming/pdf-reader/.build/xcode-derived-release/ModuleCache.noindex/CoreImage-6EHVNSIIFJEL25K9RGUFKHZWN.pcm /Users/argus/Programming/pdf-reader/.build/xcode-derived-release/Build/Intermediates.noindex/PDFReader.build/Release/PDFReaderApp.build/Objects-normal/arm64/PDFReaderApp-dependencies-2.json (in target 'PDFReaderApp' from project 'PDFReader')

CompileSwift normal arm64 (in target 'PDFReaderApp' from project 'PDFReader')
    cd /Users/argus/Programming/pdf-reader
    

SwiftCompile normal x86_64 Compiling\ ApplicationController.swift,\ ConfigFileSource.swift,\ ConfigService.swift,\ TOMLConfigDecoder.swift,\ ValidatedMenuBuilder.swift,\ ReaderSessionStore.swift,\ AppKitTheme.swift,\ ThemeAttributions.swift,\ EmptyStateView.swift,\ MainWindowController.swift,\ PromptOverlayView.swift,\ ReaderRootView.swift,\ StatusBarView.swift,\ TabBarView.swift,\ WindowVisualMetrics.swift,\ AppDelegate.swift /Users/argus/Programming/pdf-reader/PDFReaderApp/App/ApplicationController.swift /Users/argus/Programming/pdf-reader/PDFReaderApp/Config/ConfigFileSource.swift /Users/argus/Programming/pdf-reader/PDFReaderApp/Config/ConfigService.swift /Users/argus/Programming/pdf-reader/PDFReaderApp/Config/TOMLConfigDecoder.swift /Users/argus/Programming/pdf-reader/PDFReaderApp/Menu/ValidatedMenuBuilder.swift /Users/argus/Programming/pdf-reader/PDFReaderApp/Reader/ReaderSessionStore.swift /Users/argus/Programming/pdf-reader/PDFReaderApp/Theme/AppKitTheme.swift /Users/argus/Programming/pdf-reader/PDFReaderApp/Theme/ThemeAttributions.swift /Users/argus/Programming/pdf-reader/PDFReaderApp/Window/EmptyStateView.swift /Users/argus/Programming/pdf-reader/PDFReaderApp/Window/MainWindowController.swift /Users/argus/Programming/pdf-reader/PDFReaderApp/Window/PromptOverlayView.swift /Users/argus/Programming/pdf-reader/PDFReaderApp/Window/ReaderRootView.swift /Users/argus/Programming/pdf-reader/PDFReaderApp/Window/StatusBarView.swift /Users/argus/Programming/pdf-reader/PDFReaderApp/Window/TabBarView.swift /Users/argus/Programming/pdf-reader/PDFReaderApp/Window/WindowVisualMetrics.swift /Users/argus/Programming/pdf-reader/PDFReaderApp/AppDelegate.swift /Applications/Xcode.app/Contents/Developer/Toolchains/XcodeDefault.xctoolchain/usr/lib/swift/macosx/prebuilt-modules/26.5/os.swiftmodule/x86_64-apple-macos.swiftmodule /Users/argus/Programming/pdf-reader/.build/xcode-derived-release/Build/Products/Release/TOMLDecoder.swiftmodule/x86_64-apple-macos.swiftmodule /Applications/Xcode.app/Contents/Developer/Toolchains/XcodeDefault.xctoolchain/usr/lib/swift/macosx/prebuilt-modules/26.5/CoreFoundation.swiftmodule/x86_64-apple-macos.swiftmodule /Applications/Xcode.app/Contents/Developer/Toolchains/XcodeDefault.xctoolchain/usr/lib/swift/macosx/prebuilt-modules/26.5/ObjectiveC.swiftmodule/x86_64-apple-macos.swiftmodule /Applications/Xcode.app/Contents/Developer/Toolchains/XcodeDefault.xctoolchain/usr/lib/swift/macosx/prebuilt-modules/26.5/IOKit.swiftmodule/x86_64-apple-macos.swiftmodule /Applications/Xcode.app/Contents/Developer/Toolchains/XcodeDefault.xctoolchain/usr/lib/swift/macosx/prebuilt-modules/26.5/_StringProcessing.swiftmodule/x86_64-apple-macos.swiftmodule /Users/argus/Programming/pdf-reader/.build/xcode-derived-release/Build/Products/Release/PDFReaderCore.framework/Modules/PDFReaderCore.swiftmodule/x86_64-apple-macos.swiftmodule /Applications/Xcode.app/Contents/Developer/Toolchains/XcodeDefault.xctoolchain/usr/lib/swift/macosx/prebuilt-modules/26.5/_DarwinFoundation3.swiftmodule/x86_64-apple-macos.swiftmodule /Applications/Xcode.app/Contents/Developer/Toolchains/XcodeDefault.xctoolchain/usr/lib/swift/macosx/prebuilt-modules/26.5/XPC.swiftmodule/x86_64-apple-macos.swiftmodule /Applications/Xcode.app/Contents/Developer/Toolchains/XcodeDefault.xctoolchain/usr/lib/swift/macosx/prebuilt-modules/26.5/Metal.swiftmodule/x86_64-apple-macos.swiftmodule /Applications/Xcode.app/Contents/Developer/Toolchains/XcodeDefault.xctoolchain/usr/lib/swift/macosx/prebuilt-modules/26.5/simd.swiftmodule/x86_64-apple-macos.swiftmodule /Applications/Xcode.app/Contents/Developer/Toolchains/XcodeDefault.xctoolchain/usr/lib/swift/macosx/prebuilt-modules/26.5/OSLog.swiftmodule/x86_64-apple-macos.swiftmodule /Applications/Xcode.app/Contents/Developer/Toolchains/XcodeDefault.xctoolchain/usr/lib/swift/macosx/prebuilt-modules/26.5/_Concurrency.swiftmodule/x86_64-apple-macos.swiftmodule /Applications/Xcode.app/Contents/Developer/Toolchains/XcodeDefault.xctoolchain/usr/lib/swift/macosx/prebuilt-modules/26.5/Spatial.swiftmodule/x86_64-apple-macos.swiftmodule /Applications/Xcode.app/Contents/Developer/Toolchains/XcodeDefault.xctoolchain/usr/lib/swift/macosx/prebuilt-modules/26.5/CoreImage.swiftmodule/x86_64-apple-macos.swiftmodule /Applications/Xcode.app/Contents/Developer/Toolchains/XcodeDefault.xctoolchain/usr/lib/swift/macosx/prebuilt-modules/26.5/DeveloperToolsSupport.swiftmodule/x86_64-apple-macos.swiftmodule /Applications/Xcode.app/Contents/Developer/Toolchains/XcodeDefault.xctoolchain/usr/lib/swift/macosx/prebuilt-modules/26.5/Swift.swiftmodule/x86_64-apple-macos.swiftmodule /Applications/Xcode.app/Contents/Developer/Toolchains/XcodeDefault.xctoolchain/usr/lib/swift/macosx/prebuilt-modules/26.5/SwiftUICore.swiftmodule/x86_64-apple-macos.swiftmodule /Applications/Xcode.app/Contents/Developer/Toolchains/XcodeDefault.xctoolchain/usr/lib/swift/macosx/prebuilt-modules/26.5/CoreTransferable.swiftmodule/x86_64-apple-macos.swiftmodule /Applications/Xcode.app/Contents/Developer/Toolchains/XcodeDefault.xctoolchain/usr/lib/swift/macosx/prebuilt-modules/26.5/Symbols.swiftmodule/x86_64-apple-macos.swiftmodule /Applications/Xcode.app/Contents/Developer/Toolchains/XcodeDefault.xctoolchain/usr/lib/swift/macosx/prebuilt-modules/26.5/CoreText.swiftmodule/x86_64-apple-macos.swiftmodule /Applications/Xcode.app/Contents/Developer/Toolchains/XcodeDefault.xctoolchain/usr/lib/swift/macosx/prebuilt-modules/26.5/Darwin.swiftmodule/x86_64-apple-macos.swiftmodule /Applications/Xcode.app/Contents/Developer/Toolchains/XcodeDefault.xctoolchain/usr/lib/swift/macosx/prebuilt-modules/26.5/CoreGraphics.swiftmodule/x86_64-apple-macos.swiftmodule /Applications/Xcode.app/Contents/Developer/Toolchains/XcodeDefault.xctoolchain/usr/lib/swift/macosx/prebuilt-modules/26.5/Foundation.swiftmodule/x86_64-apple-macos.swiftmodule /Applications/Xcode.app/Contents/Developer/Toolchains/XcodeDefault.xctoolchain/usr/lib/swift/macosx/prebuilt-modules/26.5/UniformTypeIdentifiers.swiftmodule/x86_64-apple-macos.swiftmodule /Applications/Xcode.app/Contents/Developer/Toolchains/XcodeDefault.xctoolchain/usr/lib/swift/macosx/prebuilt-modules/26.5/Combine.swiftmodule/x86_64-apple-macos.swiftmodule /Applications/Xcode.app/Contents/Developer/Toolchains/XcodeDefault.xctoolchain/usr/lib/swift/macosx/prebuilt-modules/26.5/DataDetection.swiftmodule/x86_64-apple-macos.swiftmodule /Applications/Xcode.app/Contents/Developer/Toolchains/XcodeDefault.xctoolchain/usr/lib/swift/macosx/prebuilt-modules/26.5/System.swiftmodule/x86_64-apple-macos.swiftmodule /Applications/Xcode.app/Contents/Developer/Toolchains/XcodeDefault.xctoolchain/usr/lib/swift/macosx/prebuilt-modules/26.5/_DarwinFoundation1.swiftmodule/x86_64-apple-macos.swiftmodule /Applications/Xcode.app/Contents/Developer/Toolchains/XcodeDefault.xctoolchain/usr/lib/swift/macosx/prebuilt-modules/26.5/Accessibility.swiftmodule/x86_64-apple-macos.swiftmodule /Applications/Xcode.app/Contents/Developer/Toolchains/XcodeDefault.xctoolchain/usr/lib/swift/macosx/prebuilt-modules/26.5/_Builtin_float.swiftmodule/x86_64-apple-macos.swiftmodule /Applications/Xcode.app/Contents/Developer/Toolchains/XcodeDefault.xctoolchain/usr/lib/swift/macosx/prebuilt-modules/26.5/CoreData.swiftmodule/x86_64-apple-macos.swiftmodule /Applications/Xcode.app/Contents/Developer/Toolchains/XcodeDefault.xctoolchain/usr/lib/swift/macosx/prebuilt-modules/26.5/AppKit.swiftmodule/x86_64-apple-macos.swiftmodule /Applications/Xcode.app/Contents/Developer/Toolchains/XcodeDefault.xctoolchain/usr/lib/swift/macosx/prebuilt-modules/26.5/Dispatch.swiftmodule/x86_64-apple-macos.swiftmodule /Applications/Xcode.app/Contents/Developer/Toolchains/XcodeDefault.xctoolchain/usr/lib/swift/macosx/prebuilt-modules/26.5/_DarwinFoundation2.swiftmodule/x86_64-apple-macos.swiftmodule /Applications/Xcode.app/Contents/Developer/Toolchains/XcodeDefault.xctoolchain/usr/lib/swift/macosx/prebuilt-modules/26.5/CoreVideo.swiftmodule/x86_64-apple-macos.swiftmodule /Applications/Xcode.app/Contents/Developer/Toolchains/XcodeDefault.xctoolchain/usr/lib/swift/macosx/prebuilt-modules/26.5/QuartzCore.swiftmodule/x86_64-apple-macos.swiftmodule /Applications/Xcode.app/Contents/Developer/Toolchains/XcodeDefault.xctoolchain/usr/lib/swift/macosx/prebuilt-modules/26.5/Observation.swiftmodule/x86_64-apple-macos.swiftmodule /Users/argus/Programming/pdf-reader/.build/xcode-derived-release/ModuleCache.noindex/os_workgroup-6W0ZKRP2YSCBBXIFC505O2O75.pcm /Users/argus/Programming/pdf-reader/.build/xcode-derived-release/ModuleCache.noindex/DataDetection-68D9TQBY6IJ0C454UC7SPAESS.pcm /Users/argus/Programming/pdf-reader/.build/xcode-derived-release/ModuleCache.noindex/CoreServices-AK3IVU9XLOKOXLI63O3RQX0KV.pcm /Users/argus/Programming/pdf-reader/.build/xcode-derived-release/ModuleCache.noindex/AppKit-7PW71JS85X199RKDTWKZ0CJW1.pcm /Users/argus/Programming/pdf-reader/.build/xcode-derived-release/ModuleCache.noindex/_Builtin_stddef-ABT2GAHU4OZMQNHA5Y5FMZ5OB.pcm /Users/argus/Programming/pdf-reader/.build/xcode-derived-release/ModuleCache.noindex/os-BNVH8P7IE8AFRCK1YDQF0TKPH.pcm /Users/argus/Programming/pdf-reader/.build/xcode-derived-release/ModuleCache.noindex/_DarwinFoundation2-1SRNQMMDP5L5PFVRV2HTSV2V4.pcm /Users/argus/Programming/pdf-reader/.build/xcode-derived-release/ModuleCache.noindex/XPC-DSFSDXGXLRTJGZ5AOKC7OCU3R.pcm /Users/argus/Programming/pdf-reader/.build/xcode-derived-release/ModuleCache.noindex/_Builtin_stdbool-4UYEWRX3HG3CC1N99BVNITWV8.pcm /Users/argus/Programming/pdf-reader/.build/xcode-derived-release/ModuleCache.noindex/simd-9QIAUH2EOYLKBFMBPGZS86IOV.pcm /Users/argus/Programming/pdf-reader/.build/xcode-derived-release/ModuleCache.noindex/os_object-CBZNXY2TXXW8131B2CU2R62RC.pcm /Users/argus/Programming/pdf-reader/.build/xcode-derived-release/ModuleCache.noindex/Accessibility-8QY2RTEB4BVGUUNJTNTKEID7H.pcm /Users/argus/Programming/pdf-reader/.build/xcode-derived-release/ModuleCache.noindex/sys_types-EGEON3AMOSP61MPS92C1SY8DV.pcm /Users/argus/Programming/pdf-reader/.build/xcode-derived-release/ModuleCache.noindex/OSLog-Y5O9RQ0FTKRECLABSFO76VAU.pcm /Users/argus/Programming/pdf-reader/.build/xcode-derived-release/ModuleCache.noindex/CoreText-377XGJ4BOUMYSAOK62FU38E9Y.pcm /Users/argus/Programming/pdf-reader/.build/xcode-derived-release/ModuleCache.noindex/DeveloperToolsSupport-9O6TC8RJST1YAGJ11K1NF7LGO.pcm /Users/argus/Programming/pdf-reader/.build/xcode-derived-release/ModuleCache.noindex/Symbols-C7RZVWWU5SM7J45LS3314TMQE.pcm /Users/argus/Programming/pdf-reader/.build/xcode-derived-release/ModuleCache.noindex/ptrcheck-UU3C1LHUYUHAODN1KQ90V1LG.pcm /Users/argus/Programming/pdf-reader/.build/xcode-derived-release/ModuleCache.noindex/CoreImage-763XV3QR9V8TYSKSCKKQT1CLT.pcm /Users/argus/Programming/pdf-reader/.build/xcode-derived-release/ModuleCache.noindex/Foundation-CY67Y2W50RA8791689CKDPH2Q.pcm /Users/argus/Programming/pdf-reader/.build/xcode-derived-release/ModuleCache.noindex/Metal-1NXGCN9GVXDV3CU768TFF1MI4.pcm /Users/argus/Programming/pdf-reader/.build/xcode-derived-release/ModuleCache.noindex/_Builtin_inttypes-3P8ZHOXF0CYT7RVHWBTL42HFV.pcm /Users/argus/Programming/pdf-reader/.build/xcode-derived-release/ModuleCache.noindex/CUPS-3BP0HCVVDO5EVF77JU82HLGMJ.pcm /Users/argus/Programming/pdf-reader/.build/xcode-derived-release/ModuleCache.noindex/libkern-BV1DNLL6FZTKNEISKRPEDIEVB.pcm /Users/argus/Programming/pdf-reader/.build/xcode-derived-release/ModuleCache.noindex/_Builtin_stdint-4ZRIIG92ORJ3ISNXIUHD13JNW.pcm /Users/argus/Programming/pdf-reader/.build/xcode-derived-release/ModuleCache.noindex/_Builtin_intrinsics-FLVA9EBVFK233MAN4U1VM2F3.pcm /Users/argus/Programming/pdf-reader/.build/xcode-derived-release/ModuleCache.noindex/DiskArbitration-95PXP455BOHWAYF3XNDDBBG06.pcm /Users/argus/Programming/pdf-reader/.build/xcode-derived-release/ModuleCache.noindex/_AvailabilityInternal-3PFWENTHKV9KOSBLJU9MFJ6AC.pcm /Users/argus/Programming/pdf-reader/.build/xcode-derived-release/ModuleCache.noindex/_Builtin_stdatomic-2YM0DBJJVJ9JTPL987GJRUGIC.pcm /Users/argus/Programming/pdf-reader/.build/xcode-derived-release/ModuleCache.noindex/_Builtin_limits-9WOLLKMX4JRROT77DNLSK7O1Z.pcm /Users/argus/Programming/pdf-reader/.build/xcode-derived-release/ModuleCache.noindex/libDER-3B70BLXNJOCIYQL8GR92Q18ZS.pcm /Users/argus/Programming/pdf-reader/.build/xcode-derived-release/ModuleCache.noindex/CoreVideo-9AM2BQ5WVBR31VWIE8YPQYC8P.pcm /Users/argus/Programming/pdf-reader/.build/xcode-derived-release/ModuleCache.noindex/ColorSync-A3Y9T7F0WZDB4NZ8P68OVFQCL.pcm /Users/argus/Programming/pdf-reader/.build/xcode-derived-release/ModuleCache.noindex/CoreFoundation-2A75O4IB4LFI1FPX6DX9H9AF2.pcm /Users/argus/Programming/pdf-reader/.build/xcode-derived-release/ModuleCache.noindex/ObjectiveC-BQO6OHYS9DQGT9ZIR4MWPXV9U.pcm /Users/argus/Programming/pdf-reader/.build/xcode-derived-release/ModuleCache.noindex/Spatial-3BPQSBC3TZYK29S28QMXKZXIU.pcm /Users/argus/Programming/pdf-reader/.build/xcode-derived-release/ModuleCache.noindex/SwiftShims-EV5A39C8ORWUARI9ESZ8LXDYN.pcm /Users/argus/Programming/pdf-reader/.build/xcode-derived-release/ModuleCache.noindex/_Builtin_tgmath-67E1K7IA0S65MM8HBDT0NUN2A.pcm /Users/argus/Programming/pdf-reader/.build/xcode-derived-release/ModuleCache.noindex/MachO-C0MY6F2CONY9F1RX0XJ7HYQ1X.pcm /Users/argus/Programming/pdf-reader/.build/xcode-derived-release/ModuleCache.noindex/CoreGraphics-877TZWPX7XKJR9NWWCPRJZQM7.pcm /Users/argus/Programming/pdf-reader/.build/xcode-derived-release/ModuleCache.noindex/_DarwinFoundation1-9T9UW00ZXSIVY7M6S38QTCYMA.pcm /Users/argus/Programming/pdf-reader/.build/xcode-derived-release/ModuleCache.noindex/IOSurface-HMIY8U9RYYCFLHMP75NAO3DR.pcm /Users/argus/Programming/pdf-reader/.build/xcode-derived-release/ModuleCache.noindex/Darwin-2TI7B0E27KWFQZCC7S5EA82C.pcm /Users/argus/Programming/pdf-reader/.build/xcode-derived-release/ModuleCache.noindex/QuartzCore-5OTF9U2NRUNOGH14GET9OA08A.pcm /Users/argus/Programming/pdf-reader/.build/xcode-derived-release/ModuleCache.noindex/ptrauth-43A2HUDOJA1QLHPVJFGWGUT4Y.pcm /Users/argus/Programming/pdf-reader/.build/xcode-derived-release/ModuleCache.noindex/OpenGL-BF62YVLALZ7KHKMO394E0QOOA.pcm /Users/argus/Programming/pdf-reader/.build/xcode-derived-release/ModuleCache.noindex/launch-7BHBTY523H6JW5NT2690O838Z.pcm /Users/argus/Programming/pdf-reader/.build/xcode-derived-release/ModuleCache.noindex/CFNetwork-F40X3BGIOODYW0BJ74AXZT3RJ.pcm /Users/argus/Programming/pdf-reader/.build/xcode-derived-release/ModuleCache.noindex/ApplicationServices-U4G2Z63NKM7BEBCA9NHG75W5.pcm /Users/argus/Programming/pdf-reader/.build/xcode-derived-release/ModuleCache.noindex/UniformTypeIdentifiers-8912R2PMPTYK1U710TGXBJ3OJ.pcm /Users/argus/Programming/pdf-reader/.build/xcode-derived-release/ModuleCache.noindex/_DarwinFoundation3-6IPT8GFZ53OITZ9CUXX5IFYF7.pcm /Users/argus/Programming/pdf-reader/.build/xcode-derived-release/ModuleCache.noindex/ImageIO-W0LE2BQHO31APYZ76EM4J9MJ.pcm /Users/argus/Programming/pdf-reader/.build/xcode-derived-release/ModuleCache.noindex/SwiftUICore-C3N5FT7K95RFQO98EF7X65Z0K.pcm /Users/argus/Programming/pdf-reader/.build/xcode-derived-release/ModuleCache.noindex/IOKit-5DW3TM8CRP2EOKC2EDE6T4VOA.pcm /Users/argus/Programming/pdf-reader/.build/xcode-derived-release/ModuleCache.noindex/_Builtin_stdarg-4FSSV21C28VB7B0NZ2D7EK510.pcm /Users/argus/Programming/pdf-reader/.build/xcode-derived-release/ModuleCache.noindex/CoreTransferable-D2VIRZBD0IXUWSD6S6PYKT7F7.pcm /Users/argus/Programming/pdf-reader/.build/xcode-derived-release/ModuleCache.noindex/_Builtin_float-15UGSWICR6CKRBITO27CL4MFI.pcm /Users/argus/Programming/pdf-reader/.build/xcode-derived-release/ModuleCache.noindex/_SwiftConcurrencyShims-7LFASGN4O5RRYC8SV7UHYRQT3.pcm /Users/argus/Programming/pdf-reader/.build/xcode-derived-release/ModuleCache.noindex/Dispatch-AFLEXU4M9ZTUUHM06J7KRO8PK.pcm /Users/argus/Programming/pdf-reader/.build/xcode-derived-release/ModuleCache.noindex/CoreData-ALCAWIE414GW00A89MHLLSHSD.pcm /Users/argus/Programming/pdf-reader/.build/xcode-derived-release/ModuleCache.noindex/Security-COV3PY0ZB6FNCDMVGGZ8Q2XU8.pcm /Users/argus/Programming/pdf-reader/.build/xcode-derived-release/Build/Intermediates.noindex/PDFReader.build/Release/PDFReaderApp.build/Objects-normal/x86_64/PDFReaderApp-dependencies-1.json (in target 'PDFReaderApp' from project 'PDFReader')
CompileSwift normal x86_64 (in target 'PDFReaderApp' from project 'PDFReader')
    cd /Users/argus/Programming/pdf-reader
    

SwiftDriverJobDiscovery normal arm64 Compiling ApplicationController.swift, ConfigFileSource.swift, ConfigService.swift, TOMLConfigDecoder.swift, ValidatedMenuBuilder.swift, ReaderSessionStore.swift, AppKitTheme.swift, ThemeAttributions.swift, EmptyStateView.swift, MainWindowController.swift, PromptOverlayView.swift, ReaderRootView.swift, StatusBarView.swift, TabBarView.swift, WindowVisualMetrics.swift, AppDelegate.swift (in target 'PDFReaderApp' from project 'PDFReader')

SwiftDriver\ Compilation\ Requirements PDFReaderApp normal arm64 com.apple.xcode.tools.swift.compiler (in target 'PDFReaderApp' from project 'PDFReader')
    cd /Users/argus/Programming/pdf-reader
    builtin-Swift-Compilation-Requirements -- /Applications/Xcode.app/Contents/Developer/Toolchains/XcodeDefault.xctoolchain/usr/bin/swiftc -module-name PDFReaderApp -O -whole-module-optimization @/Users/argus/Programming/pdf-reader/.build/xcode-derived-release/Build/Intermediates.noindex/PDFReader.build/Release/PDFReaderApp.build/Objects-normal/arm64/PDFReader.SwiftFileList -enable-experimental-feature DebugDescriptionMacro -sdk /Applications/Xcode.app/Contents/Developer/Platforms/MacOSX.platform/Developer/SDKs/MacOSX26.5.sdk -target arm64-apple-macos14.0 -g -module-cache-path /Users/argus/Programming/pdf-reader/.build/xcode-derived-release/ModuleCache.noindex -Xfrontend -serialize-debugging-options -swift-version 6 -I /Users/argus/Programming/pdf-reader/.build/xcode-derived-release/Build/Products/Release -F /Users/argus/Programming/pdf-reader/.build/xcode-derived-release/Build/Products/Release/PackageFrameworks -F /Users/argus/Programming/pdf-reader/.build/xcode-derived-release/Build/Products/Release -c -num-threads 10 -Xcc -ivfsstatcache -Xcc /Users/argus/Programming/pdf-reader/.build/xcode-derived-release/SDKStatCaches.noindex/macosx26.5-25F70-e082c4a02f00227109f4ed75e425c832.sdkstatcache -output-file-map /Users/argus/Programming/pdf-reader/.build/xcode-derived-release/Build/Intermediates.noindex/PDFReader.build/Release/PDFReaderApp.build/Objects-normal/arm64/PDFReaderApp-OutputFileMap.json -use-frontend-parseable-output -save-temps -no-color-diagnostics -explicit-module-build -module-cache-path /Users/argus/Programming/pdf-reader/.build/xcode-derived-release/Build/Intermediates.noindex/SwiftExplicitPrecompiledModules -clang-scanner-module-cache-path /Users/argus/Programming/pdf-reader/.build/xcode-derived-release/ModuleCache.noindex -sdk-module-cache-path /Users/argus/Programming/pdf-reader/.build/xcode-derived-release/ModuleCache.noindex -serialize-diagnostics -emit-dependencies -emit-module -emit-module-path /Users/argus/Programming/pdf-reader/.build/xcode-derived-release/Build/Intermediates.noindex/PDFReader.build/Release/PDFReaderApp.build/Objects-normal/arm64/PDFReaderApp.swiftmodule -validate-clang-modules-once -clang-build-session-file /Users/argus/Programming/pdf-reader/.build/xcode-derived-release/ModuleCache.noindex/Session.modulevalidation -Xcc -I/Users/argus/Programming/pdf-reader/.build/xcode-derived-release/Build/Intermediates.noindex/PDFReader.build/Release/PDFReaderApp.build/swift-overrides.hmap -emit-const-values -Xfrontend -const-gather-protocols-file -Xfrontend /Users/argus/Programming/pdf-reader/.build/xcode-derived-release/Build/Intermediates.noindex/PDFReader.build/Release/PDFReaderApp.build/Objects-normal/arm64/PDFReaderApp_const_extract_protocols.json -Xcc -iquote -Xcc /Users/argus/Programming/pdf-reader/.build/xcode-derived-release/Build/Intermediates.noindex/PDFReader.build/Release/PDFReaderApp.build/PDFReader-generated-files.hmap -Xcc -I/Users/argus/Programming/pdf-reader/.build/xcode-derived-release/Build/Intermediates.noindex/PDFReader.build/Release/PDFReaderApp.build/PDFReader-own-target-headers.hmap -Xcc -I/Users/argus/Programming/pdf-reader/.build/xcode-derived-release/Build/Intermediates.noindex/PDFReader.build/Release/PDFReaderApp.build/PDFReader-all-non-framework-target-headers.hmap -Xcc -ivfsoverlay -Xcc /Users/argus/Programming/pdf-reader/.build/xcode-derived-release/Build/Intermediates.noindex/PDFReader.build/Release/PDFReader-5ed3f8c2d107e937755ff9345addb7ff-VFS/all-product-headers.yaml -Xcc -iquote -Xcc /Users/argus/Programming/pdf-reader/.build/xcode-derived-release/Build/Intermediates.noindex/PDFReader.build/Release/PDFReaderApp.build/PDFReader-project-headers.hmap -Xcc -I/Users/argus/Programming/pdf-reader/.build/xcode-derived-release/Build/Products/Release/include -Xcc -I/Users/argus/Programming/pdf-reader/.build/xcode-derived-release/Build/Intermediates.noindex/PDFReader.build/Release/PDFReaderApp.build/DerivedSources-normal/arm64 -Xcc -I/Users/argus/Programming/pdf-reader/.build/xcode-derived-release/Build/Intermediates.noindex/PDFReader.build/Release/PDFReaderApp.build/DerivedSources/arm64 -Xcc -I/Users/argus/Programming/pdf-reader/.build/xcode-derived-release/Build/Intermediates.noindex/PDFReader.build/Release/PDFReaderApp.build/DerivedSources -emit-objc-header -emit-objc-header-path /Users/argus/Programming/pdf-reader/.build/xcode-derived-release/Build/Intermediates.noindex/PDFReader.build/Release/PDFReaderApp.build/Objects-normal/arm64/PDFReaderApp-Swift.h -working-directory /Users/argus/Programming/pdf-reader -no-emit-module-separately-wmo

Copy /Users/argus/Programming/pdf-reader/.build/xcode-derived-release/Build/Products/Release/PDFReaderApp.swiftmodule/arm64-apple-macos.swiftmodule /Users/argus/Programming/pdf-reader/.build/xcode-derived-release/Build/Intermediates.noindex/PDFReader.build/Release/PDFReaderApp.build/Objects-normal/arm64/PDFReaderApp.swiftmodule (in target 'PDFReaderApp' from project 'PDFReader')
    cd /Users/argus/Programming/pdf-reader
    builtin-copy -exclude .DS_Store -exclude CVS -exclude .svn -exclude .git -exclude .hg -resolve-src-symlinks -rename /Users/argus/Programming/pdf-reader/.build/xcode-derived-release/Build/Intermediates.noindex/PDFReader.build/Release/PDFReaderApp.build/Objects-normal/arm64/PDFReaderApp.swiftmodule /Users/argus/Programming/pdf-reader/.build/xcode-derived-release/Build/Products/Release/PDFReaderApp.swiftmodule/arm64-apple-macos.swiftmodule

Copy /Users/argus/Programming/pdf-reader/.build/xcode-derived-release/Build/Products/Release/PDFReaderApp.swiftmodule/arm64-apple-macos.abi.json /Users/argus/Programming/pdf-reader/.build/xcode-derived-release/Build/Intermediates.noindex/PDFReader.build/Release/PDFReaderApp.build/Objects-normal/arm64/PDFReaderApp.abi.json (in target 'PDFReaderApp' from project 'PDFReader')
    cd /Users/argus/Programming/pdf-reader
    builtin-copy -exclude .DS_Store -exclude CVS -exclude .svn -exclude .git -exclude .hg -resolve-src-symlinks -rename /Users/argus/Programming/pdf-reader/.build/xcode-derived-release/Build/Intermediates.noindex/PDFReader.build/Release/PDFReaderApp.build/Objects-normal/arm64/PDFReaderApp.abi.json /Users/argus/Programming/pdf-reader/.build/xcode-derived-release/Build/Products/Release/PDFReaderApp.swiftmodule/arm64-apple-macos.abi.json

Copy /Users/argus/Programming/pdf-reader/.build/xcode-derived-release/Build/Products/Release/PDFReaderApp.swiftmodule/arm64-apple-macos.swiftdoc /Users/argus/Programming/pdf-reader/.build/xcode-derived-release/Build/Intermediates.noindex/PDFReader.build/Release/PDFReaderApp.build/Objects-normal/arm64/PDFReaderApp.swiftdoc (in target 'PDFReaderApp' from project 'PDFReader')
    cd /Users/argus/Programming/pdf-reader
    builtin-copy -exclude .DS_Store -exclude CVS -exclude .svn -exclude .git -exclude .hg -resolve-src-symlinks -rename /Users/argus/Programming/pdf-reader/.build/xcode-derived-release/Build/Intermediates.noindex/PDFReader.build/Release/PDFReaderApp.build/Objects-normal/arm64/PDFReaderApp.swiftdoc /Users/argus/Programming/pdf-reader/.build/xcode-derived-release/Build/Products/Release/PDFReaderApp.swiftmodule/arm64-apple-macos.swiftdoc

Copy /Users/argus/Programming/pdf-reader/.build/xcode-derived-release/Build/Products/Release/PDFReaderApp.swiftmodule/Project/arm64-apple-macos.swiftsourceinfo /Users/argus/Programming/pdf-reader/.build/xcode-derived-release/Build/Intermediates.noindex/PDFReader.build/Release/PDFReaderApp.build/Objects-normal/arm64/PDFReaderApp.swiftsourceinfo (in target 'PDFReaderApp' from project 'PDFReader')
    cd /Users/argus/Programming/pdf-reader
    builtin-copy -exclude .DS_Store -exclude CVS -exclude .svn -exclude .git -exclude .hg -resolve-src-symlinks -rename /Users/argus/Programming/pdf-reader/.build/xcode-derived-release/Build/Intermediates.noindex/PDFReader.build/Release/PDFReaderApp.build/Objects-normal/arm64/PDFReaderApp.swiftsourceinfo /Users/argus/Programming/pdf-reader/.build/xcode-derived-release/Build/Products/Release/PDFReaderApp.swiftmodule/Project/arm64-apple-macos.swiftsourceinfo

SwiftDriverJobDiscovery normal x86_64 Compiling ApplicationController.swift, ConfigFileSource.swift, ConfigService.swift, TOMLConfigDecoder.swift, ValidatedMenuBuilder.swift, ReaderSessionStore.swift, AppKitTheme.swift, ThemeAttributions.swift, EmptyStateView.swift, MainWindowController.swift, PromptOverlayView.swift, ReaderRootView.swift, StatusBarView.swift, TabBarView.swift, WindowVisualMetrics.swift, AppDelegate.swift (in target 'PDFReaderApp' from project 'PDFReader')

SwiftDriver\ Compilation\ Requirements PDFReaderApp normal x86_64 com.apple.xcode.tools.swift.compiler (in target 'PDFReaderApp' from project 'PDFReader')
    cd /Users/argus/Programming/pdf-reader
    builtin-Swift-Compilation-Requirements -- /Applications/Xcode.app/Contents/Developer/Toolchains/XcodeDefault.xctoolchain/usr/bin/swiftc -module-name PDFReaderApp -O -whole-module-optimization @/Users/argus/Programming/pdf-reader/.build/xcode-derived-release/Build/Intermediates.noindex/PDFReader.build/Release/PDFReaderApp.build/Objects-normal/x86_64/PDFReader.SwiftFileList -enable-experimental-feature DebugDescriptionMacro -sdk /Applications/Xcode.app/Contents/Developer/Platforms/MacOSX.platform/Developer/SDKs/MacOSX26.5.sdk -target x86_64-apple-macos14.0 -g -module-cache-path /Users/argus/Programming/pdf-reader/.build/xcode-derived-release/ModuleCache.noindex -Xfrontend -serialize-debugging-options -swift-version 6 -I /Users/argus/Programming/pdf-reader/.build/xcode-derived-release/Build/Products/Release -F /Users/argus/Programming/pdf-reader/.build/xcode-derived-release/Build/Products/Release/PackageFrameworks -F /Users/argus/Programming/pdf-reader/.build/xcode-derived-release/Build/Products/Release -c -num-threads 10 -Xcc -ivfsstatcache -Xcc /Users/argus/Programming/pdf-reader/.build/xcode-derived-release/SDKStatCaches.noindex/macosx26.5-25F70-e082c4a02f00227109f4ed75e425c832.sdkstatcache -output-file-map /Users/argus/Programming/pdf-reader/.build/xcode-derived-release/Build/Intermediates.noindex/PDFReader.build/Release/PDFReaderApp.build/Objects-normal/x86_64/PDFReaderApp-OutputFileMap.json -use-frontend-parseable-output -save-temps -no-color-diagnostics -explicit-module-build -module-cache-path /Users/argus/Programming/pdf-reader/.build/xcode-derived-release/Build/Intermediates.noindex/SwiftExplicitPrecompiledModules -clang-scanner-module-cache-path /Users/argus/Programming/pdf-reader/.build/xcode-derived-release/ModuleCache.noindex -sdk-module-cache-path /Users/argus/Programming/pdf-reader/.build/xcode-derived-release/ModuleCache.noindex -serialize-diagnostics -emit-dependencies -emit-module -emit-module-path /Users/argus/Programming/pdf-reader/.build/xcode-derived-release/Build/Intermediates.noindex/PDFReader.build/Release/PDFReaderApp.build/Objects-normal/x86_64/PDFReaderApp.swiftmodule -validate-clang-modules-once -clang-build-session-file /Users/argus/Programming/pdf-reader/.build/xcode-derived-release/ModuleCache.noindex/Session.modulevalidation -Xcc -I/Users/argus/Programming/pdf-reader/.build/xcode-derived-release/Build/Intermediates.noindex/PDFReader.build/Release/PDFReaderApp.build/swift-overrides.hmap -emit-const-values -Xfrontend -const-gather-protocols-file -Xfrontend /Users/argus/Programming/pdf-reader/.build/xcode-derived-release/Build/Intermediates.noindex/PDFReader.build/Release/PDFReaderApp.build/Objects-normal/x86_64/PDFReaderApp_const_extract_protocols.json -Xcc -iquote -Xcc /Users/argus/Programming/pdf-reader/.build/xcode-derived-release/Build/Intermediates.noindex/PDFReader.build/Release/PDFReaderApp.build/PDFReader-generated-files.hmap -Xcc -I/Users/argus/Programming/pdf-reader/.build/xcode-derived-release/Build/Intermediates.noindex/PDFReader.build/Release/PDFReaderApp.build/PDFReader-own-target-headers.hmap -Xcc -I/Users/argus/Programming/pdf-reader/.build/xcode-derived-release/Build/Intermediates.noindex/PDFReader.build/Release/PDFReaderApp.build/PDFReader-all-non-framework-target-headers.hmap -Xcc -ivfsoverlay -Xcc /Users/argus/Programming/pdf-reader/.build/xcode-derived-release/Build/Intermediates.noindex/PDFReader.build/Release/PDFReader-5ed3f8c2d107e937755ff9345addb7ff-VFS/all-product-headers.yaml -Xcc -iquote -Xcc /Users/argus/Programming/pdf-reader/.build/xcode-derived-release/Build/Intermediates.noindex/PDFReader.build/Release/PDFReaderApp.build/PDFReader-project-headers.hmap -Xcc -I/Users/argus/Programming/pdf-reader/.build/xcode-derived-release/Build/Products/Release/include -Xcc -I/Users/argus/Programming/pdf-reader/.build/xcode-derived-release/Build/Intermediates.noindex/PDFReader.build/Release/PDFReaderApp.build/DerivedSources-normal/x86_64 -Xcc -I/Users/argus/Programming/pdf-reader/.build/xcode-derived-release/Build/Intermediates.noindex/PDFReader.build/Release/PDFReaderApp.build/DerivedSources/x86_64 -Xcc -I/Users/argus/Programming/pdf-reader/.build/xcode-derived-release/Build/Intermediates.noindex/PDFReader.build/Release/PDFReaderApp.build/DerivedSources -emit-objc-header -emit-objc-header-path /Users/argus/Programming/pdf-reader/.build/xcode-derived-release/Build/Intermediates.noindex/PDFReader.build/Release/PDFReaderApp.build/Objects-normal/x86_64/PDFReaderApp-Swift.h -working-directory /Users/argus/Programming/pdf-reader -no-emit-module-separately-wmo

Copy /Users/argus/Programming/pdf-reader/.build/xcode-derived-release/Build/Products/Release/PDFReaderApp.swiftmodule/x86_64-apple-macos.swiftdoc /Users/argus/Programming/pdf-reader/.build/xcode-derived-release/Build/Intermediates.noindex/PDFReader.build/Release/PDFReaderApp.build/Objects-normal/x86_64/PDFReaderApp.swiftdoc (in target 'PDFReaderApp' from project 'PDFReader')
    cd /Users/argus/Programming/pdf-reader
    builtin-copy -exclude .DS_Store -exclude CVS -exclude .svn -exclude .git -exclude .hg -resolve-src-symlinks -rename /Users/argus/Programming/pdf-reader/.build/xcode-derived-release/Build/Intermediates.noindex/PDFReader.build/Release/PDFReaderApp.build/Objects-normal/x86_64/PDFReaderApp.swiftdoc /Users/argus/Programming/pdf-reader/.build/xcode-derived-release/Build/Products/Release/PDFReaderApp.swiftmodule/x86_64-apple-macos.swiftdoc

Copy /Users/argus/Programming/pdf-reader/.build/xcode-derived-release/Build/Products/Release/PDFReaderApp.swiftmodule/x86_64-apple-macos.swiftmodule /Users/argus/Programming/pdf-reader/.build/xcode-derived-release/Build/Intermediates.noindex/PDFReader.build/Release/PDFReaderApp.build/Objects-normal/x86_64/PDFReaderApp.swiftmodule (in target 'PDFReaderApp' from project 'PDFReader')
    cd /Users/argus/Programming/pdf-reader
    builtin-copy -exclude .DS_Store -exclude CVS -exclude .svn -exclude .git -exclude .hg -resolve-src-symlinks -rename /Users/argus/Programming/pdf-reader/.build/xcode-derived-release/Build/Intermediates.noindex/PDFReader.build/Release/PDFReaderApp.build/Objects-normal/x86_64/PDFReaderApp.swiftmodule /Users/argus/Programming/pdf-reader/.build/xcode-derived-release/Build/Products/Release/PDFReaderApp.swiftmodule/x86_64-apple-macos.swiftmodule

Copy /Users/argus/Programming/pdf-reader/.build/xcode-derived-release/Build/Products/Release/PDFReaderApp.swiftmodule/x86_64-apple-macos.abi.json /Users/argus/Programming/pdf-reader/.build/xcode-derived-release/Build/Intermediates.noindex/PDFReader.build/Release/PDFReaderApp.build/Objects-normal/x86_64/PDFReaderApp.abi.json (in target 'PDFReaderApp' from project 'PDFReader')
    cd /Users/argus/Programming/pdf-reader
    builtin-copy -exclude .DS_Store -exclude CVS -exclude .svn -exclude .git -exclude .hg -resolve-src-symlinks -rename /Users/argus/Programming/pdf-reader/.build/xcode-derived-release/Build/Intermediates.noindex/PDFReader.build/Release/PDFReaderApp.build/Objects-normal/x86_64/PDFReaderApp.abi.json /Users/argus/Programming/pdf-reader/.build/xcode-derived-release/Build/Products/Release/PDFReaderApp.swiftmodule/x86_64-apple-macos.abi.json

Copy /Users/argus/Programming/pdf-reader/.build/xcode-derived-release/Build/Products/Release/PDFReaderApp.swiftmodule/Project/x86_64-apple-macos.swiftsourceinfo /Users/argus/Programming/pdf-reader/.build/xcode-derived-release/Build/Intermediates.noindex/PDFReader.build/Release/PDFReaderApp.build/Objects-normal/x86_64/PDFReaderApp.swiftsourceinfo (in target 'PDFReaderApp' from project 'PDFReader')
    cd /Users/argus/Programming/pdf-reader
    builtin-copy -exclude .DS_Store -exclude CVS -exclude .svn -exclude .git -exclude .hg -resolve-src-symlinks -rename /Users/argus/Programming/pdf-reader/.build/xcode-derived-release/Build/Intermediates.noindex/PDFReader.build/Release/PDFReaderApp.build/Objects-normal/x86_64/PDFReaderApp.swiftsourceinfo /Users/argus/Programming/pdf-reader/.build/xcode-derived-release/Build/Products/Release/PDFReaderApp.swiftmodule/Project/x86_64-apple-macos.swiftsourceinfo

SwiftMergeGeneratedHeaders /Users/argus/Programming/pdf-reader/.build/xcode-derived-release/Build/Intermediates.noindex/PDFReader.build/Release/PDFReaderApp.build/DerivedSources/PDFReaderApp-Swift.h /Users/argus/Programming/pdf-reader/.build/xcode-derived-release/Build/Intermediates.noindex/PDFReader.build/Release/PDFReaderApp.build/Objects-normal/arm64/PDFReaderApp-Swift.h /Users/argus/Programming/pdf-reader/.build/xcode-derived-release/Build/Intermediates.noindex/PDFReader.build/Release/PDFReaderApp.build/Objects-normal/x86_64/PDFReaderApp-Swift.h (in target 'PDFReaderApp' from project 'PDFReader')
    cd /Users/argus/Programming/pdf-reader
    builtin-swiftHeaderTool -arch arm64 /Users/argus/Programming/pdf-reader/.build/xcode-derived-release/Build/Intermediates.noindex/PDFReader.build/Release/PDFReaderApp.build/Objects-normal/arm64/PDFReaderApp-Swift.h -arch x86_64 /Users/argus/Programming/pdf-reader/.build/xcode-derived-release/Build/Intermediates.noindex/PDFReader.build/Release/PDFReaderApp.build/Objects-normal/x86_64/PDFReaderApp-Swift.h -o /Users/argus/Programming/pdf-reader/.build/xcode-derived-release/Build/Intermediates.noindex/PDFReader.build/Release/PDFReaderApp.build/DerivedSources/PDFReaderApp-Swift.h

Ld /Users/argus/Programming/pdf-reader/.build/xcode-derived-release/Build/Intermediates.noindex/PDFReader.build/Release/PDFReaderApp.build/Objects-normal/x86_64/Binary/PDFReader normal x86_64 (in target 'PDFReaderApp' from project 'PDFReader')
    cd /Users/argus/Programming/pdf-reader
    /Applications/Xcode.app/Contents/Developer/Toolchains/XcodeDefault.xctoolchain/usr/bin/clang -Xlinker -reproducible -target x86_64-apple-macos14.0 -isysroot /Applications/Xcode.app/Contents/Developer/Platforms/MacOSX.platform/Developer/SDKs/MacOSX26.5.sdk -Os -L/Users/argus/Programming/pdf-reader/.build/xcode-derived-release/Build/Intermediates.noindex/EagerLinkingTBDs/Release -L/Users/argus/Programming/pdf-reader/.build/xcode-derived-release/Build/Products/Release -F/Users/argus/Programming/pdf-reader/.build/xcode-derived-release/Build/Intermediates.noindex/EagerLinkingTBDs/Release -F/Users/argus/Programming/pdf-reader/.build/xcode-derived-release/Build/Products/Release/PackageFrameworks -F/Users/argus/Programming/pdf-reader/.build/xcode-derived-release/Build/Products/Release -filelist /Users/argus/Programming/pdf-reader/.build/xcode-derived-release/Build/Intermediates.noindex/PDFReader.build/Release/PDFReaderApp.build/Objects-normal/x86_64/PDFReader.LinkFileList -Xlinker -rpath -Xlinker /usr/lib/swift -Xlinker -rpath -Xlinker @executable_path/../Frameworks -Xlinker -object_path_lto -Xlinker /Users/argus/Programming/pdf-reader/.build/xcode-derived-release/Build/Intermediates.noindex/PDFReader.build/Release/PDFReaderApp.build/Objects-normal/x86_64/PDFReader_lto.o -Xlinker -dependency_info -Xlinker /Users/argus/Programming/pdf-reader/.build/xcode-derived-release/Build/Intermediates.noindex/PDFReader.build/Release/PDFReaderApp.build/Objects-normal/x86_64/PDFReader_dependency_info.dat -fobjc-link-runtime -L/Applications/Xcode.app/Contents/Developer/Toolchains/XcodeDefault.xctoolchain/usr/lib/swift/macosx -L/usr/lib/swift -Xlinker -add_ast_path -Xlinker /Users/argus/Programming/pdf-reader/.build/xcode-derived-release/Build/Intermediates.noindex/PDFReader.build/Release/PDFReaderApp.build/Objects-normal/x86_64/PDFReaderApp.swiftmodule @/Users/argus/Programming/pdf-reader/.build/xcode-derived-release/Build/Intermediates.noindex/PDFReader.build/Release/PDFReaderApp.build/Objects-normal/x86_64/PDFReaderApp-linker-args.resp -Wl,-no_warn_duplicate_libraries -framework PDFReaderCore -o /Users/argus/Programming/pdf-reader/.build/xcode-derived-release/Build/Intermediates.noindex/PDFReader.build/Release/PDFReaderApp.build/Objects-normal/x86_64/Binary/PDFReader -Xlinker -add_ast_path -Xlinker /Users/argus/Programming/pdf-reader/.build/xcode-derived-release/Build/Intermediates.noindex/TOMLDecoder.build/Release/TOMLDecoder.build/Objects-normal/x86_64/TOMLDecoder.swiftmodule @/Users/argus/Programming/pdf-reader/.build/xcode-derived-release/Build/Intermediates.noindex/TOMLDecoder.build/Release/TOMLDecoder.build/Objects-normal/x86_64/TOMLDecoder-linker-args.resp

Ld /Users/argus/Programming/pdf-reader/.build/xcode-derived-release/Build/Intermediates.noindex/PDFReader.build/Release/PDFReaderApp.build/Objects-normal/arm64/Binary/PDFReader normal arm64 (in target 'PDFReaderApp' from project 'PDFReader')
    cd /Users/argus/Programming/pdf-reader
    /Applications/Xcode.app/Contents/Developer/Toolchains/XcodeDefault.xctoolchain/usr/bin/clang -Xlinker -reproducible -target arm64-apple-macos14.0 -isysroot /Applications/Xcode.app/Contents/Developer/Platforms/MacOSX.platform/Developer/SDKs/MacOSX26.5.sdk -Os -L/Users/argus/Programming/pdf-reader/.build/xcode-derived-release/Build/Intermediates.noindex/EagerLinkingTBDs/Release -L/Users/argus/Programming/pdf-reader/.build/xcode-derived-release/Build/Products/Release -F/Users/argus/Programming/pdf-reader/.build/xcode-derived-release/Build/Intermediates.noindex/EagerLinkingTBDs/Release -F/Users/argus/Programming/pdf-reader/.build/xcode-derived-release/Build/Products/Release/PackageFrameworks -F/Users/argus/Programming/pdf-reader/.build/xcode-derived-release/Build/Products/Release -filelist /Users/argus/Programming/pdf-reader/.build/xcode-derived-release/Build/Intermediates.noindex/PDFReader.build/Release/PDFReaderApp.build/Objects-normal/arm64/PDFReader.LinkFileList -Xlinker -rpath -Xlinker /usr/lib/swift -Xlinker -rpath -Xlinker @executable_path/../Frameworks -Xlinker -object_path_lto -Xlinker /Users/argus/Programming/pdf-reader/.build/xcode-derived-release/Build/Intermediates.noindex/PDFReader.build/Release/PDFReaderApp.build/Objects-normal/arm64/PDFReader_lto.o -Xlinker -dependency_info -Xlinker /Users/argus/Programming/pdf-reader/.build/xcode-derived-release/Build/Intermediates.noindex/PDFReader.build/Release/PDFReaderApp.build/Objects-normal/arm64/PDFReader_dependency_info.dat -fobjc-link-runtime -L/Applications/Xcode.app/Contents/Developer/Toolchains/XcodeDefault.xctoolchain/usr/lib/swift/macosx -L/usr/lib/swift -Xlinker -add_ast_path -Xlinker /Users/argus/Programming/pdf-reader/.build/xcode-derived-release/Build/Intermediates.noindex/PDFReader.build/Release/PDFReaderApp.build/Objects-normal/arm64/PDFReaderApp.swiftmodule @/Users/argus/Programming/pdf-reader/.build/xcode-derived-release/Build/Intermediates.noindex/PDFReader.build/Release/PDFReaderApp.build/Objects-normal/arm64/PDFReaderApp-linker-args.resp -Wl,-no_warn_duplicate_libraries -framework PDFReaderCore -o /Users/argus/Programming/pdf-reader/.build/xcode-derived-release/Build/Intermediates.noindex/PDFReader.build/Release/PDFReaderApp.build/Objects-normal/arm64/Binary/PDFReader -Xlinker -add_ast_path -Xlinker /Users/argus/Programming/pdf-reader/.build/xcode-derived-release/Build/Intermediates.noindex/TOMLDecoder.build/Release/TOMLDecoder.build/Objects-normal/arm64/TOMLDecoder.swiftmodule @/Users/argus/Programming/pdf-reader/.build/xcode-derived-release/Build/Intermediates.noindex/TOMLDecoder.build/Release/TOMLDecoder.build/Objects-normal/arm64/TOMLDecoder-linker-args.resp

CreateUniversalBinary /Users/argus/Programming/pdf-reader/.build/xcode-derived-release/Build/Products/Release/PDFReader.app/Contents/MacOS/PDFReader normal arm64\ x86_64 (in target 'PDFReaderApp' from project 'PDFReader')
    cd /Users/argus/Programming/pdf-reader
    /Applications/Xcode.app/Contents/Developer/Toolchains/XcodeDefault.xctoolchain/usr/bin/lipo -create /Users/argus/Programming/pdf-reader/.build/xcode-derived-release/Build/Intermediates.noindex/PDFReader.build/Release/PDFReaderApp.build/Objects-normal/arm64/Binary/PDFReader /Users/argus/Programming/pdf-reader/.build/xcode-derived-release/Build/Intermediates.noindex/PDFReader.build/Release/PDFReaderApp.build/Objects-normal/x86_64/Binary/PDFReader -output /Users/argus/Programming/pdf-reader/.build/xcode-derived-release/Build/Products/Release/PDFReader.app/Contents/MacOS/PDFReader

Copy /Users/argus/Programming/pdf-reader/.build/xcode-derived-release/Build/Products/Release/PDFReader.app/Contents/Frameworks/PDFReaderCore.framework /Users/argus/Programming/pdf-reader/.build/xcode-derived-release/Build/Products/Release/PDFReaderCore.framework (in target 'PDFReaderApp' from project 'PDFReader')
    cd /Users/argus/Programming/pdf-reader
    builtin-copy -exclude .DS_Store -exclude CVS -exclude .svn -exclude .git -exclude .hg -exclude Headers -exclude PrivateHeaders -exclude Modules -exclude \*.tbd -resolve-src-symlinks -remove-static-executable /Users/argus/Programming/pdf-reader/.build/xcode-derived-release/Build/Products/Release/PDFReaderCore.framework /Users/argus/Programming/pdf-reader/.build/xcode-derived-release/Build/Products/Release/PDFReader.app/Contents/Frameworks

ProcessInfoPlistFile /Users/argus/Programming/pdf-reader/.build/xcode-derived-release/Build/Products/Release/PDFReader.app/Contents/Info.plist /Users/argus/Programming/pdf-reader/.build/xcode-derived-release/Build/Intermediates.noindex/PDFReader.build/Release/PDFReaderApp.build/empty-PDFReader.plist (in target 'PDFReaderApp' from project 'PDFReader')
    cd /Users/argus/Programming/pdf-reader
    builtin-infoPlistUtility /Users/argus/Programming/pdf-reader/.build/xcode-derived-release/Build/Intermediates.noindex/PDFReader.build/Release/PDFReaderApp.build/empty-PDFReader.plist -producttype com.apple.product-type.application -genpkginfo /Users/argus/Programming/pdf-reader/.build/xcode-derived-release/Build/Products/Release/PDFReader.app/Contents/PkgInfo -expandbuildsettings -platform macosx -scanforprivacyfile /Users/argus/Programming/pdf-reader/.build/xcode-derived-release/Build/Products/Release/PDFReader.app/Contents/Frameworks/PDFReaderCore.framework -o /Users/argus/Programming/pdf-reader/.build/xcode-derived-release/Build/Products/Release/PDFReader.app/Contents/Info.plist

CopySwiftLibs /Users/argus/Programming/pdf-reader/.build/xcode-derived-release/Build/Products/Release/PDFReader.app (in target 'PDFReaderApp' from project 'PDFReader')
    cd /Users/argus/Programming/pdf-reader
    builtin-swiftStdLibTool --copy --verbose --scan-executable /Users/argus/Programming/pdf-reader/.build/xcode-derived-release/Build/Products/Release/PDFReader.app/Contents/MacOS/PDFReader --scan-folder /Users/argus/Programming/pdf-reader/.build/xcode-derived-release/Build/Products/Release/PDFReader.app/Contents/Frameworks --scan-folder /Users/argus/Programming/pdf-reader/.build/xcode-derived-release/Build/Products/Release/PDFReader.app/Contents/PlugIns --scan-folder /Users/argus/Programming/pdf-reader/.build/xcode-derived-release/Build/Products/Release/PDFReader.app/Contents/Library/SystemExtensions --scan-folder /Users/argus/Programming/pdf-reader/.build/xcode-derived-release/Build/Products/Release/PDFReader.app/Contents/Extensions --scan-folder /Users/argus/Programming/pdf-reader/.build/xcode-derived-release/Build/Products/Release/PDFReaderCore.framework --platform macosx --toolchain /Applications/Xcode.app/Contents/Developer/Toolchains/XcodeDefault.xctoolchain --destination /Users/argus/Programming/pdf-reader/.build/xcode-derived-release/Build/Products/Release/PDFReader.app/Contents/Frameworks --strip-bitcode --strip-bitcode-tool /Applications/Xcode.app/Contents/Developer/Toolchains/XcodeDefault.xctoolchain/usr/bin/bitcode_strip --emit-dependency-info /Users/argus/Programming/pdf-reader/.build/xcode-derived-release/Build/Intermediates.noindex/PDFReader.build/Release/PDFReaderApp.build/SwiftStdLibToolInputDependencies.dep --filter-for-swift-os --back-deploy-swift-span
Ignoring --strip-bitcode because --sign was not passed

ExtractAppIntentsMetadata (in target 'PDFReaderApp' from project 'PDFReader')
    cd /Users/argus/Programming/pdf-reader
    /Applications/Xcode.app/Contents/Developer/Toolchains/XcodeDefault.xctoolchain/usr/bin/appintentsmetadataprocessor --toolchain-dir /Applications/Xcode.app/Contents/Developer/Toolchains/XcodeDefault.xctoolchain --module-name PDFReaderApp --sdk-root /Applications/Xcode.app/Contents/Developer/Platforms/MacOSX.platform/Developer/SDKs/MacOSX26.5.sdk --xcode-version 17F113 --platform-family macOS --deployment-target 14.0 --bundle-identifier com.argus.pdfreader --output /Users/argus/Programming/pdf-reader/.build/xcode-derived-release/Build/Products/Release/PDFReader.app/Contents/Resources --target-triple arm64-apple-macos14.0 --target-triple x86_64-apple-macos14.0 --binary-file /Users/argus/Programming/pdf-reader/.build/xcode-derived-release/Build/Products/Release/PDFReader.app/Contents/MacOS/PDFReader --dependency-file /Users/argus/Programming/pdf-reader/.build/xcode-derived-release/Build/Intermediates.noindex/PDFReader.build/Release/PDFReaderApp.build/Objects-normal/arm64/PDFReader_dependency_info.dat --dependency-file /Users/argus/Programming/pdf-reader/.build/xcode-derived-release/Build/Intermediates.noindex/PDFReader.build/Release/PDFReaderApp.build/Objects-normal/x86_64/PDFReader_dependency_info.dat --stringsdata-file /Users/argus/Programming/pdf-reader/.build/xcode-derived-release/Build/Intermediates.noindex/PDFReader.build/Release/PDFReaderApp.build/Objects-normal/arm64/ExtractedAppShortcutsMetadata.stringsdata --stringsdata-file /Users/argus/Programming/pdf-reader/.build/xcode-derived-release/Build/Intermediates.noindex/PDFReader.build/Release/PDFReaderApp.build/Objects-normal/x86_64/ExtractedAppShortcutsMetadata.stringsdata --source-file-list /Users/argus/Programming/pdf-reader/.build/xcode-derived-release/Build/Intermediates.noindex/PDFReader.build/Release/PDFReaderApp.build/Objects-normal/arm64/PDFReader.SwiftFileList --source-file-list /Users/argus/Programming/pdf-reader/.build/xcode-derived-release/Build/Intermediates.noindex/PDFReader.build/Release/PDFReaderApp.build/Objects-normal/x86_64/PDFReader.SwiftFileList --metadata-file-list /Users/argus/Programming/pdf-reader/.build/xcode-derived-release/Build/Intermediates.noindex/PDFReader.build/Release/PDFReaderApp.build/PDFReader.DependencyMetadataFileList --static-metadata-file-list /Users/argus/Programming/pdf-reader/.build/xcode-derived-release/Build/Intermediates.noindex/PDFReader.build/Release/PDFReaderApp.build/PDFReader.DependencyStaticMetadataFileList --swift-const-vals-list /Users/argus/Programming/pdf-reader/.build/xcode-derived-release/Build/Intermediates.noindex/PDFReader.build/Release/PDFReaderApp.build/Objects-normal/arm64/PDFReader.SwiftConstValuesFileList --swift-const-vals-list /Users/argus/Programming/pdf-reader/.build/xcode-derived-release/Build/Intermediates.noindex/PDFReader.build/Release/PDFReaderApp.build/Objects-normal/x86_64/PDFReader.SwiftConstValuesFileList --compile-time-extraction --deployment-aware-processing --validate-assistant-intents --no-app-shortcuts-localization
2026-07-22 14:04:00.396 appintentsmetadataprocessor[26970:280346354] Starting appintentsmetadataprocessor export
2026-07-22 14:04:00.399 appintentsmetadataprocessor[26970:280346354] warning: Metadata extraction skipped. No AppIntents.framework dependency found.

GenerateDSYMFile /Users/argus/Programming/pdf-reader/.build/xcode-derived-release/Build/Products/Release/PDFReader.app.dSYM /Users/argus/Programming/pdf-reader/.build/xcode-derived-release/Build/Products/Release/PDFReader.app/Contents/MacOS/PDFReader (in target 'PDFReaderApp' from project 'PDFReader')
    cd /Users/argus/Programming/pdf-reader
    /Applications/Xcode.app/Contents/Developer/Toolchains/XcodeDefault.xctoolchain/usr/bin/dsymutil /Users/argus/Programming/pdf-reader/.build/xcode-derived-release/Build/Products/Release/PDFReader.app/Contents/MacOS/PDFReader -o /Users/argus/Programming/pdf-reader/.build/xcode-derived-release/Build/Products/Release/PDFReader.app.dSYM

RegisterExecutionPolicyException /Users/argus/Programming/pdf-reader/.build/xcode-derived-release/Build/Products/Release/PDFReader.app (in target 'PDFReaderApp' from project 'PDFReader')
    cd /Users/argus/Programming/pdf-reader
    builtin-RegisterExecutionPolicyException /Users/argus/Programming/pdf-reader/.build/xcode-derived-release/Build/Products/Release/PDFReader.app

Validate /Users/argus/Programming/pdf-reader/.build/xcode-derived-release/Build/Products/Release/PDFReader.app (in target 'PDFReaderApp' from project 'PDFReader')
    cd /Users/argus/Programming/pdf-reader
    builtin-validationUtility /Users/argus/Programming/pdf-reader/.build/xcode-derived-release/Build/Products/Release/PDFReader.app -no-validate-extension -infoplist-subpath Contents/Info.plist

Touch /Users/argus/Programming/pdf-reader/.build/xcode-derived-release/Build/Products/Release/PDFReader.app (in target 'PDFReaderApp' from project 'PDFReader')
    cd /Users/argus/Programming/pdf-reader
    /usr/bin/touch -c /Users/argus/Programming/pdf-reader/.build/xcode-derived-release/Build/Products/Release/PDFReader.app

RegisterWithLaunchServices /Users/argus/Programming/pdf-reader/.build/xcode-derived-release/Build/Products/Release/PDFReader.app (in target 'PDFReaderApp' from project 'PDFReader')
    cd /Users/argus/Programming/pdf-reader
    /System/Library/Frameworks/CoreServices.framework/Versions/Current/Frameworks/LaunchServices.framework/Versions/Current/Support/lsregister -f -R -trusted /Users/argus/Programming/pdf-reader/.build/xcode-derived-release/Build/Products/Release/PDFReader.app

** BUILD SUCCEEDED **

